[WARN] config 有廢棄鍵 ['num_samples']（程式碼不讀取，對模型無作用）
[INFO] seed=42 (random, numpy, torch, cuda)
Options: Namespace(config='configs/stage2_true_hyrsm_b4_tuple.yaml', dataset='hmdb', learning_rate=0.001, tasks_per_batch=16, checkpoint_dir='/home/ccwu/trx_data/checkpoints/rn50_amp_fp16_100k/hmdb_split3_20260922_104109', test_model_path=None, training_iterations=100020, resume_from_checkpoint=False, way=5, shot=1, query_per_class=5, query_per_class_test=1, test_iters=[25000, 50000, 75000, 100000], num_test_tasks=10000, print_freq=1000, seq_len=8, num_workers=10, method='resnet50', trans_linear_out_dim=1152, trans_linear_in_dim=2048, opt='sgd', trans_dropout=0.1, save_freq=5000, img_size=224, temp_set=[2], scratch='/home/ccwu/Documents/work/trx/trx_data', num_gpus=1, debug_loader=False, split=3, sch=[1000000], seed=42, grad_ckpt=True, ckpt_segments=8, ckpt_prefix=None, freeze_backbone=False, profile_memory=True, bn_fix_scope='covered', loss_csv=None, profile_time=False, ckpt_policy='full', amp='fp16', decouple_gate=True, decouple_mode='remove', intra_depth=1, matching='bidirectional', set_aggregation='pool', tau=0.1, num_samples=1, use_intra_relation=True, use_inter_relation=True, relation_level='tuple', inter_style='true_hyrsm', config_file='configs/stage2_true_hyrsm_b4_tuple.yaml', traintestlist='/home/ccwu/Documents/work/trx/trx_data/video_datasets/splits/hmdb_ARN', path='/home/ccwu/Documents/work/trx/trx_data/video_datasets/data/hmdb51_256q5.zip')

Checkpoint Directory: /home/ccwu/trx_data/checkpoints/rn50_amp_fp16_100k/hmdb_split3_20260922_104109

/home/ccwu/miniconda3/envs/trx/lib/python3.10/site-packages/torchvision/models/_utils.py:208: UserWarning: The parameter 'pretrained' is deprecated since 0.13 and may be removed in the future, please use 'weights' instead.
  warnings.warn(
/home/ccwu/miniconda3/envs/trx/lib/python3.10/site-packages/torchvision/models/_utils.py:223: UserWarning: Arguments other than a weight enum or `None` for 'weights' are deprecated since 0.13 and may be removed in the future. The current behavior is equivalent to passing `weights=ResNet50_Weights.IMAGENET1K_V1`. You can also use `weights=ResNet50_Weights.DEFAULT` to get the most up-to-date weights.
  warnings.warn(msg)
[INFO] set inplace=False on 17 ReLU modules in resnet
[INFO] TRXSetMatching (pairs-only) — 距離設定見下一行 [INFO]
[INFO] matching=bidirectional, set_aggregation=pool, tau=0.1, tuples_len=28, support_chunk=64
[INFO] TRXSetMatchingWithRelation: relation_level=tuple, use_intra=True, use_inter=True, intra_depth=1, inter_style=true_hyrsm, rel_dim=1152
[INFO] grad_ckpt on (bn_fix_scope=covered): adjusted momentum of 34 / 53 BN layers to 0.05132 (chain[:14] of 21)
loaded /home/ccwu/Documents/work/trx/trx_data/video_datasets/data/hmdb51_256q5.zip
train: 4269, test: 1276
[INFO] optimizer 收了 52.14 M 個可訓練參數
/home/ccwu/Documents/work/trx/run.py:186: FutureWarning: `torch.cuda.amp.GradScaler(args...)` is deprecated. Please use `torch.amp.GradScaler('cuda', args...)` instead.
  self.scaler = torch.cuda.amp.GradScaler(enabled=(getattr(self.args, "amp", "off") == "fp16"))
/home/ccwu/miniconda3/envs/trx/lib/python3.10/site-packages/torch/optim/lr_scheduler.py:224: UserWarning: Detected call of `lr_scheduler.step()` before `optimizer.step()`. In PyTorch 1.1.0 and later, you should call them in the opposite order: `optimizer.step()` before `lr_scheduler.step()`.  Failure to do this will result in PyTorch skipping the first value of the learning rate schedule. See more details at https://pytorch.org/docs/stable/optim.html#how-to-adjust-learning-rate
  warnings.warn(
[memsplit] iter    20  persist 0.547  bb 2.724  head 0.182  bwd_extra 0.768  peak 4.222
[memsplit] iter    40  persist 0.547  bb 2.724  head 0.182  bwd_extra 0.768  peak 4.222
[memsplit] iter    60  persist 0.547  bb 2.724  head 0.182  bwd_extra 0.768  peak 4.222
[memsplit] iter    80  persist 0.347  bb 2.727  head 0.181  bwd_extra 0.876  peak 4.131
[mem] iter    100 win_alloc 4.222 win_res 5.812 cur_res 5.812 retries 0
[memsplit] iter   100  persist 0.547  bb 2.724  head 0.182  bwd_extra 0.768  peak 4.222
[memsplit] iter   120  persist 0.547  bb 2.724  head 0.182  bwd_extra 0.768  peak 4.222
[memsplit] iter   140  persist 0.547  bb 2.724  head 0.182  bwd_extra 0.768  peak 4.222
[memsplit] iter   160  persist 0.347  bb 2.727  head 0.181  bwd_extra 0.876  peak 4.131
[memsplit] iter   180  persist 0.547  bb 2.724  head 0.182  bwd_extra 0.768  peak 4.222
[mem] iter    200 win_alloc 4.222 win_res 5.812 cur_res 5.812 retries 0
[memsplit] iter   200  persist 0.547  bb 2.724  head 0.182  bwd_extra 0.768  peak 4.222
[memsplit] iter   220  persist 0.547  bb 2.724  head 0.182  bwd_extra 0.768  peak 4.222
[memsplit] iter   240  persist 0.347  bb 2.727  head 0.181  bwd_extra 0.876  peak 4.131
[memsplit] iter   260  persist 0.547  bb 2.724  head 0.182  bwd_extra 0.768  peak 4.222
[memsplit] iter   280  persist 0.547  bb 2.724  head 0.182  bwd_extra 0.768  peak 4.222
[mem] iter    300 win_alloc 4.222 win_res 5.812 cur_res 5.812 retries 0
[memsplit] iter   300  persist 0.547  bb 2.724  head 0.182  bwd_extra 0.768  peak 4.222
[memsplit] iter   320  persist 0.348  bb 2.727  head 0.181  bwd_extra 0.876  peak 4.131
[memsplit] iter   340  persist 0.547  bb 2.724  head 0.182  bwd_extra 0.768  peak 4.222
[memsplit] iter   360  persist 0.547  bb 2.724  head 0.182  bwd_extra 0.768  peak 4.222
[memsplit] iter   380  persist 0.547  bb 2.724  head 0.182  bwd_extra 0.768  peak 4.222
[mem] iter    400 win_alloc 4.222 win_res 5.812 cur_res 5.812 retries 0
[memsplit] iter   400  persist 0.348  bb 2.727  head 0.181  bwd_extra 0.876  peak 4.131
[memsplit] iter   420  persist 0.547  bb 2.724  head 0.182  bwd_extra 0.768  peak 4.222
[memsplit] iter   440  persist 0.547  bb 2.724  head 0.182  bwd_extra 0.768  peak 4.222
[memsplit] iter   460  persist 0.547  bb 2.724  head 0.182  bwd_extra 0.768  peak 4.222
[memsplit] iter   480  persist 0.348  bb 2.727  head 0.181  bwd_extra 0.876  peak 4.131
[mem] iter    500 win_alloc 4.222 win_res 5.812 cur_res 5.812 retries 0
[memsplit] iter   500  persist 0.547  bb 2.724  head 0.182  bwd_extra 0.768  peak 4.222
[memsplit] iter   520  persist 0.547  bb 2.724  head 0.182  bwd_extra 0.768  peak 4.222
[memsplit] iter   540  persist 0.547  bb 2.724  head 0.182  bwd_extra 0.768  peak 4.222
[memsplit] iter   560  persist 0.348  bb 2.727  head 0.181  bwd_extra 0.876  peak 4.132
[memsplit] iter   580  persist 0.547  bb 2.724  head 0.182  bwd_extra 0.768  peak 4.222
[mem] iter    600 win_alloc 4.222 win_res 5.812 cur_res 5.812 retries 0
[memsplit] iter   600  persist 0.547  bb 2.724  head 0.182  bwd_extra 0.768  peak 4.222
[memsplit] iter   620  persist 0.548  bb 2.724  head 0.182  bwd_extra 0.768  peak 4.222
[memsplit] iter   640  persist 0.348  bb 2.727  head 0.181  bwd_extra 0.876  peak 4.132
[memsplit] iter   660  persist 0.548  bb 2.724  head 0.182  bwd_extra 0.768  peak 4.222
[memsplit] iter   680  persist 0.548  bb 2.724  head 0.182  bwd_extra 0.768  peak 4.222
[mem] iter    700 win_alloc 4.222 win_res 5.812 cur_res 5.812 retries 0
[memsplit] iter   700  persist 0.548  bb 2.724  head 0.182  bwd_extra 0.768  peak 4.222
[memsplit] iter   720  persist 0.348  bb 2.727  head 0.181  bwd_extra 0.876  peak 4.132
[memsplit] iter   740  persist 0.548  bb 2.724  head 0.182  bwd_extra 0.768  peak 4.222
[memsplit] iter   760  persist 0.548  bb 2.724  head 0.182  bwd_extra 0.768  peak 4.223
[memsplit] iter   780  persist 0.548  bb 2.724  head 0.182  bwd_extra 0.768  peak 4.223
[mem] iter    800 win_alloc 4.223 win_res 5.812 cur_res 5.812 retries 0
[memsplit] iter   800  persist 0.348  bb 2.727  head 0.181  bwd_extra 0.876  peak 4.132
[memsplit] iter   820  persist 0.548  bb 2.724  head 0.182  bwd_extra 0.768  peak 4.223
[memsplit] iter   840  persist 0.548  bb 2.724  head 0.182  bwd_extra 0.768  peak 4.223
[memsplit] iter   860  persist 0.548  bb 2.724  head 0.182  bwd_extra 0.768  peak 4.223
[memsplit] iter   880  persist 0.348  bb 2.727  head 0.181  bwd_extra 0.876  peak 4.132
[mem] iter    900 win_alloc 4.223 win_res 5.812 cur_res 5.812 retries 0
[memsplit] iter   900  persist 0.548  bb 2.724  head 0.182  bwd_extra 0.768  peak 4.223
[memsplit] iter   920  persist 0.548  bb 2.724  head 0.182  bwd_extra 0.768  peak 4.223
[memsplit] iter   940  persist 0.548  bb 2.724  head 0.182  bwd_extra 0.768  peak 4.223
[memsplit] iter   960  persist 0.348  bb 2.727  head 0.181  bwd_extra 0.876  peak 4.132
[memsplit] iter   980  persist 0.548  bb 2.724  head 0.182  bwd_extra 0.768  peak 4.223
[mem] iter   1000 win_alloc 4.223 win_res 5.814 cur_res 5.814 retries 0
Task [1000/100020], Train Loss: 1.9095136, Train Accuracy: 0.6795996
[memsplit] iter  1000  persist 0.547  bb 2.724  head 0.182  bwd_extra 0.768  peak 4.222
[memsplit] iter  1020  persist 0.547  bb 2.724  head 0.182  bwd_extra 0.768  peak 4.222
[memsplit] iter  1040  persist 0.347  bb 2.727  head 0.181  bwd_extra 0.876  peak 4.131
[memsplit] iter  1060  persist 0.547  bb 2.724  head 0.182  bwd_extra 0.768  peak 4.222
[memsplit] iter  1080  persist 0.547  bb 2.724  head 0.182  bwd_extra 0.768  peak 4.222
[mem] iter   1100 win_alloc 4.222 win_res 5.814 cur_res 5.814 retries 0
[memsplit] iter  1100  persist 0.547  bb 2.724  head 0.182  bwd_extra 0.768  peak 4.222
[memsplit] iter  1120  persist 0.347  bb 2.727  head 0.181  bwd_extra 0.876  peak 4.131
[memsplit] iter  1140  persist 0.547  bb 2.724  head 0.182  bwd_extra 0.768  peak 4.222
[memsplit] iter  1160  persist 0.547  bb 2.724  head 0.182  bwd_extra 0.768  peak 4.222
[memsplit] iter  1180  persist 0.547  bb 2.724  head 0.182  bwd_extra 0.768  peak 4.222
[mem] iter   1200 win_alloc 4.222 win_res 5.814 cur_res 5.814 retries 0
[memsplit] iter  1200  persist 0.347  bb 2.727  head 0.181  bwd_extra 0.876  peak 4.131
[memsplit] iter  1220  persist 0.547  bb 2.724  head 0.182  bwd_extra 0.768  peak 4.222
[memsplit] iter  1240  persist 0.547  bb 2.724  head 0.182  bwd_extra 0.768  peak 4.222
[memsplit] iter  1260  persist 0.547  bb 2.724  head 0.182  bwd_extra 0.768  peak 4.222
[memsplit] iter  1280  persist 0.348  bb 2.727  head 0.181  bwd_extra 0.876  peak 4.131
[mem] iter   1300 win_alloc 4.222 win_res 5.814 cur_res 5.814 retries 0
[memsplit] iter  1300  persist 0.547  bb 2.724  head 0.182  bwd_extra 0.768  peak 4.222
[memsplit] iter  1320  persist 0.547  bb 2.724  head 0.182  bwd_extra 0.768  peak 4.222
[memsplit] iter  1340  persist 0.547  bb 2.724  head 0.182  bwd_extra 0.768  peak 4.222
[memsplit] iter  1360  persist 0.348  bb 2.727  head 0.181  bwd_extra 0.876  peak 4.131
[memsplit] iter  1380  persist 0.547  bb 2.724  head 0.182  bwd_extra 0.768  peak 4.222
[mem] iter   1400 win_alloc 4.222 win_res 5.814 cur_res 5.814 retries 0
[memsplit] iter  1400  persist 0.547  bb 2.724  head 0.182  bwd_extra 0.768  peak 4.222
[memsplit] iter  1420  persist 0.547  bb 2.724  head 0.182  bwd_extra 0.768  peak 4.222
[memsplit] iter  1440  persist 0.348  bb 2.727  head 0.181  bwd_extra 0.876  peak 4.131
[memsplit] iter  1460  persist 0.547  bb 2.724  head 0.182  bwd_extra 0.768  peak 4.222
[memsplit] iter  1480  persist 0.547  bb 2.724  head 0.182  bwd_extra 0.768  peak 4.222
[mem] iter   1500 win_alloc 4.222 win_res 5.814 cur_res 5.814 retries 0
[memsplit] iter  1500  persist 0.547  bb 2.724  head 0.182  bwd_extra 0.768  peak 4.222
[memsplit] iter  1520  persist 0.348  bb 2.727  head 0.181  bwd_extra 0.876  peak 4.131
[memsplit] iter  1540  persist 0.547  bb 2.724  head 0.182  bwd_extra 0.768  peak 4.222
[memsplit] iter  1560  persist 0.547  bb 2.724  head 0.182  bwd_extra 0.768  peak 4.222
[memsplit] iter  1580  persist 0.547  bb 2.724  head 0.182  bwd_extra 0.768  peak 4.222
[mem] iter   1600 win_alloc 4.222 win_res 5.814 cur_res 5.814 retries 0
[memsplit] iter  1600  persist 0.348  bb 2.727  head 0.181  bwd_extra 0.876  peak 4.132
[memsplit] iter  1620  persist 0.548  bb 2.724  head 0.182  bwd_extra 0.768  peak 4.222
[memsplit] iter  1640  persist 0.548  bb 2.724  head 0.182  bwd_extra 0.768  peak 4.222
[memsplit] iter  1660  persist 0.548  bb 2.724  head 0.182  bwd_extra 0.768  peak 4.222
[memsplit] iter  1680  persist 0.348  bb 2.727  head 0.181  bwd_extra 0.876  peak 4.132
[mem] iter   1700 win_alloc 4.222 win_res 5.814 cur_res 5.814 retries 0
[memsplit] iter  1700  persist 0.548  bb 2.724  head 0.182  bwd_extra 0.768  peak 4.222
[memsplit] iter  1720  persist 0.548  bb 2.724  head 0.182  bwd_extra 0.768  peak 4.222
[memsplit] iter  1740  persist 0.548  bb 2.724  head 0.182  bwd_extra 0.768  peak 4.222
[memsplit] iter  1760  persist 0.348  bb 2.727  head 0.181  bwd_extra 0.876  peak 4.132
[memsplit] iter  1780  persist 0.548  bb 2.724  head 0.182  bwd_extra 0.768  peak 4.223
[mem] iter   1800 win_alloc 4.223 win_res 5.814 cur_res 5.814 retries 0
[memsplit] iter  1800  persist 0.548  bb 2.724  head 0.182  bwd_extra 0.768  peak 4.223
[memsplit] iter  1820  persist 0.548  bb 2.724  head 0.182  bwd_extra 0.768  peak 4.223
[memsplit] iter  1840  persist 0.348  bb 2.727  head 0.181  bwd_extra 0.876  peak 4.132
[memsplit] iter  1860  persist 0.548  bb 2.724  head 0.182  bwd_extra 0.768  peak 4.223
[memsplit] iter  1880  persist 0.548  bb 2.724  head 0.182  bwd_extra 0.768  peak 4.223
[mem] iter   1900 win_alloc 4.223 win_res 5.814 cur_res 5.814 retries 0
[memsplit] iter  1900  persist 0.548  bb 2.724  head 0.182  bwd_extra 0.768  peak 4.223
[memsplit] iter  1920  persist 0.348  bb 2.727  head 0.181  bwd_extra 0.876  peak 4.132
[memsplit] iter  1940  persist 0.548  bb 2.724  head 0.182  bwd_extra 0.768  peak 4.223
[memsplit] iter  1960  persist 0.548  bb 2.724  head 0.182  bwd_extra 0.768  peak 4.223
[memsplit] iter  1980  persist 0.548  bb 2.724  head 0.182  bwd_extra 0.768  peak 4.223
[mem] iter   2000 win_alloc 4.223 win_res 5.814 cur_res 5.814 retries 0
Task [2000/100020], Train Loss: 0.6994600, Train Accuracy: 0.8272800
[memsplit] iter  2000  persist 0.347  bb 2.727  head 0.181  bwd_extra 0.876  peak 4.131
[memsplit] iter  2020  persist 0.547  bb 2.724  head 0.182  bwd_extra 0.768  peak 4.222
[memsplit] iter  2040  persist 0.547  bb 2.724  head 0.182  bwd_extra 0.768  peak 4.222
[memsplit] iter  2060  persist 0.547  bb 2.724  head 0.182  bwd_extra 0.768  peak 4.222
[memsplit] iter  2080  persist 0.347  bb 2.727  head 0.181  bwd_extra 0.876  peak 4.131
[mem] iter   2100 win_alloc 4.222 win_res 5.814 cur_res 5.814 retries 0
[memsplit] iter  2100  persist 0.547  bb 2.724  head 0.182  bwd_extra 0.768  peak 4.222
[memsplit] iter  2120  persist 0.547  bb 2.724  head 0.182  bwd_extra 0.768  peak 4.222
[memsplit] iter  2140  persist 0.547  bb 2.724  head 0.182  bwd_extra 0.768  peak 4.222
[memsplit] iter  2160  persist 0.347  bb 2.727  head 0.181  bwd_extra 0.876  peak 4.131
[memsplit] iter  2180  persist 0.547  bb 2.724  head 0.182  bwd_extra 0.768  peak 4.222
[mem] iter   2200 win_alloc 4.222 win_res 5.814 cur_res 5.814 retries 0
[memsplit] iter  2200  persist 0.547  bb 2.724  head 0.182  bwd_extra 0.768  peak 4.222
[memsplit] iter  2220  persist 0.547  bb 2.724  head 0.182  bwd_extra 0.768  peak 4.222
[memsplit] iter  2240  persist 0.347  bb 2.727  head 0.181  bwd_extra 0.876  peak 4.131
[memsplit] iter  2260  persist 0.547  bb 2.724  head 0.182  bwd_extra 0.768  peak 4.222
[memsplit] iter  2280  persist 0.547  bb 2.724  head 0.182  bwd_extra 0.768  peak 4.222
[mem] iter   2300 win_alloc 4.222 win_res 5.814 cur_res 5.814 retries 0
[memsplit] iter  2300  persist 0.547  bb 2.724  head 0.182  bwd_extra 0.768  peak 4.222
[memsplit] iter  2320  persist 0.348  bb 2.727  head 0.181  bwd_extra 0.876  peak 4.131
[memsplit] iter  2340  persist 0.547  bb 2.724  head 0.182  bwd_extra 0.768  peak 4.222
[memsplit] iter  2360  persist 0.547  bb 2.724  head 0.182  bwd_extra 0.768  peak 4.222
[memsplit] iter  2380  persist 0.547  bb 2.724  head 0.182  bwd_extra 0.768  peak 4.222
[mem] iter   2400 win_alloc 4.222 win_res 5.814 cur_res 5.814 retries 0
[memsplit] iter  2400  persist 0.348  bb 2.727  head 0.181  bwd_extra 0.876  peak 4.131
[memsplit] iter  2420  persist 0.547  bb 2.724  head 0.182  bwd_extra 0.768  peak 4.222
[memsplit] iter  2440  persist 0.547  bb 2.724  head 0.182  bwd_extra 0.768  peak 4.222
[memsplit] iter  2460  persist 0.547  bb 2.724  head 0.182  bwd_extra 0.768  peak 4.222
[memsplit] iter  2480  persist 0.348  bb 2.727  head 0.181  bwd_extra 0.876  peak 4.131
[mem] iter   2500 win_alloc 4.222 win_res 5.814 cur_res 5.814 retries 0
[memsplit] iter  2500  persist 0.547  bb 2.724  head 0.182  bwd_extra 0.768  peak 4.222
[memsplit] iter  2520  persist 0.547  bb 2.724  head 0.182  bwd_extra 0.768  peak 4.222
[memsplit] iter  2540  persist 0.547  bb 2.724  head 0.182  bwd_extra 0.768  peak 4.222
[memsplit] iter  2560  persist 0.348  bb 2.727  head 0.181  bwd_extra 0.876  peak 4.132
[memsplit] iter  2580  persist 0.547  bb 2.724  head 0.182  bwd_extra 0.768  peak 4.222
[mem] iter   2600 win_alloc 4.222 win_res 5.814 cur_res 5.814 retries 0
[memsplit] iter  2600  persist 0.547  bb 2.724  head 0.182  bwd_extra 0.768  peak 4.222
[memsplit] iter  2620  persist 0.548  bb 2.724  head 0.182  bwd_extra 0.768  peak 4.222
[memsplit] iter  2640  persist 0.348  bb 2.727  head 0.181  bwd_extra 0.876  peak 4.132
[memsplit] iter  2660  persist 0.548  bb 2.724  head 0.182  bwd_extra 0.768  peak 4.222
[memsplit] iter  2680  persist 0.548  bb 2.724  head 0.182  bwd_extra 0.768  peak 4.222
[mem] iter   2700 win_alloc 4.222 win_res 5.814 cur_res 5.814 retries 0
[memsplit] iter  2700  persist 0.548  bb 2.724  head 0.182  bwd_extra 0.768  peak 4.222
[memsplit] iter  2720  persist 0.348  bb 2.727  head 0.181  bwd_extra 0.876  peak 4.132
[memsplit] iter  2740  persist 0.548  bb 2.724  head 0.182  bwd_extra 0.768  peak 4.222
[memsplit] iter  2760  persist 0.548  bb 2.724  head 0.182  bwd_extra 0.768  peak 4.223
[memsplit] iter  2780  persist 0.548  bb 2.724  head 0.182  bwd_extra 0.768  peak 4.223
[mem] iter   2800 win_alloc 4.223 win_res 5.814 cur_res 5.814 retries 0
[memsplit] iter  2800  persist 0.348  bb 2.727  head 0.181  bwd_extra 0.876  peak 4.132
[memsplit] iter  2820  persist 0.548  bb 2.724  head 0.182  bwd_extra 0.768  peak 4.223
[memsplit] iter  2840  persist 0.548  bb 2.724  head 0.182  bwd_extra 0.768  peak 4.223
[memsplit] iter  2860  persist 0.548  bb 2.724  head 0.182  bwd_extra 0.768  peak 4.223
[memsplit] iter  2880  persist 0.348  bb 2.727  head 0.181  bwd_extra 0.876  peak 4.132
[mem] iter   2900 win_alloc 4.223 win_res 5.814 cur_res 5.814 retries 0
[memsplit] iter  2900  persist 0.548  bb 2.724  head 0.182  bwd_extra 0.768  peak 4.223
[memsplit] iter  2920  persist 0.548  bb 2.724  head 0.182  bwd_extra 0.768  peak 4.223
[memsplit] iter  2940  persist 0.548  bb 2.724  head 0.182  bwd_extra 0.768  peak 4.223
[memsplit] iter  2960  persist 0.348  bb 2.727  head 0.181  bwd_extra 0.876  peak 4.132
[memsplit] iter  2980  persist 0.548  bb 2.724  head 0.182  bwd_extra 0.768  peak 4.223
[mem] iter   3000 win_alloc 4.223 win_res 5.814 cur_res 5.814 retries 0
Task [3000/100020], Train Loss: 0.5107710, Train Accuracy: 0.8717200
[memsplit] iter  3000  persist 0.547  bb 2.724  head 0.182  bwd_extra 0.768  peak 4.222
[memsplit] iter  3020  persist 0.547  bb 2.724  head 0.182  bwd_extra 0.768  peak 4.222
[memsplit] iter  3040  persist 0.347  bb 2.727  head 0.181  bwd_extra 0.876  peak 4.131
[memsplit] iter  3060  persist 0.547  bb 2.724  head 0.182  bwd_extra 0.768  peak 4.222
[memsplit] iter  3080  persist 0.547  bb 2.724  head 0.182  bwd_extra 0.768  peak 4.222
[mem] iter   3100 win_alloc 4.222 win_res 5.814 cur_res 5.814 retries 0
[memsplit] iter  3100  persist 0.547  bb 2.724  head 0.182  bwd_extra 0.768  peak 4.222
[memsplit] iter  3120  persist 0.347  bb 2.727  head 0.181  bwd_extra 0.876  peak 4.131
[memsplit] iter  3140  persist 0.547  bb 2.724  head 0.182  bwd_extra 0.768  peak 4.222
[memsplit] iter  3160  persist 0.547  bb 2.724  head 0.182  bwd_extra 0.768  peak 4.222
[memsplit] iter  3180  persist 0.547  bb 2.724  head 0.182  bwd_extra 0.768  peak 4.222
[mem] iter   3200 win_alloc 4.222 win_res 5.814 cur_res 5.814 retries 0
[memsplit] iter  3200  persist 0.347  bb 2.727  head 0.181  bwd_extra 0.876  peak 4.131
[memsplit] iter  3220  persist 0.547  bb 2.724  head 0.182  bwd_extra 0.768  peak 4.222
[memsplit] iter  3240  persist 0.547  bb 2.724  head 0.182  bwd_extra 0.768  peak 4.222
[memsplit] iter  3260  persist 0.547  bb 2.724  head 0.182  bwd_extra 0.768  peak 4.222
[memsplit] iter  3280  persist 0.348  bb 2.727  head 0.181  bwd_extra 0.876  peak 4.131
[mem] iter   3300 win_alloc 4.222 win_res 5.814 cur_res 5.814 retries 0
[memsplit] iter  3300  persist 0.547  bb 2.724  head 0.182  bwd_extra 0.768  peak 4.222
[memsplit] iter  3320  persist 0.547  bb 2.724  head 0.182  bwd_extra 0.768  peak 4.222
[memsplit] iter  3340  persist 0.547  bb 2.724  head 0.182  bwd_extra 0.768  peak 4.222
[memsplit] iter  3360  persist 0.348  bb 2.727  head 0.181  bwd_extra 0.876  peak 4.131
[memsplit] iter  3380  persist 0.547  bb 2.724  head 0.182  bwd_extra 0.768  peak 4.222
[mem] iter   3400 win_alloc 4.222 win_res 5.814 cur_res 5.814 retries 0
[memsplit] iter  3400  persist 0.547  bb 2.724  head 0.182  bwd_extra 0.768  peak 4.222
[memsplit] iter  3420  persist 0.547  bb 2.724  head 0.182  bwd_extra 0.768  peak 4.222
[memsplit] iter  3440  persist 0.348  bb 2.727  head 0.181  bwd_extra 0.876  peak 4.131
[memsplit] iter  3460  persist 0.547  bb 2.724  head 0.182  bwd_extra 0.768  peak 4.222
[memsplit] iter  3480  persist 0.547  bb 2.724  head 0.182  bwd_extra 0.768  peak 4.222
[mem] iter   3500 win_alloc 4.222 win_res 5.814 cur_res 5.814 retries 0
[memsplit] iter  3500  persist 0.547  bb 2.724  head 0.182  bwd_extra 0.768  peak 4.222
[memsplit] iter  3520  persist 0.348  bb 2.727  head 0.181  bwd_extra 0.876  peak 4.131
[memsplit] iter  3540  persist 0.547  bb 2.724  head 0.182  bwd_extra 0.768  peak 4.222
[memsplit] iter  3560  persist 0.547  bb 2.724  head 0.182  bwd_extra 0.768  peak 4.222
[memsplit] iter  3580  persist 0.547  bb 2.724  head 0.182  bwd_extra 0.768  peak 4.222
[mem] iter   3600 win_alloc 4.222 win_res 5.814 cur_res 5.814 retries 0
[memsplit] iter  3600  persist 0.348  bb 2.727  head 0.181  bwd_extra 0.876  peak 4.132
[memsplit] iter  3620  persist 0.548  bb 2.724  head 0.182  bwd_extra 0.768  peak 4.222
[memsplit] iter  3640  persist 0.548  bb 2.724  head 0.182  bwd_extra 0.768  peak 4.222
[memsplit] iter  3660  persist 0.548  bb 2.724  head 0.182  bwd_extra 0.768  peak 4.222
[memsplit] iter  3680  persist 0.348  bb 2.727  head 0.181  bwd_extra 0.876  peak 4.132
[mem] iter   3700 win_alloc 4.222 win_res 5.814 cur_res 5.814 retries 0
[memsplit] iter  3700  persist 0.548  bb 2.724  head 0.182  bwd_extra 0.768  peak 4.222
[memsplit] iter  3720  persist 0.548  bb 2.724  head 0.182  bwd_extra 0.768  peak 4.222
[memsplit] iter  3740  persist 0.548  bb 2.724  head 0.182  bwd_extra 0.768  peak 4.222
[memsplit] iter  3760  persist 0.348  bb 2.727  head 0.181  bwd_extra 0.876  peak 4.132
[memsplit] iter  3780  persist 0.548  bb 2.724  head 0.182  bwd_extra 0.768  peak 4.223
[mem] iter   3800 win_alloc 4.223 win_res 5.814 cur_res 5.814 retries 0
[memsplit] iter  3800  persist 0.548  bb 2.724  head 0.182  bwd_extra 0.768  peak 4.223
[memsplit] iter  3820  persist 0.548  bb 2.724  head 0.182  bwd_extra 0.768  peak 4.223
[memsplit] iter  3840  persist 0.348  bb 2.727  head 0.181  bwd_extra 0.876  peak 4.132
[memsplit] iter  3860  persist 0.548  bb 2.724  head 0.182  bwd_extra 0.768  peak 4.223
[memsplit] iter  3880  persist 0.548  bb 2.724  head 0.182  bwd_extra 0.768  peak 4.223
[mem] iter   3900 win_alloc 4.223 win_res 5.814 cur_res 5.814 retries 0
[memsplit] iter  3900  persist 0.548  bb 2.724  head 0.182  bwd_extra 0.768  peak 4.223
[memsplit] iter  3920  persist 0.348  bb 2.727  head 0.181  bwd_extra 0.876  peak 4.132
[memsplit] iter  3940  persist 0.548  bb 2.724  head 0.182  bwd_extra 0.768  peak 4.223
[memsplit] iter  3960  persist 0.548  bb 2.724  head 0.182  bwd_extra 0.768  peak 4.223
[memsplit] iter  3980  persist 0.548  bb 2.724  head 0.182  bwd_extra 0.768  peak 4.223
[mem] iter   4000 win_alloc 4.223 win_res 5.814 cur_res 5.814 retries 0
Task [4000/100020], Train Loss: 0.4040584, Train Accuracy: 0.9000800
[memsplit] iter  4000  persist 0.347  bb 2.727  head 0.181  bwd_extra 0.876  peak 4.131
[memsplit] iter  4020  persist 0.547  bb 2.724  head 0.182  bwd_extra 0.768  peak 4.222
[memsplit] iter  4040  persist 0.547  bb 2.724  head 0.182  bwd_extra 0.768  peak 4.222
[memsplit] iter  4060  persist 0.547  bb 2.724  head 0.182  bwd_extra 0.768  peak 4.222
[memsplit] iter  4080  persist 0.347  bb 2.727  head 0.181  bwd_extra 0.876  peak 4.131
[mem] iter   4100 win_alloc 4.222 win_res 5.814 cur_res 5.814 retries 0
[memsplit] iter  4100  persist 0.547  bb 2.724  head 0.182  bwd_extra 0.768  peak 4.222
[memsplit] iter  4120  persist 0.547  bb 2.724  head 0.182  bwd_extra 0.768  peak 4.222
[memsplit] iter  4140  persist 0.547  bb 2.724  head 0.182  bwd_extra 0.768  peak 4.222
[memsplit] iter  4160  persist 0.347  bb 2.727  head 0.181  bwd_extra 0.876  peak 4.131
[memsplit] iter  4180  persist 0.547  bb 2.724  head 0.182  bwd_extra 0.768  peak 4.222
[mem] iter   4200 win_alloc 4.222 win_res 5.814 cur_res 5.814 retries 0
[memsplit] iter  4200  persist 0.547  bb 2.724  head 0.182  bwd_extra 0.768  peak 4.222
[memsplit] iter  4220  persist 0.547  bb 2.724  head 0.182  bwd_extra 0.768  peak 4.222
[memsplit] iter  4240  persist 0.347  bb 2.727  head 0.181  bwd_extra 0.876  peak 4.131
[memsplit] iter  4260  persist 0.547  bb 2.724  head 0.182  bwd_extra 0.768  peak 4.222
[memsplit] iter  4280  persist 0.547  bb 2.724  head 0.182  bwd_extra 0.768  peak 4.222
[mem] iter   4300 win_alloc 4.222 win_res 5.814 cur_res 5.814 retries 0
[memsplit] iter  4300  persist 0.547  bb 2.724  head 0.182  bwd_extra 0.768  peak 4.222
[memsplit] iter  4320  persist 0.348  bb 2.727  head 0.181  bwd_extra 0.876  peak 4.131
[memsplit] iter  4340  persist 0.547  bb 2.724  head 0.182  bwd_extra 0.768  peak 4.222
[memsplit] iter  4360  persist 0.547  bb 2.724  head 0.182  bwd_extra 0.768  peak 4.222
[memsplit] iter  4380  persist 0.547  bb 2.724  head 0.182  bwd_extra 0.768  peak 4.222
[mem] iter   4400 win_alloc 4.222 win_res 5.814 cur_res 5.814 retries 0
[memsplit] iter  4400  persist 0.348  bb 2.727  head 0.181  bwd_extra 0.876  peak 4.131
[memsplit] iter  4420  persist 0.547  bb 2.724  head 0.182  bwd_extra 0.768  peak 4.222
[memsplit] iter  4440  persist 0.547  bb 2.724  head 0.182  bwd_extra 0.768  peak 4.222
[memsplit] iter  4460  persist 0.547  bb 2.724  head 0.182  bwd_extra 0.768  peak 4.222
[memsplit] iter  4480  persist 0.348  bb 2.727  head 0.181  bwd_extra 0.876  peak 4.131
[mem] iter   4500 win_alloc 4.222 win_res 5.814 cur_res 5.814 retries 0
[memsplit] iter  4500  persist 0.547  bb 2.724  head 0.182  bwd_extra 0.768  peak 4.222
[memsplit] iter  4520  persist 0.547  bb 2.724  head 0.182  bwd_extra 0.768  peak 4.222
[memsplit] iter  4540  persist 0.547  bb 2.724  head 0.182  bwd_extra 0.768  peak 4.222
[memsplit] iter  4560  persist 0.348  bb 2.727  head 0.181  bwd_extra 0.876  peak 4.132
[memsplit] iter  4580  persist 0.547  bb 2.724  head 0.182  bwd_extra 0.768  peak 4.222
[mem] iter   4600 win_alloc 4.222 win_res 5.814 cur_res 5.814 retries 0
[memsplit] iter  4600  persist 0.547  bb 2.724  head 0.182  bwd_extra 0.768  peak 4.222
[memsplit] iter  4620  persist 0.548  bb 2.724  head 0.182  bwd_extra 0.768  peak 4.222
[memsplit] iter  4640  persist 0.348  bb 2.727  head 0.181  bwd_extra 0.876  peak 4.132
[memsplit] iter  4660  persist 0.548  bb 2.724  head 0.182  bwd_extra 0.768  peak 4.222
[memsplit] iter  4680  persist 0.548  bb 2.724  head 0.182  bwd_extra 0.768  peak 4.222
[mem] iter   4700 win_alloc 4.222 win_res 5.814 cur_res 5.814 retries 0
[memsplit] iter  4700  persist 0.548  bb 2.724  head 0.182  bwd_extra 0.768  peak 4.222
[memsplit] iter  4720  persist 0.348  bb 2.727  head 0.181  bwd_extra 0.876  peak 4.132
[memsplit] iter  4740  persist 0.548  bb 2.724  head 0.182  bwd_extra 0.768  peak 4.222
[memsplit] iter  4760  persist 0.548  bb 2.724  head 0.182  bwd_extra 0.768  peak 4.223
[memsplit] iter  4780  persist 0.548  bb 2.724  head 0.182  bwd_extra 0.768  peak 4.223
[mem] iter   4800 win_alloc 4.223 win_res 5.814 cur_res 5.814 retries 0
[memsplit] iter  4800  persist 0.348  bb 2.727  head 0.181  bwd_extra 0.876  peak 4.132
[memsplit] iter  4820  persist 0.548  bb 2.724  head 0.182  bwd_extra 0.768  peak 4.223
[memsplit] iter  4840  persist 0.548  bb 2.724  head 0.182  bwd_extra 0.768  peak 4.223
[memsplit] iter  4860  persist 0.548  bb 2.724  head 0.182  bwd_extra 0.768  peak 4.223
[memsplit] iter  4880  persist 0.348  bb 2.727  head 0.181  bwd_extra 0.876  peak 4.132
[mem] iter   4900 win_alloc 4.223 win_res 5.814 cur_res 5.814 retries 0
[memsplit] iter  4900  persist 0.548  bb 2.724  head 0.182  bwd_extra 0.768  peak 4.223
[memsplit] iter  4920  persist 0.548  bb 2.724  head 0.182  bwd_extra 0.768  peak 4.223
[memsplit] iter  4940  persist 0.548  bb 2.724  head 0.182  bwd_extra 0.768  peak 4.223
[memsplit] iter  4960  persist 0.348  bb 2.727  head 0.181  bwd_extra 0.876  peak 4.132
[memsplit] iter  4980  persist 0.548  bb 2.724  head 0.182  bwd_extra 0.768  peak 4.223
[mem] iter   5000 win_alloc 4.223 win_res 5.814 cur_res 5.814 retries 0
Task [5000/100020], Train Loss: 0.3266861, Train Accuracy: 0.9172800
[memsplit] iter  5000  persist 0.547  bb 2.724  head 0.182  bwd_extra 0.768  peak 4.222
[memsplit] iter  5020  persist 0.547  bb 2.724  head 0.182  bwd_extra 0.768  peak 4.222
[memsplit] iter  5040  persist 0.347  bb 2.727  head 0.181  bwd_extra 0.876  peak 4.131
[memsplit] iter  5060  persist 0.547  bb 2.724  head 0.182  bwd_extra 0.768  peak 4.222
[memsplit] iter  5080  persist 0.547  bb 2.724  head 0.182  bwd_extra 0.768  peak 4.222
[mem] iter   5100 win_alloc 4.222 win_res 5.814 cur_res 5.814 retries 0
[memsplit] iter  5100  persist 0.547  bb 2.724  head 0.182  bwd_extra 0.768  peak 4.222
[memsplit] iter  5120  persist 0.347  bb 2.727  head 0.181  bwd_extra 0.876  peak 4.131
[memsplit] iter  5140  persist 0.547  bb 2.724  head 0.182  bwd_extra 0.768  peak 4.222
[memsplit] iter  5160  persist 0.547  bb 2.724  head 0.182  bwd_extra 0.768  peak 4.222
[memsplit] iter  5180  persist 0.547  bb 2.724  head 0.182  bwd_extra 0.768  peak 4.222
[mem] iter   5200 win_alloc 4.222 win_res 5.814 cur_res 5.814 retries 0
[memsplit] iter  5200  persist 0.347  bb 2.727  head 0.181  bwd_extra 0.876  peak 4.131
[memsplit] iter  5220  persist 0.547  bb 2.724  head 0.182  bwd_extra 0.768  peak 4.222
[memsplit] iter  5240  persist 0.547  bb 2.724  head 0.182  bwd_extra 0.768  peak 4.222
[memsplit] iter  5260  persist 0.547  bb 2.724  head 0.182  bwd_extra 0.768  peak 4.222
[memsplit] iter  5280  persist 0.348  bb 2.727  head 0.181  bwd_extra 0.876  peak 4.131
[mem] iter   5300 win_alloc 4.222 win_res 5.814 cur_res 5.814 retries 0
[memsplit] iter  5300  persist 0.547  bb 2.724  head 0.182  bwd_extra 0.768  peak 4.222
[memsplit] iter  5320  persist 0.547  bb 2.724  head 0.182  bwd_extra 0.768  peak 4.222
[memsplit] iter  5340  persist 0.547  bb 2.724  head 0.182  bwd_extra 0.768  peak 4.222
[memsplit] iter  5360  persist 0.348  bb 2.727  head 0.181  bwd_extra 0.876  peak 4.131
[memsplit] iter  5380  persist 0.547  bb 2.724  head 0.182  bwd_extra 0.768  peak 4.222
[mem] iter   5400 win_alloc 4.222 win_res 5.814 cur_res 5.814 retries 0
[memsplit] iter  5400  persist 0.547  bb 2.724  head 0.182  bwd_extra 0.768  peak 4.222
[memsplit] iter  5420  persist 0.547  bb 2.724  head 0.182  bwd_extra 0.768  peak 4.222
[memsplit] iter  5440  persist 0.348  bb 2.727  head 0.181  bwd_extra 0.876  peak 4.131
[memsplit] iter  5460  persist 0.547  bb 2.724  head 0.182  bwd_extra 0.768  peak 4.222
[memsplit] iter  5480  persist 0.547  bb 2.724  head 0.182  bwd_extra 0.768  peak 4.222
[mem] iter   5500 win_alloc 4.222 win_res 5.814 cur_res 5.814 retries 0
[memsplit] iter  5500  persist 0.547  bb 2.724  head 0.182  bwd_extra 0.768  peak 4.222
[memsplit] iter  5520  persist 0.348  bb 2.727  head 0.181  bwd_extra 0.876  peak 4.131
[memsplit] iter  5540  persist 0.547  bb 2.724  head 0.182  bwd_extra 0.768  peak 4.222
[memsplit] iter  5560  persist 0.547  bb 2.724  head 0.182  bwd_extra 0.768  peak 4.222
[memsplit] iter  5580  persist 0.547  bb 2.724  head 0.182  bwd_extra 0.768  peak 4.222
[mem] iter   5600 win_alloc 4.222 win_res 5.814 cur_res 5.814 retries 0
[memsplit] iter  5600  persist 0.348  bb 2.727  head 0.181  bwd_extra 0.876  peak 4.132
[memsplit] iter  5620  persist 0.548  bb 2.724  head 0.182  bwd_extra 0.768  peak 4.222
[memsplit] iter  5640  persist 0.548  bb 2.724  head 0.182  bwd_extra 0.768  peak 4.222
[memsplit] iter  5660  persist 0.548  bb 2.724  head 0.182  bwd_extra 0.768  peak 4.222
[memsplit] iter  5680  persist 0.348  bb 2.727  head 0.181  bwd_extra 0.876  peak 4.132
[mem] iter   5700 win_alloc 4.222 win_res 5.814 cur_res 5.814 retries 0
[memsplit] iter  5700  persist 0.548  bb 2.724  head 0.182  bwd_extra 0.768  peak 4.222
[memsplit] iter  5720  persist 0.548  bb 2.724  head 0.182  bwd_extra 0.768  peak 4.222
[memsplit] iter  5740  persist 0.548  bb 2.724  head 0.182  bwd_extra 0.768  peak 4.222
[memsplit] iter  5760  persist 0.348  bb 2.727  head 0.181  bwd_extra 0.876  peak 4.132
[memsplit] iter  5780  persist 0.548  bb 2.724  head 0.182  bwd_extra 0.768  peak 4.223
[mem] iter   5800 win_alloc 4.223 win_res 5.814 cur_res 5.814 retries 0
[memsplit] iter  5800  persist 0.548  bb 2.724  head 0.182  bwd_extra 0.768  peak 4.223
[memsplit] iter  5820  persist 0.548  bb 2.724  head 0.182  bwd_extra 0.768  peak 4.223
[memsplit] iter  5840  persist 0.348  bb 2.727  head 0.181  bwd_extra 0.876  peak 4.132
[memsplit] iter  5860  persist 0.548  bb 2.724  head 0.182  bwd_extra 0.768  peak 4.223
[memsplit] iter  5880  persist 0.548  bb 2.724  head 0.182  bwd_extra 0.768  peak 4.223
[mem] iter   5900 win_alloc 4.223 win_res 5.814 cur_res 5.814 retries 0
[memsplit] iter  5900  persist 0.548  bb 2.724  head 0.182  bwd_extra 0.768  peak 4.223
[memsplit] iter  5920  persist 0.348  bb 2.727  head 0.181  bwd_extra 0.876  peak 4.132
[memsplit] iter  5940  persist 0.548  bb 2.724  head 0.182  bwd_extra 0.768  peak 4.223
[memsplit] iter  5960  persist 0.548  bb 2.724  head 0.182  bwd_extra 0.768  peak 4.223
[memsplit] iter  5980  persist 0.548  bb 2.724  head 0.182  bwd_extra 0.768  peak 4.223
[mem] iter   6000 win_alloc 4.223 win_res 5.814 cur_res 5.814 retries 0
Task [6000/100020], Train Loss: 0.2595939, Train Accuracy: 0.9359600
[memsplit] iter  6000  persist 0.347  bb 2.727  head 0.181  bwd_extra 0.876  peak 4.131
[memsplit] iter  6020  persist 0.547  bb 2.724  head 0.182  bwd_extra 0.768  peak 4.222
[memsplit] iter  6040  persist 0.547  bb 2.724  head 0.182  bwd_extra 0.768  peak 4.222
[memsplit] iter  6060  persist 0.547  bb 2.724  head 0.182  bwd_extra 0.768  peak 4.222
[memsplit] iter  6080  persist 0.347  bb 2.727  head 0.181  bwd_extra 0.876  peak 4.131
[mem] iter   6100 win_alloc 4.222 win_res 5.814 cur_res 5.814 retries 0
[memsplit] iter  6100  persist 0.547  bb 2.724  head 0.182  bwd_extra 0.768  peak 4.222
[memsplit] iter  6120  persist 0.547  bb 2.724  head 0.182  bwd_extra 0.768  peak 4.222
[memsplit] iter  6140  persist 0.547  bb 2.724  head 0.182  bwd_extra 0.768  peak 4.222
[memsplit] iter  6160  persist 0.347  bb 2.727  head 0.181  bwd_extra 0.876  peak 4.131
[memsplit] iter  6180  persist 0.547  bb 2.724  head 0.182  bwd_extra 0.768  peak 4.222
[mem] iter   6200 win_alloc 4.222 win_res 5.814 cur_res 5.814 retries 0
[memsplit] iter  6200  persist 0.547  bb 2.724  head 0.182  bwd_extra 0.768  peak 4.222
[memsplit] iter  6220  persist 0.547  bb 2.724  head 0.182  bwd_extra 0.768  peak 4.222
[memsplit] iter  6240  persist 0.347  bb 2.727  head 0.181  bwd_extra 0.876  peak 4.131
[memsplit] iter  6260  persist 0.547  bb 2.724  head 0.182  bwd_extra 0.768  peak 4.222
[memsplit] iter  6280  persist 0.547  bb 2.724  head 0.182  bwd_extra 0.768  peak 4.222
[mem] iter   6300 win_alloc 4.222 win_res 5.814 cur_res 5.814 retries 0
[memsplit] iter  6300  persist 0.547  bb 2.724  head 0.182  bwd_extra 0.768  peak 4.222
[memsplit] iter  6320  persist 0.348  bb 2.727  head 0.181  bwd_extra 0.876  peak 4.131
[memsplit] iter  6340  persist 0.547  bb 2.724  head 0.182  bwd_extra 0.768  peak 4.222
[memsplit] iter  6360  persist 0.547  bb 2.724  head 0.182  bwd_extra 0.768  peak 4.222
[memsplit] iter  6380  persist 0.547  bb 2.724  head 0.182  bwd_extra 0.768  peak 4.222
[mem] iter   6400 win_alloc 4.222 win_res 5.814 cur_res 5.814 retries 0
[memsplit] iter  6400  persist 0.348  bb 2.727  head 0.181  bwd_extra 0.876  peak 4.131
[memsplit] iter  6420  persist 0.547  bb 2.724  head 0.182  bwd_extra 0.768  peak 4.222
[memsplit] iter  6440  persist 0.547  bb 2.724  head 0.182  bwd_extra 0.768  peak 4.222
[memsplit] iter  6460  persist 0.547  bb 2.724  head 0.182  bwd_extra 0.768  peak 4.222
[memsplit] iter  6480  persist 0.348  bb 2.727  head 0.181  bwd_extra 0.876  peak 4.131
[mem] iter   6500 win_alloc 4.222 win_res 5.814 cur_res 5.814 retries 0
[memsplit] iter  6500  persist 0.547  bb 2.724  head 0.182  bwd_extra 0.768  peak 4.222
[memsplit] iter  6520  persist 0.547  bb 2.724  head 0.182  bwd_extra 0.768  peak 4.222
[memsplit] iter  6540  persist 0.547  bb 2.724  head 0.182  bwd_extra 0.768  peak 4.222
[memsplit] iter  6560  persist 0.348  bb 2.727  head 0.181  bwd_extra 0.876  peak 4.132
[memsplit] iter  6580  persist 0.547  bb 2.724  head 0.182  bwd_extra 0.768  peak 4.222
[mem] iter   6600 win_alloc 4.222 win_res 5.814 cur_res 5.814 retries 0
[memsplit] iter  6600  persist 0.547  bb 2.724  head 0.182  bwd_extra 0.768  peak 4.222
[memsplit] iter  6620  persist 0.548  bb 2.724  head 0.182  bwd_extra 0.768  peak 4.222
[memsplit] iter  6640  persist 0.348  bb 2.727  head 0.181  bwd_extra 0.876  peak 4.132
[memsplit] iter  6660  persist 0.548  bb 2.724  head 0.182  bwd_extra 0.768  peak 4.222
[memsplit] iter  6680  persist 0.548  bb 2.724  head 0.182  bwd_extra 0.768  peak 4.222
[mem] iter   6700 win_alloc 4.222 win_res 5.814 cur_res 5.814 retries 0
[memsplit] iter  6700  persist 0.548  bb 2.724  head 0.182  bwd_extra 0.768  peak 4.222
[memsplit] iter  6720  persist 0.348  bb 2.727  head 0.181  bwd_extra 0.876  peak 4.132
[memsplit] iter  6740  persist 0.548  bb 2.724  head 0.182  bwd_extra 0.768  peak 4.222
[memsplit] iter  6760  persist 0.548  bb 2.724  head 0.182  bwd_extra 0.768  peak 4.223
[memsplit] iter  6780  persist 0.548  bb 2.724  head 0.182  bwd_extra 0.768  peak 4.223
[mem] iter   6800 win_alloc 4.223 win_res 5.814 cur_res 5.814 retries 0
[memsplit] iter  6800  persist 0.348  bb 2.727  head 0.181  bwd_extra 0.876  peak 4.132
[memsplit] iter  6820  persist 0.548  bb 2.724  head 0.182  bwd_extra 0.768  peak 4.223
[memsplit] iter  6840  persist 0.548  bb 2.724  head 0.182  bwd_extra 0.768  peak 4.223
[memsplit] iter  6860  persist 0.548  bb 2.724  head 0.182  bwd_extra 0.768  peak 4.223
[memsplit] iter  6880  persist 0.348  bb 2.727  head 0.181  bwd_extra 0.876  peak 4.132
[mem] iter   6900 win_alloc 4.223 win_res 5.814 cur_res 5.814 retries 0
[memsplit] iter  6900  persist 0.548  bb 2.724  head 0.182  bwd_extra 0.768  peak 4.223
[memsplit] iter  6920  persist 0.548  bb 2.724  head 0.182  bwd_extra 0.768  peak 4.223
[memsplit] iter  6940  persist 0.548  bb 2.724  head 0.182  bwd_extra 0.768  peak 4.223
[memsplit] iter  6960  persist 0.348  bb 2.727  head 0.181  bwd_extra 0.876  peak 4.132
[memsplit] iter  6980  persist 0.548  bb 2.724  head 0.182  bwd_extra 0.768  peak 4.223
[mem] iter   7000 win_alloc 4.223 win_res 5.814 cur_res 5.814 retries 0
Task [7000/100020], Train Loss: 0.2372089, Train Accuracy: 0.9408800
[memsplit] iter  7000  persist 0.547  bb 2.724  head 0.182  bwd_extra 0.768  peak 4.222
[memsplit] iter  7020  persist 0.547  bb 2.724  head 0.182  bwd_extra 0.768  peak 4.222
[memsplit] iter  7040  persist 0.347  bb 2.727  head 0.181  bwd_extra 0.876  peak 4.131
[memsplit] iter  7060  persist 0.547  bb 2.724  head 0.182  bwd_extra 0.768  peak 4.222
[memsplit] iter  7080  persist 0.547  bb 2.724  head 0.182  bwd_extra 0.768  peak 4.222
[mem] iter   7100 win_alloc 4.222 win_res 5.814 cur_res 5.814 retries 0
[memsplit] iter  7100  persist 0.547  bb 2.724  head 0.182  bwd_extra 0.768  peak 4.222
[memsplit] iter  7120  persist 0.347  bb 2.727  head 0.181  bwd_extra 0.876  peak 4.131
[memsplit] iter  7140  persist 0.547  bb 2.724  head 0.182  bwd_extra 0.768  peak 4.222
[memsplit] iter  7160  persist 0.547  bb 2.724  head 0.182  bwd_extra 0.768  peak 4.222
[memsplit] iter  7180  persist 0.547  bb 2.724  head 0.182  bwd_extra 0.768  peak 4.222
[mem] iter   7200 win_alloc 4.222 win_res 5.814 cur_res 5.814 retries 0
[memsplit] iter  7200  persist 0.347  bb 2.727  head 0.181  bwd_extra 0.876  peak 4.131
[memsplit] iter  7220  persist 0.547  bb 2.724  head 0.182  bwd_extra 0.768  peak 4.222
[memsplit] iter  7240  persist 0.547  bb 2.724  head 0.182  bwd_extra 0.768  peak 4.222
[memsplit] iter  7260  persist 0.547  bb 2.724  head 0.182  bwd_extra 0.768  peak 4.222
[memsplit] iter  7280  persist 0.348  bb 2.727  head 0.181  bwd_extra 0.876  peak 4.131
[mem] iter   7300 win_alloc 4.222 win_res 5.814 cur_res 5.814 retries 0
[memsplit] iter  7300  persist 0.547  bb 2.724  head 0.182  bwd_extra 0.768  peak 4.222
[memsplit] iter  7320  persist 0.547  bb 2.724  head 0.182  bwd_extra 0.768  peak 4.222
[memsplit] iter  7340  persist 0.547  bb 2.724  head 0.182  bwd_extra 0.768  peak 4.222
[memsplit] iter  7360  persist 0.348  bb 2.727  head 0.181  bwd_extra 0.876  peak 4.131
[memsplit] iter  7380  persist 0.547  bb 2.724  head 0.182  bwd_extra 0.768  peak 4.222
[mem] iter   7400 win_alloc 4.222 win_res 5.814 cur_res 5.814 retries 0
[memsplit] iter  7400  persist 0.547  bb 2.724  head 0.182  bwd_extra 0.768  peak 4.222
[memsplit] iter  7420  persist 0.547  bb 2.724  head 0.182  bwd_extra 0.768  peak 4.222
[memsplit] iter  7440  persist 0.348  bb 2.727  head 0.181  bwd_extra 0.876  peak 4.131
[memsplit] iter  7460  persist 0.547  bb 2.724  head 0.182  bwd_extra 0.768  peak 4.222
[memsplit] iter  7480  persist 0.547  bb 2.724  head 0.182  bwd_extra 0.768  peak 4.222
[mem] iter   7500 win_alloc 4.222 win_res 5.814 cur_res 5.814 retries 0
[memsplit] iter  7500  persist 0.547  bb 2.724  head 0.182  bwd_extra 0.768  peak 4.222
[memsplit] iter  7520  persist 0.348  bb 2.727  head 0.181  bwd_extra 0.876  peak 4.131
[memsplit] iter  7540  persist 0.547  bb 2.724  head 0.182  bwd_extra 0.768  peak 4.222
[memsplit] iter  7560  persist 0.547  bb 2.724  head 0.182  bwd_extra 0.768  peak 4.222
[memsplit] iter  7580  persist 0.547  bb 2.724  head 0.182  bwd_extra 0.768  peak 4.222
[mem] iter   7600 win_alloc 4.222 win_res 5.814 cur_res 5.814 retries 0
[memsplit] iter  7600  persist 0.348  bb 2.727  head 0.181  bwd_extra 0.876  peak 4.132
[memsplit] iter  7620  persist 0.548  bb 2.724  head 0.182  bwd_extra 0.768  peak 4.222
[memsplit] iter  7640  persist 0.548  bb 2.724  head 0.182  bwd_extra 0.768  peak 4.222
[memsplit] iter  7660  persist 0.548  bb 2.724  head 0.182  bwd_extra 0.768  peak 4.222
[memsplit] iter  7680  persist 0.348  bb 2.727  head 0.181  bwd_extra 0.876  peak 4.132
[mem] iter   7700 win_alloc 4.222 win_res 5.814 cur_res 5.814 retries 0
[memsplit] iter  7700  persist 0.548  bb 2.724  head 0.182  bwd_extra 0.768  peak 4.222
[memsplit] iter  7720  persist 0.548  bb 2.724  head 0.182  bwd_extra 0.768  peak 4.222
[memsplit] iter  7740  persist 0.548  bb 2.724  head 0.182  bwd_extra 0.768  peak 4.222
[memsplit] iter  7760  persist 0.348  bb 2.727  head 0.181  bwd_extra 0.876  peak 4.132
[memsplit] iter  7780  persist 0.548  bb 2.724  head 0.182  bwd_extra 0.768  peak 4.223
[mem] iter   7800 win_alloc 4.223 win_res 5.814 cur_res 5.814 retries 0
[memsplit] iter  7800  persist 0.548  bb 2.724  head 0.182  bwd_extra 0.768  peak 4.223
[memsplit] iter  7820  persist 0.548  bb 2.724  head 0.182  bwd_extra 0.768  peak 4.223
[memsplit] iter  7840  persist 0.348  bb 2.727  head 0.181  bwd_extra 0.876  peak 4.132
[memsplit] iter  7860  persist 0.548  bb 2.724  head 0.182  bwd_extra 0.768  peak 4.223
[memsplit] iter  7880  persist 0.548  bb 2.724  head 0.182  bwd_extra 0.768  peak 4.223
[mem] iter   7900 win_alloc 4.223 win_res 5.814 cur_res 5.814 retries 0
[memsplit] iter  7900  persist 0.548  bb 2.724  head 0.182  bwd_extra 0.768  peak 4.223
[memsplit] iter  7920  persist 0.348  bb 2.727  head 0.181  bwd_extra 0.876  peak 4.132
[memsplit] iter  7940  persist 0.548  bb 2.724  head 0.182  bwd_extra 0.768  peak 4.223
[memsplit] iter  7960  persist 0.548  bb 2.724  head 0.182  bwd_extra 0.768  peak 4.223
[memsplit] iter  7980  persist 0.548  bb 2.724  head 0.182  bwd_extra 0.768  peak 4.223
[mem] iter   8000 win_alloc 4.223 win_res 5.814 cur_res 5.814 retries 0
Task [8000/100020], Train Loss: 0.1863477, Train Accuracy: 0.9525600
[memsplit] iter  8000  persist 0.347  bb 2.727  head 0.181  bwd_extra 0.876  peak 4.131
[memsplit] iter  8020  persist 0.547  bb 2.724  head 0.182  bwd_extra 0.768  peak 4.222
[memsplit] iter  8040  persist 0.547  bb 2.724  head 0.182  bwd_extra 0.768  peak 4.222
[memsplit] iter  8060  persist 0.547  bb 2.724  head 0.182  bwd_extra 0.768  peak 4.222
[memsplit] iter  8080  persist 0.347  bb 2.727  head 0.181  bwd_extra 0.876  peak 4.131
[mem] iter   8100 win_alloc 4.222 win_res 5.814 cur_res 5.814 retries 0
[memsplit] iter  8100  persist 0.547  bb 2.724  head 0.182  bwd_extra 0.768  peak 4.222
[memsplit] iter  8120  persist 0.547  bb 2.724  head 0.182  bwd_extra 0.768  peak 4.222
[memsplit] iter  8140  persist 0.547  bb 2.724  head 0.182  bwd_extra 0.768  peak 4.222
[memsplit] iter  8160  persist 0.347  bb 2.727  head 0.181  bwd_extra 0.876  peak 4.131
[memsplit] iter  8180  persist 0.547  bb 2.724  head 0.182  bwd_extra 0.768  peak 4.222
[mem] iter   8200 win_alloc 4.222 win_res 5.814 cur_res 5.814 retries 0
[memsplit] iter  8200  persist 0.547  bb 2.724  head 0.182  bwd_extra 0.768  peak 4.222
[memsplit] iter  8220  persist 0.547  bb 2.724  head 0.182  bwd_extra 0.768  peak 4.222
[memsplit] iter  8240  persist 0.347  bb 2.727  head 0.181  bwd_extra 0.876  peak 4.131
[memsplit] iter  8260  persist 0.547  bb 2.724  head 0.182  bwd_extra 0.768  peak 4.222
[memsplit] iter  8280  persist 0.547  bb 2.724  head 0.182  bwd_extra 0.768  peak 4.222
[mem] iter   8300 win_alloc 4.222 win_res 5.814 cur_res 5.814 retries 0
[memsplit] iter  8300  persist 0.547  bb 2.724  head 0.182  bwd_extra 0.768  peak 4.222
[memsplit] iter  8320  persist 0.348  bb 2.727  head 0.181  bwd_extra 0.876  peak 4.131
[memsplit] iter  8340  persist 0.547  bb 2.724  head 0.182  bwd_extra 0.768  peak 4.222
[memsplit] iter  8360  persist 0.547  bb 2.724  head 0.182  bwd_extra 0.768  peak 4.222
[memsplit] iter  8380  persist 0.547  bb 2.724  head 0.182  bwd_extra 0.768  peak 4.222
[mem] iter   8400 win_alloc 4.222 win_res 5.814 cur_res 5.814 retries 0
[memsplit] iter  8400  persist 0.348  bb 2.727  head 0.181  bwd_extra 0.876  peak 4.131
[memsplit] iter  8420  persist 0.547  bb 2.724  head 0.182  bwd_extra 0.768  peak 4.222
[memsplit] iter  8440  persist 0.547  bb 2.724  head 0.182  bwd_extra 0.768  peak 4.222
[memsplit] iter  8460  persist 0.547  bb 2.724  head 0.182  bwd_extra 0.768  peak 4.222
[memsplit] iter  8480  persist 0.348  bb 2.727  head 0.181  bwd_extra 0.876  peak 4.131
[mem] iter   8500 win_alloc 4.222 win_res 5.814 cur_res 5.814 retries 0
[memsplit] iter  8500  persist 0.547  bb 2.724  head 0.182  bwd_extra 0.768  peak 4.222
[memsplit] iter  8520  persist 0.547  bb 2.724  head 0.182  bwd_extra 0.768  peak 4.222
[memsplit] iter  8540  persist 0.547  bb 2.724  head 0.182  bwd_extra 0.768  peak 4.222
[memsplit] iter  8560  persist 0.348  bb 2.727  head 0.181  bwd_extra 0.876  peak 4.132
[memsplit] iter  8580  persist 0.547  bb 2.724  head 0.182  bwd_extra 0.768  peak 4.222
[mem] iter   8600 win_alloc 4.222 win_res 5.814 cur_res 5.814 retries 0
[memsplit] iter  8600  persist 0.547  bb 2.724  head 0.182  bwd_extra 0.768  peak 4.222
[memsplit] iter  8620  persist 0.548  bb 2.724  head 0.182  bwd_extra 0.768  peak 4.222
[memsplit] iter  8640  persist 0.348  bb 2.727  head 0.181  bwd_extra 0.876  peak 4.132
[memsplit] iter  8660  persist 0.548  bb 2.724  head 0.182  bwd_extra 0.768  peak 4.222
[memsplit] iter  8680  persist 0.548  bb 2.724  head 0.182  bwd_extra 0.768  peak 4.222
[mem] iter   8700 win_alloc 4.222 win_res 5.814 cur_res 5.814 retries 0
[memsplit] iter  8700  persist 0.548  bb 2.724  head 0.182  bwd_extra 0.768  peak 4.222
[memsplit] iter  8720  persist 0.348  bb 2.727  head 0.181  bwd_extra 0.876  peak 4.132
[memsplit] iter  8740  persist 0.548  bb 2.724  head 0.182  bwd_extra 0.768  peak 4.222
[memsplit] iter  8760  persist 0.548  bb 2.724  head 0.182  bwd_extra 0.768  peak 4.223
[memsplit] iter  8780  persist 0.548  bb 2.724  head 0.182  bwd_extra 0.768  peak 4.223
[mem] iter   8800 win_alloc 4.223 win_res 5.814 cur_res 5.814 retries 0
[memsplit] iter  8800  persist 0.348  bb 2.727  head 0.181  bwd_extra 0.876  peak 4.132
[memsplit] iter  8820  persist 0.548  bb 2.724  head 0.182  bwd_extra 0.768  peak 4.223
[memsplit] iter  8840  persist 0.548  bb 2.724  head 0.182  bwd_extra 0.768  peak 4.223
[memsplit] iter  8860  persist 0.548  bb 2.724  head 0.182  bwd_extra 0.768  peak 4.223
[memsplit] iter  8880  persist 0.348  bb 2.727  head 0.181  bwd_extra 0.876  peak 4.132
[mem] iter   8900 win_alloc 4.223 win_res 5.814 cur_res 5.814 retries 0
[memsplit] iter  8900  persist 0.548  bb 2.724  head 0.182  bwd_extra 0.768  peak 4.223
[memsplit] iter  8920  persist 0.548  bb 2.724  head 0.182  bwd_extra 0.768  peak 4.223
[memsplit] iter  8940  persist 0.548  bb 2.724  head 0.182  bwd_extra 0.768  peak 4.223
[memsplit] iter  8960  persist 0.348  bb 2.727  head 0.181  bwd_extra 0.876  peak 4.132
[memsplit] iter  8980  persist 0.548  bb 2.724  head 0.182  bwd_extra 0.768  peak 4.223
[mem] iter   9000 win_alloc 4.223 win_res 5.814 cur_res 5.814 retries 0
Task [9000/100020], Train Loss: 0.1630487, Train Accuracy: 0.9603200
[memsplit] iter  9000  persist 0.547  bb 2.724  head 0.182  bwd_extra 0.768  peak 4.222
[memsplit] iter  9020  persist 0.547  bb 2.724  head 0.182  bwd_extra 0.768  peak 4.222
[memsplit] iter  9040  persist 0.347  bb 2.727  head 0.181  bwd_extra 0.876  peak 4.131
[memsplit] iter  9060  persist 0.547  bb 2.724  head 0.182  bwd_extra 0.768  peak 4.222
[memsplit] iter  9080  persist 0.547  bb 2.724  head 0.182  bwd_extra 0.768  peak 4.222
[mem] iter   9100 win_alloc 4.222 win_res 5.814 cur_res 5.814 retries 0
[memsplit] iter  9100  persist 0.547  bb 2.724  head 0.182  bwd_extra 0.768  peak 4.222
[memsplit] iter  9120  persist 0.347  bb 2.727  head 0.181  bwd_extra 0.876  peak 4.131
[memsplit] iter  9140  persist 0.547  bb 2.724  head 0.182  bwd_extra 0.768  peak 4.222
[memsplit] iter  9160  persist 0.547  bb 2.724  head 0.182  bwd_extra 0.768  peak 4.222
[memsplit] iter  9180  persist 0.547  bb 2.724  head 0.182  bwd_extra 0.768  peak 4.222
[mem] iter   9200 win_alloc 4.222 win_res 5.814 cur_res 5.814 retries 0
[memsplit] iter  9200  persist 0.347  bb 2.727  head 0.181  bwd_extra 0.876  peak 4.131
[memsplit] iter  9220  persist 0.547  bb 2.724  head 0.182  bwd_extra 0.768  peak 4.222
[memsplit] iter  9240  persist 0.547  bb 2.724  head 0.182  bwd_extra 0.768  peak 4.222
[memsplit] iter  9260  persist 0.547  bb 2.724  head 0.182  bwd_extra 0.768  peak 4.222
[memsplit] iter  9280  persist 0.348  bb 2.727  head 0.181  bwd_extra 0.876  peak 4.131
[mem] iter   9300 win_alloc 4.222 win_res 5.814 cur_res 5.814 retries 0
[memsplit] iter  9300  persist 0.547  bb 2.724  head 0.182  bwd_extra 0.768  peak 4.222
[memsplit] iter  9320  persist 0.547  bb 2.724  head 0.182  bwd_extra 0.768  peak 4.222
[memsplit] iter  9340  persist 0.547  bb 2.724  head 0.182  bwd_extra 0.768  peak 4.222
[memsplit] iter  9360  persist 0.348  bb 2.727  head 0.181  bwd_extra 0.876  peak 4.131
[memsplit] iter  9380  persist 0.547  bb 2.724  head 0.182  bwd_extra 0.768  peak 4.222
[mem] iter   9400 win_alloc 4.222 win_res 5.814 cur_res 5.814 retries 0
[memsplit] iter  9400  persist 0.547  bb 2.724  head 0.182  bwd_extra 0.768  peak 4.222
[memsplit] iter  9420  persist 0.547  bb 2.724  head 0.182  bwd_extra 0.768  peak 4.222
[memsplit] iter  9440  persist 0.348  bb 2.727  head 0.181  bwd_extra 0.876  peak 4.131
[memsplit] iter  9460  persist 0.547  bb 2.724  head 0.182  bwd_extra 0.768  peak 4.222
[memsplit] iter  9480  persist 0.547  bb 2.724  head 0.182  bwd_extra 0.768  peak 4.222
[mem] iter   9500 win_alloc 4.222 win_res 5.814 cur_res 5.814 retries 0
[memsplit] iter  9500  persist 0.547  bb 2.724  head 0.182  bwd_extra 0.768  peak 4.222
[memsplit] iter  9520  persist 0.348  bb 2.727  head 0.181  bwd_extra 0.876  peak 4.131
[memsplit] iter  9540  persist 0.547  bb 2.724  head 0.182  bwd_extra 0.768  peak 4.222
[memsplit] iter  9560  persist 0.547  bb 2.724  head 0.182  bwd_extra 0.768  peak 4.222
[memsplit] iter  9580  persist 0.547  bb 2.724  head 0.182  bwd_extra 0.768  peak 4.222
[mem] iter   9600 win_alloc 4.222 win_res 5.814 cur_res 5.814 retries 0
[memsplit] iter  9600  persist 0.348  bb 2.727  head 0.181  bwd_extra 0.876  peak 4.132
[memsplit] iter  9620  persist 0.548  bb 2.724  head 0.182  bwd_extra 0.768  peak 4.222
[memsplit] iter  9640  persist 0.548  bb 2.724  head 0.182  bwd_extra 0.768  peak 4.222
[memsplit] iter  9660  persist 0.548  bb 2.724  head 0.182  bwd_extra 0.768  peak 4.222
[memsplit] iter  9680  persist 0.348  bb 2.727  head 0.181  bwd_extra 0.876  peak 4.132
[mem] iter   9700 win_alloc 4.222 win_res 5.814 cur_res 5.814 retries 0
[memsplit] iter  9700  persist 0.548  bb 2.724  head 0.182  bwd_extra 0.768  peak 4.222
[memsplit] iter  9720  persist 0.548  bb 2.724  head 0.182  bwd_extra 0.768  peak 4.222
[memsplit] iter  9740  persist 0.548  bb 2.724  head 0.182  bwd_extra 0.768  peak 4.222
[memsplit] iter  9760  persist 0.348  bb 2.727  head 0.181  bwd_extra 0.876  peak 4.132
[memsplit] iter  9780  persist 0.548  bb 2.724  head 0.182  bwd_extra 0.768  peak 4.223
[mem] iter   9800 win_alloc 4.223 win_res 5.814 cur_res 5.814 retries 0
[memsplit] iter  9800  persist 0.548  bb 2.724  head 0.182  bwd_extra 0.768  peak 4.223
[memsplit] iter  9820  persist 0.548  bb 2.724  head 0.182  bwd_extra 0.768  peak 4.223
[memsplit] iter  9840  persist 0.348  bb 2.727  head 0.181  bwd_extra 0.876  peak 4.132
[memsplit] iter  9860  persist 0.548  bb 2.724  head 0.182  bwd_extra 0.768  peak 4.223
[memsplit] iter  9880  persist 0.548  bb 2.724  head 0.182  bwd_extra 0.768  peak 4.223
[mem] iter   9900 win_alloc 4.223 win_res 5.814 cur_res 5.814 retries 0
[memsplit] iter  9900  persist 0.548  bb 2.724  head 0.182  bwd_extra 0.768  peak 4.223
[memsplit] iter  9920  persist 0.348  bb 2.727  head 0.181  bwd_extra 0.876  peak 4.132
[memsplit] iter  9940  persist 0.548  bb 2.724  head 0.182  bwd_extra 0.768  peak 4.223
[memsplit] iter  9960  persist 0.548  bb 2.724  head 0.182  bwd_extra 0.768  peak 4.223
[memsplit] iter  9980  persist 0.548  bb 2.724  head 0.182  bwd_extra 0.768  peak 4.223
[mem] iter  10000 win_alloc 4.223 win_res 5.814 cur_res 5.814 retries 0
Task [10000/100020], Train Loss: 0.1437765, Train Accuracy: 0.9647200
[memsplit] iter 10000  persist 0.347  bb 2.727  head 0.181  bwd_extra 0.876  peak 4.131
[memsplit] iter 10020  persist 0.547  bb 2.724  head 0.182  bwd_extra 0.768  peak 4.222
[memsplit] iter 10040  persist 0.547  bb 2.724  head 0.182  bwd_extra 0.768  peak 4.222
[memsplit] iter 10060  persist 0.547  bb 2.724  head 0.182  bwd_extra 0.768  peak 4.222
[memsplit] iter 10080  persist 0.347  bb 2.727  head 0.181  bwd_extra 0.876  peak 4.131
[mem] iter  10100 win_alloc 4.222 win_res 5.814 cur_res 5.814 retries 0
[memsplit] iter 10100  persist 0.547  bb 2.724  head 0.182  bwd_extra 0.768  peak 4.222
[memsplit] iter 10120  persist 0.547  bb 2.724  head 0.182  bwd_extra 0.768  peak 4.222
[memsplit] iter 10140  persist 0.547  bb 2.724  head 0.182  bwd_extra 0.768  peak 4.222
[memsplit] iter 10160  persist 0.347  bb 2.727  head 0.181  bwd_extra 0.876  peak 4.131
[memsplit] iter 10180  persist 0.547  bb 2.724  head 0.182  bwd_extra 0.768  peak 4.222
[mem] iter  10200 win_alloc 4.222 win_res 5.814 cur_res 5.814 retries 0
[memsplit] iter 10200  persist 0.547  bb 2.724  head 0.182  bwd_extra 0.768  peak 4.222
[memsplit] iter 10220  persist 0.547  bb 2.724  head 0.182  bwd_extra 0.768  peak 4.222
[memsplit] iter 10240  persist 0.347  bb 2.727  head 0.181  bwd_extra 0.876  peak 4.131
[memsplit] iter 10260  persist 0.547  bb 2.724  head 0.182  bwd_extra 0.768  peak 4.222
[memsplit] iter 10280  persist 0.547  bb 2.724  head 0.182  bwd_extra 0.768  peak 4.222
[mem] iter  10300 win_alloc 4.222 win_res 5.814 cur_res 5.814 retries 0
[memsplit] iter 10300  persist 0.547  bb 2.724  head 0.182  bwd_extra 0.768  peak 4.222
[memsplit] iter 10320  persist 0.348  bb 2.727  head 0.181  bwd_extra 0.876  peak 4.131
[memsplit] iter 10340  persist 0.547  bb 2.724  head 0.182  bwd_extra 0.768  peak 4.222
[memsplit] iter 10360  persist 0.547  bb 2.724  head 0.182  bwd_extra 0.768  peak 4.222
[memsplit] iter 10380  persist 0.547  bb 2.724  head 0.182  bwd_extra 0.768  peak 4.222
[mem] iter  10400 win_alloc 4.222 win_res 5.814 cur_res 5.814 retries 0
[memsplit] iter 10400  persist 0.348  bb 2.727  head 0.181  bwd_extra 0.876  peak 4.131
[memsplit] iter 10420  persist 0.547  bb 2.724  head 0.182  bwd_extra 0.768  peak 4.222
[memsplit] iter 10440  persist 0.547  bb 2.724  head 0.182  bwd_extra 0.768  peak 4.222
[memsplit] iter 10460  persist 0.547  bb 2.724  head 0.182  bwd_extra 0.768  peak 4.222
[memsplit] iter 10480  persist 0.348  bb 2.727  head 0.181  bwd_extra 0.876  peak 4.131
[mem] iter  10500 win_alloc 4.222 win_res 5.814 cur_res 5.814 retries 0
[memsplit] iter 10500  persist 0.547  bb 2.724  head 0.182  bwd_extra 0.768  peak 4.222
[memsplit] iter 10520  persist 0.547  bb 2.724  head 0.182  bwd_extra 0.768  peak 4.222
[memsplit] iter 10540  persist 0.547  bb 2.724  head 0.182  bwd_extra 0.768  peak 4.222
[memsplit] iter 10560  persist 0.348  bb 2.727  head 0.181  bwd_extra 0.876  peak 4.132
[memsplit] iter 10580  persist 0.547  bb 2.724  head 0.182  bwd_extra 0.768  peak 4.222
[mem] iter  10600 win_alloc 4.222 win_res 5.814 cur_res 5.814 retries 0
[memsplit] iter 10600  persist 0.547  bb 2.724  head 0.182  bwd_extra 0.768  peak 4.222
[memsplit] iter 10620  persist 0.548  bb 2.724  head 0.182  bwd_extra 0.768  peak 4.222
[memsplit] iter 10640  persist 0.348  bb 2.727  head 0.181  bwd_extra 0.876  peak 4.132
[memsplit] iter 10660  persist 0.548  bb 2.724  head 0.182  bwd_extra 0.768  peak 4.222
[memsplit] iter 10680  persist 0.548  bb 2.724  head 0.182  bwd_extra 0.768  peak 4.222
[mem] iter  10700 win_alloc 4.222 win_res 5.814 cur_res 5.814 retries 0
[memsplit] iter 10700  persist 0.548  bb 2.724  head 0.182  bwd_extra 0.768  peak 4.222
[memsplit] iter 10720  persist 0.348  bb 2.727  head 0.181  bwd_extra 0.876  peak 4.132
[memsplit] iter 10740  persist 0.548  bb 2.724  head 0.182  bwd_extra 0.768  peak 4.222
[memsplit] iter 10760  persist 0.548  bb 2.724  head 0.182  bwd_extra 0.768  peak 4.223
[memsplit] iter 10780  persist 0.548  bb 2.724  head 0.182  bwd_extra 0.768  peak 4.223
[mem] iter  10800 win_alloc 4.223 win_res 5.814 cur_res 5.814 retries 0
[memsplit] iter 10800  persist 0.348  bb 2.727  head 0.181  bwd_extra 0.876  peak 4.132
[memsplit] iter 10820  persist 0.548  bb 2.724  head 0.182  bwd_extra 0.768  peak 4.223
[memsplit] iter 10840  persist 0.548  bb 2.724  head 0.182  bwd_extra 0.768  peak 4.223
[memsplit] iter 10860  persist 0.548  bb 2.724  head 0.182  bwd_extra 0.768  peak 4.223
[memsplit] iter 10880  persist 0.348  bb 2.727  head 0.181  bwd_extra 0.876  peak 4.132
[mem] iter  10900 win_alloc 4.223 win_res 5.814 cur_res 5.814 retries 0
[memsplit] iter 10900  persist 0.548  bb 2.724  head 0.182  bwd_extra 0.768  peak 4.223
[memsplit] iter 10920  persist 0.548  bb 2.724  head 0.182  bwd_extra 0.768  peak 4.223
[memsplit] iter 10940  persist 0.548  bb 2.724  head 0.182  bwd_extra 0.768  peak 4.223
[memsplit] iter 10960  persist 0.348  bb 2.727  head 0.181  bwd_extra 0.876  peak 4.132
[memsplit] iter 10980  persist 0.548  bb 2.724  head 0.182  bwd_extra 0.768  peak 4.223
[mem] iter  11000 win_alloc 4.223 win_res 5.814 cur_res 5.814 retries 0
Task [11000/100020], Train Loss: 0.1195676, Train Accuracy: 0.9715200
[memsplit] iter 11000  persist 0.547  bb 2.724  head 0.182  bwd_extra 0.768  peak 4.222
[memsplit] iter 11020  persist 0.547  bb 2.724  head 0.182  bwd_extra 0.768  peak 4.222
[memsplit] iter 11040  persist 0.347  bb 2.727  head 0.181  bwd_extra 0.876  peak 4.131
[memsplit] iter 11060  persist 0.547  bb 2.724  head 0.182  bwd_extra 0.768  peak 4.222
[memsplit] iter 11080  persist 0.547  bb 2.724  head 0.182  bwd_extra 0.768  peak 4.222
[mem] iter  11100 win_alloc 4.222 win_res 5.814 cur_res 5.814 retries 0
[memsplit] iter 11100  persist 0.547  bb 2.724  head 0.182  bwd_extra 0.768  peak 4.222
[memsplit] iter 11120  persist 0.347  bb 2.727  head 0.181  bwd_extra 0.876  peak 4.131
[memsplit] iter 11140  persist 0.547  bb 2.724  head 0.182  bwd_extra 0.768  peak 4.222
[memsplit] iter 11160  persist 0.547  bb 2.724  head 0.182  bwd_extra 0.768  peak 4.222
[memsplit] iter 11180  persist 0.547  bb 2.724  head 0.182  bwd_extra 0.768  peak 4.222
[mem] iter  11200 win_alloc 4.222 win_res 5.814 cur_res 5.814 retries 0
[memsplit] iter 11200  persist 0.347  bb 2.727  head 0.181  bwd_extra 0.876  peak 4.131
[memsplit] iter 11220  persist 0.547  bb 2.724  head 0.182  bwd_extra 0.768  peak 4.222
[memsplit] iter 11240  persist 0.547  bb 2.724  head 0.182  bwd_extra 0.768  peak 4.222
[memsplit] iter 11260  persist 0.547  bb 2.724  head 0.182  bwd_extra 0.768  peak 4.222
[memsplit] iter 11280  persist 0.348  bb 2.727  head 0.181  bwd_extra 0.876  peak 4.131
[mem] iter  11300 win_alloc 4.222 win_res 5.814 cur_res 5.814 retries 0
[memsplit] iter 11300  persist 0.547  bb 2.724  head 0.182  bwd_extra 0.768  peak 4.222
[memsplit] iter 11320  persist 0.547  bb 2.724  head 0.182  bwd_extra 0.768  peak 4.222
[memsplit] iter 11340  persist 0.547  bb 2.724  head 0.182  bwd_extra 0.768  peak 4.222
[memsplit] iter 11360  persist 0.348  bb 2.727  head 0.181  bwd_extra 0.876  peak 4.131
[memsplit] iter 11380  persist 0.547  bb 2.724  head 0.182  bwd_extra 0.768  peak 4.222
[mem] iter  11400 win_alloc 4.222 win_res 5.814 cur_res 5.814 retries 0
[memsplit] iter 11400  persist 0.547  bb 2.724  head 0.182  bwd_extra 0.768  peak 4.222
[memsplit] iter 11420  persist 0.547  bb 2.724  head 0.182  bwd_extra 0.768  peak 4.222
[memsplit] iter 11440  persist 0.348  bb 2.727  head 0.181  bwd_extra 0.876  peak 4.131
[memsplit] iter 11460  persist 0.547  bb 2.724  head 0.182  bwd_extra 0.768  peak 4.222
[memsplit] iter 11480  persist 0.547  bb 2.724  head 0.182  bwd_extra 0.768  peak 4.222
[mem] iter  11500 win_alloc 4.222 win_res 5.814 cur_res 5.814 retries 0
[memsplit] iter 11500  persist 0.547  bb 2.724  head 0.182  bwd_extra 0.768  peak 4.222
[memsplit] iter 11520  persist 0.348  bb 2.727  head 0.181  bwd_extra 0.876  peak 4.131
[memsplit] iter 11540  persist 0.547  bb 2.724  head 0.182  bwd_extra 0.768  peak 4.222
[memsplit] iter 11560  persist 0.547  bb 2.724  head 0.182  bwd_extra 0.768  peak 4.222
[memsplit] iter 11580  persist 0.547  bb 2.724  head 0.182  bwd_extra 0.768  peak 4.222
[mem] iter  11600 win_alloc 4.222 win_res 5.814 cur_res 5.814 retries 0
[memsplit] iter 11600  persist 0.348  bb 2.727  head 0.181  bwd_extra 0.876  peak 4.132
[memsplit] iter 11620  persist 0.548  bb 2.724  head 0.182  bwd_extra 0.768  peak 4.222
[memsplit] iter 11640  persist 0.548  bb 2.724  head 0.182  bwd_extra 0.768  peak 4.222
[memsplit] iter 11660  persist 0.548  bb 2.724  head 0.182  bwd_extra 0.768  peak 4.222
[memsplit] iter 11680  persist 0.348  bb 2.727  head 0.181  bwd_extra 0.876  peak 4.132
[mem] iter  11700 win_alloc 4.222 win_res 5.814 cur_res 5.814 retries 0
[memsplit] iter 11700  persist 0.548  bb 2.724  head 0.182  bwd_extra 0.768  peak 4.222
[memsplit] iter 11720  persist 0.548  bb 2.724  head 0.182  bwd_extra 0.768  peak 4.222
[memsplit] iter 11740  persist 0.548  bb 2.724  head 0.182  bwd_extra 0.768  peak 4.222
[memsplit] iter 11760  persist 0.348  bb 2.727  head 0.181  bwd_extra 0.876  peak 4.132
[memsplit] iter 11780  persist 0.548  bb 2.724  head 0.182  bwd_extra 0.768  peak 4.223
[mem] iter  11800 win_alloc 4.223 win_res 5.814 cur_res 5.814 retries 0
[memsplit] iter 11800  persist 0.548  bb 2.724  head 0.182  bwd_extra 0.768  peak 4.223
[memsplit] iter 11820  persist 0.548  bb 2.724  head 0.182  bwd_extra 0.768  peak 4.223
[memsplit] iter 11840  persist 0.348  bb 2.727  head 0.181  bwd_extra 0.876  peak 4.132
[memsplit] iter 11860  persist 0.548  bb 2.724  head 0.182  bwd_extra 0.768  peak 4.223
[memsplit] iter 11880  persist 0.548  bb 2.724  head 0.182  bwd_extra 0.768  peak 4.223
[mem] iter  11900 win_alloc 4.223 win_res 5.814 cur_res 5.814 retries 0
[memsplit] iter 11900  persist 0.548  bb 2.724  head 0.182  bwd_extra 0.768  peak 4.223
[memsplit] iter 11920  persist 0.348  bb 2.727  head 0.181  bwd_extra 0.876  peak 4.132
[memsplit] iter 11940  persist 0.548  bb 2.724  head 0.182  bwd_extra 0.768  peak 4.223
[memsplit] iter 11960  persist 0.548  bb 2.724  head 0.182  bwd_extra 0.768  peak 4.223
[memsplit] iter 11980  persist 0.548  bb 2.724  head 0.182  bwd_extra 0.768  peak 4.223
[mem] iter  12000 win_alloc 4.223 win_res 5.814 cur_res 5.814 retries 0
Task [12000/100020], Train Loss: 0.1054295, Train Accuracy: 0.9738399
[memsplit] iter 12000  persist 0.347  bb 2.727  head 0.181  bwd_extra 0.876  peak 4.131
[memsplit] iter 12020  persist 0.547  bb 2.724  head 0.182  bwd_extra 0.768  peak 4.222
[memsplit] iter 12040  persist 0.547  bb 2.724  head 0.182  bwd_extra 0.768  peak 4.222
[memsplit] iter 12060  persist 0.547  bb 2.724  head 0.182  bwd_extra 0.768  peak 4.222
[memsplit] iter 12080  persist 0.347  bb 2.727  head 0.181  bwd_extra 0.876  peak 4.131
[mem] iter  12100 win_alloc 4.222 win_res 5.814 cur_res 5.814 retries 0
[memsplit] iter 12100  persist 0.547  bb 2.724  head 0.182  bwd_extra 0.768  peak 4.222
[memsplit] iter 12120  persist 0.547  bb 2.724  head 0.182  bwd_extra 0.768  peak 4.222
[memsplit] iter 12140  persist 0.547  bb 2.724  head 0.182  bwd_extra 0.768  peak 4.222
[memsplit] iter 12160  persist 0.347  bb 2.727  head 0.181  bwd_extra 0.876  peak 4.131
[memsplit] iter 12180  persist 0.547  bb 2.724  head 0.182  bwd_extra 0.768  peak 4.222
[mem] iter  12200 win_alloc 4.222 win_res 5.814 cur_res 5.814 retries 0
[memsplit] iter 12200  persist 0.547  bb 2.724  head 0.182  bwd_extra 0.768  peak 4.222
[memsplit] iter 12220  persist 0.547  bb 2.724  head 0.182  bwd_extra 0.768  peak 4.222
[memsplit] iter 12240  persist 0.347  bb 2.727  head 0.181  bwd_extra 0.876  peak 4.131
[memsplit] iter 12260  persist 0.547  bb 2.724  head 0.182  bwd_extra 0.768  peak 4.222
[memsplit] iter 12280  persist 0.547  bb 2.724  head 0.182  bwd_extra 0.768  peak 4.222
[mem] iter  12300 win_alloc 4.222 win_res 5.814 cur_res 5.814 retries 0
[memsplit] iter 12300  persist 0.547  bb 2.724  head 0.182  bwd_extra 0.768  peak 4.222
[memsplit] iter 12320  persist 0.348  bb 2.727  head 0.181  bwd_extra 0.876  peak 4.131
[memsplit] iter 12340  persist 0.547  bb 2.724  head 0.182  bwd_extra 0.768  peak 4.222
[memsplit] iter 12360  persist 0.547  bb 2.724  head 0.182  bwd_extra 0.768  peak 4.222
[memsplit] iter 12380  persist 0.547  bb 2.724  head 0.182  bwd_extra 0.768  peak 4.222
[mem] iter  12400 win_alloc 4.222 win_res 5.814 cur_res 5.814 retries 0
[memsplit] iter 12400  persist 0.348  bb 2.727  head 0.181  bwd_extra 0.876  peak 4.131
[memsplit] iter 12420  persist 0.547  bb 2.724  head 0.182  bwd_extra 0.768  peak 4.222
[memsplit] iter 12440  persist 0.547  bb 2.724  head 0.182  bwd_extra 0.768  peak 4.222
[memsplit] iter 12460  persist 0.547  bb 2.724  head 0.182  bwd_extra 0.768  peak 4.222
[memsplit] iter 12480  persist 0.348  bb 2.727  head 0.181  bwd_extra 0.876  peak 4.131
[mem] iter  12500 win_alloc 4.222 win_res 5.814 cur_res 5.814 retries 0
[memsplit] iter 12500  persist 0.547  bb 2.724  head 0.182  bwd_extra 0.768  peak 4.222
[memsplit] iter 12520  persist 0.547  bb 2.724  head 0.182  bwd_extra 0.768  peak 4.222
[memsplit] iter 12540  persist 0.547  bb 2.724  head 0.182  bwd_extra 0.768  peak 4.222
[memsplit] iter 12560  persist 0.348  bb 2.727  head 0.181  bwd_extra 0.876  peak 4.132
[memsplit] iter 12580  persist 0.547  bb 2.724  head 0.182  bwd_extra 0.768  peak 4.222
[mem] iter  12600 win_alloc 4.222 win_res 5.814 cur_res 5.814 retries 0
[memsplit] iter 12600  persist 0.547  bb 2.724  head 0.182  bwd_extra 0.768  peak 4.222
[memsplit] iter 12620  persist 0.548  bb 2.724  head 0.182  bwd_extra 0.768  peak 4.222
[memsplit] iter 12640  persist 0.348  bb 2.727  head 0.181  bwd_extra 0.876  peak 4.132
[memsplit] iter 12660  persist 0.548  bb 2.724  head 0.182  bwd_extra 0.768  peak 4.222
[memsplit] iter 12680  persist 0.548  bb 2.724  head 0.182  bwd_extra 0.768  peak 4.222
[mem] iter  12700 win_alloc 4.222 win_res 5.814 cur_res 5.814 retries 0
[memsplit] iter 12700  persist 0.548  bb 2.724  head 0.182  bwd_extra 0.768  peak 4.222
[memsplit] iter 12720  persist 0.348  bb 2.727  head 0.181  bwd_extra 0.876  peak 4.132
[memsplit] iter 12740  persist 0.548  bb 2.724  head 0.182  bwd_extra 0.768  peak 4.222
[memsplit] iter 12760  persist 0.548  bb 2.724  head 0.182  bwd_extra 0.768  peak 4.223
[memsplit] iter 12780  persist 0.548  bb 2.724  head 0.182  bwd_extra 0.768  peak 4.223
[mem] iter  12800 win_alloc 4.223 win_res 5.814 cur_res 5.814 retries 0
[memsplit] iter 12800  persist 0.348  bb 2.727  head 0.181  bwd_extra 0.876  peak 4.132
[memsplit] iter 12820  persist 0.548  bb 2.724  head 0.182  bwd_extra 0.768  peak 4.223
[memsplit] iter 12840  persist 0.548  bb 2.724  head 0.182  bwd_extra 0.768  peak 4.223
[memsplit] iter 12860  persist 0.548  bb 2.724  head 0.182  bwd_extra 0.768  peak 4.223
[memsplit] iter 12880  persist 0.348  bb 2.727  head 0.181  bwd_extra 0.876  peak 4.132
[mem] iter  12900 win_alloc 4.223 win_res 5.814 cur_res 5.814 retries 0
[memsplit] iter 12900  persist 0.548  bb 2.724  head 0.182  bwd_extra 0.768  peak 4.223
[memsplit] iter 12920  persist 0.548  bb 2.724  head 0.182  bwd_extra 0.768  peak 4.223
[memsplit] iter 12940  persist 0.548  bb 2.724  head 0.182  bwd_extra 0.768  peak 4.223
[memsplit] iter 12960  persist 0.348  bb 2.727  head 0.181  bwd_extra 0.876  peak 4.132
[memsplit] iter 12980  persist 0.548  bb 2.724  head 0.182  bwd_extra 0.768  peak 4.223
[mem] iter  13000 win_alloc 4.223 win_res 5.814 cur_res 5.814 retries 0
Task [13000/100020], Train Loss: 0.1052831, Train Accuracy: 0.9738001
[memsplit] iter 13000  persist 0.547  bb 2.724  head 0.182  bwd_extra 0.768  peak 4.222
[memsplit] iter 13020  persist 0.547  bb 2.724  head 0.182  bwd_extra 0.768  peak 4.222
[memsplit] iter 13040  persist 0.347  bb 2.727  head 0.181  bwd_extra 0.876  peak 4.131
[memsplit] iter 13060  persist 0.547  bb 2.724  head 0.182  bwd_extra 0.768  peak 4.222
[memsplit] iter 13080  persist 0.547  bb 2.724  head 0.182  bwd_extra 0.768  peak 4.222
[mem] iter  13100 win_alloc 4.222 win_res 5.814 cur_res 5.814 retries 0
[memsplit] iter 13100  persist 0.547  bb 2.724  head 0.182  bwd_extra 0.768  peak 4.222
[memsplit] iter 13120  persist 0.347  bb 2.727  head 0.181  bwd_extra 0.876  peak 4.131
[memsplit] iter 13140  persist 0.547  bb 2.724  head 0.182  bwd_extra 0.768  peak 4.222
[memsplit] iter 13160  persist 0.547  bb 2.724  head 0.182  bwd_extra 0.768  peak 4.222
[memsplit] iter 13180  persist 0.547  bb 2.724  head 0.182  bwd_extra 0.768  peak 4.222
[mem] iter  13200 win_alloc 4.222 win_res 5.814 cur_res 5.814 retries 0
[memsplit] iter 13200  persist 0.347  bb 2.727  head 0.181  bwd_extra 0.876  peak 4.131
[memsplit] iter 13220  persist 0.547  bb 2.724  head 0.182  bwd_extra 0.768  peak 4.222
[memsplit] iter 13240  persist 0.547  bb 2.724  head 0.182  bwd_extra 0.768  peak 4.222
[memsplit] iter 13260  persist 0.547  bb 2.724  head 0.182  bwd_extra 0.768  peak 4.222
[memsplit] iter 13280  persist 0.348  bb 2.727  head 0.181  bwd_extra 0.876  peak 4.131
[mem] iter  13300 win_alloc 4.222 win_res 5.814 cur_res 5.814 retries 0
[memsplit] iter 13300  persist 0.547  bb 2.724  head 0.182  bwd_extra 0.768  peak 4.222
[memsplit] iter 13320  persist 0.547  bb 2.724  head 0.182  bwd_extra 0.768  peak 4.222
[memsplit] iter 13340  persist 0.547  bb 2.724  head 0.182  bwd_extra 0.768  peak 4.222
[memsplit] iter 13360  persist 0.348  bb 2.727  head 0.181  bwd_extra 0.876  peak 4.131
[memsplit] iter 13380  persist 0.547  bb 2.724  head 0.182  bwd_extra 0.768  peak 4.222
[mem] iter  13400 win_alloc 4.222 win_res 5.814 cur_res 5.814 retries 0
[memsplit] iter 13400  persist 0.547  bb 2.724  head 0.182  bwd_extra 0.768  peak 4.222
[memsplit] iter 13420  persist 0.547  bb 2.724  head 0.182  bwd_extra 0.768  peak 4.222
[memsplit] iter 13440  persist 0.348  bb 2.727  head 0.181  bwd_extra 0.876  peak 4.131
[memsplit] iter 13460  persist 0.547  bb 2.724  head 0.182  bwd_extra 0.768  peak 4.222
[memsplit] iter 13480  persist 0.547  bb 2.724  head 0.182  bwd_extra 0.768  peak 4.222
[mem] iter  13500 win_alloc 4.222 win_res 5.814 cur_res 5.814 retries 0
[memsplit] iter 13500  persist 0.547  bb 2.724  head 0.182  bwd_extra 0.768  peak 4.222
[memsplit] iter 13520  persist 0.348  bb 2.727  head 0.181  bwd_extra 0.876  peak 4.131
[memsplit] iter 13540  persist 0.547  bb 2.724  head 0.182  bwd_extra 0.768  peak 4.222
[memsplit] iter 13560  persist 0.547  bb 2.724  head 0.182  bwd_extra 0.768  peak 4.222
[memsplit] iter 13580  persist 0.547  bb 2.724  head 0.182  bwd_extra 0.768  peak 4.222
[mem] iter  13600 win_alloc 4.222 win_res 5.814 cur_res 5.814 retries 0
[memsplit] iter 13600  persist 0.348  bb 2.727  head 0.181  bwd_extra 0.876  peak 4.132
[memsplit] iter 13620  persist 0.548  bb 2.724  head 0.182  bwd_extra 0.768  peak 4.222
[memsplit] iter 13640  persist 0.548  bb 2.724  head 0.182  bwd_extra 0.768  peak 4.222
[memsplit] iter 13660  persist 0.548  bb 2.724  head 0.182  bwd_extra 0.768  peak 4.222
[memsplit] iter 13680  persist 0.348  bb 2.727  head 0.181  bwd_extra 0.876  peak 4.132
[mem] iter  13700 win_alloc 4.222 win_res 5.814 cur_res 5.814 retries 0
[memsplit] iter 13700  persist 0.548  bb 2.724  head 0.182  bwd_extra 0.768  peak 4.222
[memsplit] iter 13720  persist 0.548  bb 2.724  head 0.182  bwd_extra 0.768  peak 4.222
[memsplit] iter 13740  persist 0.548  bb 2.724  head 0.182  bwd_extra 0.768  peak 4.222
[memsplit] iter 13760  persist 0.348  bb 2.727  head 0.181  bwd_extra 0.876  peak 4.132
[memsplit] iter 13780  persist 0.548  bb 2.724  head 0.182  bwd_extra 0.768  peak 4.223
[mem] iter  13800 win_alloc 4.223 win_res 5.814 cur_res 5.814 retries 0
[memsplit] iter 13800  persist 0.548  bb 2.724  head 0.182  bwd_extra 0.768  peak 4.223
[memsplit] iter 13820  persist 0.548  bb 2.724  head 0.182  bwd_extra 0.768  peak 4.223
[memsplit] iter 13840  persist 0.348  bb 2.727  head 0.181  bwd_extra 0.876  peak 4.132
[memsplit] iter 13860  persist 0.548  bb 2.724  head 0.182  bwd_extra 0.768  peak 4.223
[memsplit] iter 13880  persist 0.548  bb 2.724  head 0.182  bwd_extra 0.768  peak 4.223
[mem] iter  13900 win_alloc 4.223 win_res 5.814 cur_res 5.814 retries 0
[memsplit] iter 13900  persist 0.548  bb 2.724  head 0.182  bwd_extra 0.768  peak 4.223
[memsplit] iter 13920  persist 0.348  bb 2.727  head 0.181  bwd_extra 0.876  peak 4.132
[memsplit] iter 13940  persist 0.548  bb 2.724  head 0.182  bwd_extra 0.768  peak 4.223
[memsplit] iter 13960  persist 0.548  bb 2.724  head 0.182  bwd_extra 0.768  peak 4.223
[memsplit] iter 13980  persist 0.548  bb 2.724  head 0.182  bwd_extra 0.768  peak 4.223
[mem] iter  14000 win_alloc 4.223 win_res 5.814 cur_res 5.814 retries 0
Task [14000/100020], Train Loss: 0.0983311, Train Accuracy: 0.9775200
[memsplit] iter 14000  persist 0.347  bb 2.727  head 0.181  bwd_extra 0.876  peak 4.131
[memsplit] iter 14020  persist 0.547  bb 2.724  head 0.182  bwd_extra 0.768  peak 4.222
[memsplit] iter 14040  persist 0.547  bb 2.724  head 0.182  bwd_extra 0.768  peak 4.222
[memsplit] iter 14060  persist 0.547  bb 2.724  head 0.182  bwd_extra 0.768  peak 4.222
[memsplit] iter 14080  persist 0.347  bb 2.727  head 0.181  bwd_extra 0.876  peak 4.131
[mem] iter  14100 win_alloc 4.222 win_res 5.814 cur_res 5.814 retries 0
[memsplit] iter 14100  persist 0.547  bb 2.724  head 0.182  bwd_extra 0.768  peak 4.222
[memsplit] iter 14120  persist 0.547  bb 2.724  head 0.182  bwd_extra 0.768  peak 4.222
[memsplit] iter 14140  persist 0.547  bb 2.724  head 0.182  bwd_extra 0.768  peak 4.222
[memsplit] iter 14160  persist 0.347  bb 2.727  head 0.181  bwd_extra 0.876  peak 4.131
[memsplit] iter 14180  persist 0.547  bb 2.724  head 0.182  bwd_extra 0.768  peak 4.222
[mem] iter  14200 win_alloc 4.222 win_res 5.814 cur_res 5.814 retries 0
[memsplit] iter 14200  persist 0.547  bb 2.724  head 0.182  bwd_extra 0.768  peak 4.222
[memsplit] iter 14220  persist 0.547  bb 2.724  head 0.182  bwd_extra 0.768  peak 4.222
[memsplit] iter 14240  persist 0.347  bb 2.727  head 0.181  bwd_extra 0.876  peak 4.131
[memsplit] iter 14260  persist 0.547  bb 2.724  head 0.182  bwd_extra 0.768  peak 4.222
[memsplit] iter 14280  persist 0.547  bb 2.724  head 0.182  bwd_extra 0.768  peak 4.222
[mem] iter  14300 win_alloc 4.222 win_res 5.814 cur_res 5.814 retries 0
[memsplit] iter 14300  persist 0.547  bb 2.724  head 0.182  bwd_extra 0.768  peak 4.222
[memsplit] iter 14320  persist 0.348  bb 2.727  head 0.181  bwd_extra 0.876  peak 4.131
[memsplit] iter 14340  persist 0.547  bb 2.724  head 0.182  bwd_extra 0.768  peak 4.222
[memsplit] iter 14360  persist 0.547  bb 2.724  head 0.182  bwd_extra 0.768  peak 4.222
[memsplit] iter 14380  persist 0.547  bb 2.724  head 0.182  bwd_extra 0.768  peak 4.222
[mem] iter  14400 win_alloc 4.222 win_res 5.814 cur_res 5.814 retries 0
[memsplit] iter 14400  persist 0.348  bb 2.727  head 0.181  bwd_extra 0.876  peak 4.131
[memsplit] iter 14420  persist 0.547  bb 2.724  head 0.182  bwd_extra 0.768  peak 4.222
[memsplit] iter 14440  persist 0.547  bb 2.724  head 0.182  bwd_extra 0.768  peak 4.222
[memsplit] iter 14460  persist 0.547  bb 2.724  head 0.182  bwd_extra 0.768  peak 4.222
[memsplit] iter 14480  persist 0.348  bb 2.727  head 0.181  bwd_extra 0.876  peak 4.131
[mem] iter  14500 win_alloc 4.222 win_res 5.814 cur_res 5.814 retries 0
[memsplit] iter 14500  persist 0.547  bb 2.724  head 0.182  bwd_extra 0.768  peak 4.222
[memsplit] iter 14520  persist 0.547  bb 2.724  head 0.182  bwd_extra 0.768  peak 4.222
[memsplit] iter 14540  persist 0.547  bb 2.724  head 0.182  bwd_extra 0.768  peak 4.222
[memsplit] iter 14560  persist 0.348  bb 2.727  head 0.181  bwd_extra 0.876  peak 4.132
[memsplit] iter 14580  persist 0.547  bb 2.724  head 0.182  bwd_extra 0.768  peak 4.222
[mem] iter  14600 win_alloc 4.222 win_res 5.814 cur_res 5.814 retries 0
[memsplit] iter 14600  persist 0.547  bb 2.724  head 0.182  bwd_extra 0.768  peak 4.222
[memsplit] iter 14620  persist 0.548  bb 2.724  head 0.182  bwd_extra 0.768  peak 4.222
[memsplit] iter 14640  persist 0.348  bb 2.727  head 0.181  bwd_extra 0.876  peak 4.132
[memsplit] iter 14660  persist 0.548  bb 2.724  head 0.182  bwd_extra 0.768  peak 4.222
[memsplit] iter 14680  persist 0.548  bb 2.724  head 0.182  bwd_extra 0.768  peak 4.222
[mem] iter  14700 win_alloc 4.222 win_res 5.814 cur_res 5.814 retries 0
[memsplit] iter 14700  persist 0.548  bb 2.724  head 0.182  bwd_extra 0.768  peak 4.222
[memsplit] iter 14720  persist 0.348  bb 2.727  head 0.181  bwd_extra 0.876  peak 4.132
[memsplit] iter 14740  persist 0.548  bb 2.724  head 0.182  bwd_extra 0.768  peak 4.222
[memsplit] iter 14760  persist 0.548  bb 2.724  head 0.182  bwd_extra 0.768  peak 4.223
[memsplit] iter 14780  persist 0.548  bb 2.724  head 0.182  bwd_extra 0.768  peak 4.223
[mem] iter  14800 win_alloc 4.223 win_res 5.814 cur_res 5.814 retries 0
[memsplit] iter 14800  persist 0.348  bb 2.727  head 0.181  bwd_extra 0.876  peak 4.132
[memsplit] iter 14820  persist 0.548  bb 2.724  head 0.182  bwd_extra 0.768  peak 4.223
[memsplit] iter 14840  persist 0.548  bb 2.724  head 0.182  bwd_extra 0.768  peak 4.223
[memsplit] iter 14860  persist 0.548  bb 2.724  head 0.182  bwd_extra 0.768  peak 4.223
[memsplit] iter 14880  persist 0.348  bb 2.727  head 0.181  bwd_extra 0.876  peak 4.132
[mem] iter  14900 win_alloc 4.223 win_res 5.814 cur_res 5.814 retries 0
[memsplit] iter 14900  persist 0.548  bb 2.724  head 0.182  bwd_extra 0.768  peak 4.223
[memsplit] iter 14920  persist 0.548  bb 2.724  head 0.182  bwd_extra 0.768  peak 4.223
[memsplit] iter 14940  persist 0.548  bb 2.724  head 0.182  bwd_extra 0.768  peak 4.223
[memsplit] iter 14960  persist 0.348  bb 2.727  head 0.181  bwd_extra 0.876  peak 4.132
[memsplit] iter 14980  persist 0.548  bb 2.724  head 0.182  bwd_extra 0.768  peak 4.223
[mem] iter  15000 win_alloc 4.223 win_res 5.814 cur_res 5.814 retries 0
Task [15000/100020], Train Loss: 0.0868578, Train Accuracy: 0.9797200
[memsplit] iter 15000  persist 0.547  bb 2.724  head 0.182  bwd_extra 0.768  peak 4.222
[memsplit] iter 15020  persist 0.547  bb 2.724  head 0.182  bwd_extra 0.768  peak 4.222
[memsplit] iter 15040  persist 0.347  bb 2.727  head 0.181  bwd_extra 0.876  peak 4.131
[memsplit] iter 15060  persist 0.547  bb 2.724  head 0.182  bwd_extra 0.768  peak 4.222
[memsplit] iter 15080  persist 0.547  bb 2.724  head 0.182  bwd_extra 0.768  peak 4.222
[mem] iter  15100 win_alloc 4.222 win_res 5.814 cur_res 5.814 retries 0
[memsplit] iter 15100  persist 0.547  bb 2.724  head 0.182  bwd_extra 0.768  peak 4.222
[memsplit] iter 15120  persist 0.347  bb 2.727  head 0.181  bwd_extra 0.876  peak 4.131
[memsplit] iter 15140  persist 0.547  bb 2.724  head 0.182  bwd_extra 0.768  peak 4.222
[memsplit] iter 15160  persist 0.547  bb 2.724  head 0.182  bwd_extra 0.768  peak 4.222
[memsplit] iter 15180  persist 0.547  bb 2.724  head 0.182  bwd_extra 0.768  peak 4.222
[mem] iter  15200 win_alloc 4.222 win_res 5.814 cur_res 5.814 retries 0
[memsplit] iter 15200  persist 0.347  bb 2.727  head 0.181  bwd_extra 0.876  peak 4.131
[memsplit] iter 15220  persist 0.547  bb 2.724  head 0.182  bwd_extra 0.768  peak 4.222
[memsplit] iter 15240  persist 0.547  bb 2.724  head 0.182  bwd_extra 0.768  peak 4.222
[memsplit] iter 15260  persist 0.547  bb 2.724  head 0.182  bwd_extra 0.768  peak 4.222
[memsplit] iter 15280  persist 0.348  bb 2.727  head 0.181  bwd_extra 0.876  peak 4.131
[mem] iter  15300 win_alloc 4.222 win_res 5.814 cur_res 5.814 retries 0
[memsplit] iter 15300  persist 0.547  bb 2.724  head 0.182  bwd_extra 0.768  peak 4.222
[memsplit] iter 15320  persist 0.547  bb 2.724  head 0.182  bwd_extra 0.768  peak 4.222
[memsplit] iter 15340  persist 0.547  bb 2.724  head 0.182  bwd_extra 0.768  peak 4.222
[memsplit] iter 15360  persist 0.348  bb 2.727  head 0.181  bwd_extra 0.876  peak 4.131
[memsplit] iter 15380  persist 0.547  bb 2.724  head 0.182  bwd_extra 0.768  peak 4.222
[mem] iter  15400 win_alloc 4.222 win_res 5.814 cur_res 5.814 retries 0
[memsplit] iter 15400  persist 0.547  bb 2.724  head 0.182  bwd_extra 0.768  peak 4.222
[memsplit] iter 15420  persist 0.547  bb 2.724  head 0.182  bwd_extra 0.768  peak 4.222
[memsplit] iter 15440  persist 0.348  bb 2.727  head 0.181  bwd_extra 0.876  peak 4.131
[memsplit] iter 15460  persist 0.547  bb 2.724  head 0.182  bwd_extra 0.768  peak 4.222
[memsplit] iter 15480  persist 0.547  bb 2.724  head 0.182  bwd_extra 0.768  peak 4.222
[mem] iter  15500 win_alloc 4.222 win_res 5.814 cur_res 5.814 retries 0
[memsplit] iter 15500  persist 0.547  bb 2.724  head 0.182  bwd_extra 0.768  peak 4.222
[memsplit] iter 15520  persist 0.348  bb 2.727  head 0.181  bwd_extra 0.876  peak 4.131
[memsplit] iter 15540  persist 0.547  bb 2.724  head 0.182  bwd_extra 0.768  peak 4.222
[memsplit] iter 15560  persist 0.547  bb 2.724  head 0.182  bwd_extra 0.768  peak 4.222
[memsplit] iter 15580  persist 0.547  bb 2.724  head 0.182  bwd_extra 0.768  peak 4.222
[mem] iter  15600 win_alloc 4.222 win_res 5.814 cur_res 5.814 retries 0
[memsplit] iter 15600  persist 0.348  bb 2.727  head 0.181  bwd_extra 0.876  peak 4.132
[memsplit] iter 15620  persist 0.548  bb 2.724  head 0.182  bwd_extra 0.768  peak 4.222
[memsplit] iter 15640  persist 0.548  bb 2.724  head 0.182  bwd_extra 0.768  peak 4.222
[memsplit] iter 15660  persist 0.548  bb 2.724  head 0.182  bwd_extra 0.768  peak 4.222
[memsplit] iter 15680  persist 0.348  bb 2.727  head 0.181  bwd_extra 0.876  peak 4.132
[mem] iter  15700 win_alloc 4.222 win_res 5.814 cur_res 5.814 retries 0
[memsplit] iter 15700  persist 0.548  bb 2.724  head 0.182  bwd_extra 0.768  peak 4.222
[memsplit] iter 15720  persist 0.548  bb 2.724  head 0.182  bwd_extra 0.768  peak 4.222
[memsplit] iter 15740  persist 0.548  bb 2.724  head 0.182  bwd_extra 0.768  peak 4.222
[memsplit] iter 15760  persist 0.348  bb 2.727  head 0.181  bwd_extra 0.876  peak 4.132
[memsplit] iter 15780  persist 0.548  bb 2.724  head 0.182  bwd_extra 0.768  peak 4.223
[mem] iter  15800 win_alloc 4.223 win_res 5.814 cur_res 5.814 retries 0
[memsplit] iter 15800  persist 0.548  bb 2.724  head 0.182  bwd_extra 0.768  peak 4.223
[memsplit] iter 15820  persist 0.548  bb 2.724  head 0.182  bwd_extra 0.768  peak 4.223
[memsplit] iter 15840  persist 0.348  bb 2.727  head 0.181  bwd_extra 0.876  peak 4.132
[memsplit] iter 15860  persist 0.548  bb 2.724  head 0.182  bwd_extra 0.768  peak 4.223
[memsplit] iter 15880  persist 0.548  bb 2.724  head 0.182  bwd_extra 0.768  peak 4.223
[mem] iter  15900 win_alloc 4.223 win_res 5.814 cur_res 5.814 retries 0
[memsplit] iter 15900  persist 0.548  bb 2.724  head 0.182  bwd_extra 0.768  peak 4.223
[memsplit] iter 15920  persist 0.348  bb 2.727  head 0.181  bwd_extra 0.876  peak 4.132
[memsplit] iter 15940  persist 0.548  bb 2.724  head 0.182  bwd_extra 0.768  peak 4.223
[memsplit] iter 15960  persist 0.548  bb 2.724  head 0.182  bwd_extra 0.768  peak 4.223
[memsplit] iter 15980  persist 0.548  bb 2.724  head 0.182  bwd_extra 0.768  peak 4.223
[mem] iter  16000 win_alloc 4.223 win_res 5.814 cur_res 5.814 retries 0
Task [16000/100020], Train Loss: 0.0794007, Train Accuracy: 0.9811200
[memsplit] iter 16000  persist 0.347  bb 2.727  head 0.181  bwd_extra 0.876  peak 4.131
[memsplit] iter 16020  persist 0.547  bb 2.724  head 0.182  bwd_extra 0.768  peak 4.222
[memsplit] iter 16040  persist 0.547  bb 2.724  head 0.182  bwd_extra 0.768  peak 4.222
[memsplit] iter 16060  persist 0.547  bb 2.724  head 0.182  bwd_extra 0.768  peak 4.222
[memsplit] iter 16080  persist 0.347  bb 2.727  head 0.181  bwd_extra 0.876  peak 4.131
[mem] iter  16100 win_alloc 4.222 win_res 5.814 cur_res 5.814 retries 0
[memsplit] iter 16100  persist 0.547  bb 2.724  head 0.182  bwd_extra 0.768  peak 4.222
[memsplit] iter 16120  persist 0.547  bb 2.724  head 0.182  bwd_extra 0.768  peak 4.222
[memsplit] iter 16140  persist 0.547  bb 2.724  head 0.182  bwd_extra 0.768  peak 4.222
[memsplit] iter 16160  persist 0.347  bb 2.727  head 0.181  bwd_extra 0.876  peak 4.131
[memsplit] iter 16180  persist 0.547  bb 2.724  head 0.182  bwd_extra 0.768  peak 4.222
[mem] iter  16200 win_alloc 4.222 win_res 5.814 cur_res 5.814 retries 0
[memsplit] iter 16200  persist 0.547  bb 2.724  head 0.182  bwd_extra 0.768  peak 4.222
[memsplit] iter 16220  persist 0.547  bb 2.724  head 0.182  bwd_extra 0.768  peak 4.222
[memsplit] iter 16240  persist 0.347  bb 2.727  head 0.181  bwd_extra 0.876  peak 4.131
[memsplit] iter 16260  persist 0.547  bb 2.724  head 0.182  bwd_extra 0.768  peak 4.222
[memsplit] iter 16280  persist 0.547  bb 2.724  head 0.182  bwd_extra 0.768  peak 4.222
[mem] iter  16300 win_alloc 4.222 win_res 5.814 cur_res 5.814 retries 0
[memsplit] iter 16300  persist 0.547  bb 2.724  head 0.182  bwd_extra 0.768  peak 4.222
[memsplit] iter 16320  persist 0.348  bb 2.727  head 0.181  bwd_extra 0.876  peak 4.131
[memsplit] iter 16340  persist 0.547  bb 2.724  head 0.182  bwd_extra 0.768  peak 4.222
[memsplit] iter 16360  persist 0.547  bb 2.724  head 0.182  bwd_extra 0.768  peak 4.222
[memsplit] iter 16380  persist 0.547  bb 2.724  head 0.182  bwd_extra 0.768  peak 4.222
[mem] iter  16400 win_alloc 4.222 win_res 5.814 cur_res 5.814 retries 0
[memsplit] iter 16400  persist 0.348  bb 2.727  head 0.181  bwd_extra 0.876  peak 4.131
[memsplit] iter 16420  persist 0.547  bb 2.724  head 0.182  bwd_extra 0.768  peak 4.222
[memsplit] iter 16440  persist 0.547  bb 2.724  head 0.182  bwd_extra 0.768  peak 4.222
[memsplit] iter 16460  persist 0.547  bb 2.724  head 0.182  bwd_extra 0.768  peak 4.222
[memsplit] iter 16480  persist 0.348  bb 2.727  head 0.181  bwd_extra 0.876  peak 4.131
[mem] iter  16500 win_alloc 4.222 win_res 5.814 cur_res 5.814 retries 0
[memsplit] iter 16500  persist 0.547  bb 2.724  head 0.182  bwd_extra 0.768  peak 4.222
[memsplit] iter 16520  persist 0.547  bb 2.724  head 0.182  bwd_extra 0.768  peak 4.222
[memsplit] iter 16540  persist 0.547  bb 2.724  head 0.182  bwd_extra 0.768  peak 4.222
[memsplit] iter 16560  persist 0.348  bb 2.727  head 0.181  bwd_extra 0.876  peak 4.132
[memsplit] iter 16580  persist 0.547  bb 2.724  head 0.182  bwd_extra 0.768  peak 4.222
[mem] iter  16600 win_alloc 4.222 win_res 5.814 cur_res 5.814 retries 0
[memsplit] iter 16600  persist 0.547  bb 2.724  head 0.182  bwd_extra 0.768  peak 4.222
[memsplit] iter 16620  persist 0.548  bb 2.724  head 0.182  bwd_extra 0.768  peak 4.222
[memsplit] iter 16640  persist 0.348  bb 2.727  head 0.181  bwd_extra 0.876  peak 4.132
[memsplit] iter 16660  persist 0.548  bb 2.724  head 0.182  bwd_extra 0.768  peak 4.222
[memsplit] iter 16680  persist 0.548  bb 2.724  head 0.182  bwd_extra 0.768  peak 4.222
[mem] iter  16700 win_alloc 4.222 win_res 5.814 cur_res 5.814 retries 0
[memsplit] iter 16700  persist 0.548  bb 2.724  head 0.182  bwd_extra 0.768  peak 4.222
[memsplit] iter 16720  persist 0.348  bb 2.727  head 0.181  bwd_extra 0.876  peak 4.132
[memsplit] iter 16740  persist 0.548  bb 2.724  head 0.182  bwd_extra 0.768  peak 4.222
[memsplit] iter 16760  persist 0.548  bb 2.724  head 0.182  bwd_extra 0.768  peak 4.223
[memsplit] iter 16780  persist 0.548  bb 2.724  head 0.182  bwd_extra 0.768  peak 4.223
[mem] iter  16800 win_alloc 4.223 win_res 5.814 cur_res 5.814 retries 0
[memsplit] iter 16800  persist 0.348  bb 2.727  head 0.181  bwd_extra 0.876  peak 4.132
[memsplit] iter 16820  persist 0.548  bb 2.724  head 0.182  bwd_extra 0.768  peak 4.223
[memsplit] iter 16840  persist 0.548  bb 2.724  head 0.182  bwd_extra 0.768  peak 4.223
[memsplit] iter 16860  persist 0.548  bb 2.724  head 0.182  bwd_extra 0.768  peak 4.223
[memsplit] iter 16880  persist 0.348  bb 2.727  head 0.181  bwd_extra 0.876  peak 4.132
[mem] iter  16900 win_alloc 4.223 win_res 5.814 cur_res 5.814 retries 0
[memsplit] iter 16900  persist 0.548  bb 2.724  head 0.182  bwd_extra 0.768  peak 4.223
[memsplit] iter 16920  persist 0.548  bb 2.724  head 0.182  bwd_extra 0.768  peak 4.223
[memsplit] iter 16940  persist 0.548  bb 2.724  head 0.182  bwd_extra 0.768  peak 4.223
[memsplit] iter 16960  persist 0.348  bb 2.727  head 0.181  bwd_extra 0.876  peak 4.132
[memsplit] iter 16980  persist 0.548  bb 2.724  head 0.182  bwd_extra 0.768  peak 4.223
[mem] iter  17000 win_alloc 4.223 win_res 5.814 cur_res 5.814 retries 0
Task [17000/100020], Train Loss: 0.0726611, Train Accuracy: 0.9828400
[memsplit] iter 17000  persist 0.547  bb 2.724  head 0.182  bwd_extra 0.768  peak 4.222
[memsplit] iter 17020  persist 0.547  bb 2.724  head 0.182  bwd_extra 0.768  peak 4.222
[memsplit] iter 17040  persist 0.347  bb 2.727  head 0.181  bwd_extra 0.876  peak 4.131
[memsplit] iter 17060  persist 0.547  bb 2.724  head 0.182  bwd_extra 0.768  peak 4.222
[memsplit] iter 17080  persist 0.547  bb 2.724  head 0.182  bwd_extra 0.768  peak 4.222
[mem] iter  17100 win_alloc 4.222 win_res 5.814 cur_res 5.814 retries 0
[memsplit] iter 17100  persist 0.547  bb 2.724  head 0.182  bwd_extra 0.768  peak 4.222
[memsplit] iter 17120  persist 0.347  bb 2.727  head 0.181  bwd_extra 0.876  peak 4.131
[memsplit] iter 17140  persist 0.547  bb 2.724  head 0.182  bwd_extra 0.768  peak 4.222
[memsplit] iter 17160  persist 0.547  bb 2.724  head 0.182  bwd_extra 0.768  peak 4.222
[memsplit] iter 17180  persist 0.547  bb 2.724  head 0.182  bwd_extra 0.768  peak 4.222
[mem] iter  17200 win_alloc 4.222 win_res 5.814 cur_res 5.814 retries 0
[memsplit] iter 17200  persist 0.347  bb 2.727  head 0.181  bwd_extra 0.876  peak 4.131
[memsplit] iter 17220  persist 0.547  bb 2.724  head 0.182  bwd_extra 0.768  peak 4.222
[memsplit] iter 17240  persist 0.547  bb 2.724  head 0.182  bwd_extra 0.768  peak 4.222
[memsplit] iter 17260  persist 0.547  bb 2.724  head 0.182  bwd_extra 0.768  peak 4.222
[memsplit] iter 17280  persist 0.348  bb 2.727  head 0.181  bwd_extra 0.876  peak 4.131
[mem] iter  17300 win_alloc 4.222 win_res 5.814 cur_res 5.814 retries 0
[memsplit] iter 17300  persist 0.547  bb 2.724  head 0.182  bwd_extra 0.768  peak 4.222
[memsplit] iter 17320  persist 0.547  bb 2.724  head 0.182  bwd_extra 0.768  peak 4.222
[memsplit] iter 17340  persist 0.547  bb 2.724  head 0.182  bwd_extra 0.768  peak 4.222
[memsplit] iter 17360  persist 0.348  bb 2.727  head 0.181  bwd_extra 0.876  peak 4.131
[memsplit] iter 17380  persist 0.547  bb 2.724  head 0.182  bwd_extra 0.768  peak 4.222
[mem] iter  17400 win_alloc 4.222 win_res 5.814 cur_res 5.814 retries 0
[memsplit] iter 17400  persist 0.547  bb 2.724  head 0.182  bwd_extra 0.768  peak 4.222
[memsplit] iter 17420  persist 0.547  bb 2.724  head 0.182  bwd_extra 0.768  peak 4.222
[memsplit] iter 17440  persist 0.348  bb 2.727  head 0.181  bwd_extra 0.876  peak 4.131
[memsplit] iter 17460  persist 0.547  bb 2.724  head 0.182  bwd_extra 0.768  peak 4.222
[memsplit] iter 17480  persist 0.547  bb 2.724  head 0.182  bwd_extra 0.768  peak 4.222
[mem] iter  17500 win_alloc 4.222 win_res 5.814 cur_res 5.814 retries 0
[memsplit] iter 17500  persist 0.547  bb 2.724  head 0.182  bwd_extra 0.768  peak 4.222
[memsplit] iter 17520  persist 0.348  bb 2.727  head 0.181  bwd_extra 0.876  peak 4.131
[memsplit] iter 17540  persist 0.547  bb 2.724  head 0.182  bwd_extra 0.768  peak 4.222
[memsplit] iter 17560  persist 0.547  bb 2.724  head 0.182  bwd_extra 0.768  peak 4.222
[memsplit] iter 17580  persist 0.547  bb 2.724  head 0.182  bwd_extra 0.768  peak 4.222
[mem] iter  17600 win_alloc 4.222 win_res 5.814 cur_res 5.814 retries 0
[memsplit] iter 17600  persist 0.348  bb 2.727  head 0.181  bwd_extra 0.876  peak 4.132
[memsplit] iter 17620  persist 0.548  bb 2.724  head 0.182  bwd_extra 0.768  peak 4.222
[memsplit] iter 17640  persist 0.548  bb 2.724  head 0.182  bwd_extra 0.768  peak 4.222
[memsplit] iter 17660  persist 0.548  bb 2.724  head 0.182  bwd_extra 0.768  peak 4.222
[memsplit] iter 17680  persist 0.348  bb 2.727  head 0.181  bwd_extra 0.876  peak 4.132
[mem] iter  17700 win_alloc 4.222 win_res 5.814 cur_res 5.814 retries 0
[memsplit] iter 17700  persist 0.548  bb 2.724  head 0.182  bwd_extra 0.768  peak 4.222
[memsplit] iter 17720  persist 0.548  bb 2.724  head 0.182  bwd_extra 0.768  peak 4.222
[memsplit] iter 17740  persist 0.548  bb 2.724  head 0.182  bwd_extra 0.768  peak 4.222
[memsplit] iter 17760  persist 0.348  bb 2.727  head 0.181  bwd_extra 0.876  peak 4.132
[memsplit] iter 17780  persist 0.548  bb 2.724  head 0.182  bwd_extra 0.768  peak 4.223
[mem] iter  17800 win_alloc 4.223 win_res 5.814 cur_res 5.814 retries 0
[memsplit] iter 17800  persist 0.548  bb 2.724  head 0.182  bwd_extra 0.768  peak 4.223
[memsplit] iter 17820  persist 0.548  bb 2.724  head 0.182  bwd_extra 0.768  peak 4.223
[memsplit] iter 17840  persist 0.348  bb 2.727  head 0.181  bwd_extra 0.876  peak 4.132
[memsplit] iter 17860  persist 0.548  bb 2.724  head 0.182  bwd_extra 0.768  peak 4.223
[memsplit] iter 17880  persist 0.548  bb 2.724  head 0.182  bwd_extra 0.768  peak 4.223
[mem] iter  17900 win_alloc 4.223 win_res 5.814 cur_res 5.814 retries 0
[memsplit] iter 17900  persist 0.548  bb 2.724  head 0.182  bwd_extra 0.768  peak 4.223
[memsplit] iter 17920  persist 0.348  bb 2.727  head 0.181  bwd_extra 0.876  peak 4.132
[memsplit] iter 17940  persist 0.548  bb 2.724  head 0.182  bwd_extra 0.768  peak 4.223
[memsplit] iter 17960  persist 0.548  bb 2.724  head 0.182  bwd_extra 0.768  peak 4.223
[memsplit] iter 17980  persist 0.548  bb 2.724  head 0.182  bwd_extra 0.768  peak 4.223
[mem] iter  18000 win_alloc 4.223 win_res 5.814 cur_res 5.814 retries 0
Task [18000/100020], Train Loss: 0.0629081, Train Accuracy: 0.9852800
[memsplit] iter 18000  persist 0.347  bb 2.727  head 0.181  bwd_extra 0.876  peak 4.131
[memsplit] iter 18020  persist 0.547  bb 2.724  head 0.182  bwd_extra 0.768  peak 4.222
[memsplit] iter 18040  persist 0.547  bb 2.724  head 0.182  bwd_extra 0.768  peak 4.222
[memsplit] iter 18060  persist 0.547  bb 2.724  head 0.182  bwd_extra 0.768  peak 4.222
[memsplit] iter 18080  persist 0.347  bb 2.727  head 0.181  bwd_extra 0.876  peak 4.131
[mem] iter  18100 win_alloc 4.222 win_res 5.814 cur_res 5.814 retries 0
[memsplit] iter 18100  persist 0.547  bb 2.724  head 0.182  bwd_extra 0.768  peak 4.222
[memsplit] iter 18120  persist 0.547  bb 2.724  head 0.182  bwd_extra 0.768  peak 4.222
[memsplit] iter 18140  persist 0.547  bb 2.724  head 0.182  bwd_extra 0.768  peak 4.222
[memsplit] iter 18160  persist 0.347  bb 2.727  head 0.181  bwd_extra 0.876  peak 4.131
[memsplit] iter 18180  persist 0.547  bb 2.724  head 0.182  bwd_extra 0.768  peak 4.222
[mem] iter  18200 win_alloc 4.222 win_res 5.814 cur_res 5.814 retries 0
[memsplit] iter 18200  persist 0.547  bb 2.724  head 0.182  bwd_extra 0.768  peak 4.222
[memsplit] iter 18220  persist 0.547  bb 2.724  head 0.182  bwd_extra 0.768  peak 4.222
[memsplit] iter 18240  persist 0.347  bb 2.727  head 0.181  bwd_extra 0.876  peak 4.131
[memsplit] iter 18260  persist 0.547  bb 2.724  head 0.182  bwd_extra 0.768  peak 4.222
[memsplit] iter 18280  persist 0.547  bb 2.724  head 0.182  bwd_extra 0.768  peak 4.222
[mem] iter  18300 win_alloc 4.222 win_res 5.814 cur_res 5.814 retries 0
[memsplit] iter 18300  persist 0.547  bb 2.724  head 0.182  bwd_extra 0.768  peak 4.222
[memsplit] iter 18320  persist 0.348  bb 2.727  head 0.181  bwd_extra 0.876  peak 4.131
[memsplit] iter 18340  persist 0.547  bb 2.724  head 0.182  bwd_extra 0.768  peak 4.222
[memsplit] iter 18360  persist 0.547  bb 2.724  head 0.182  bwd_extra 0.768  peak 4.222
[memsplit] iter 18380  persist 0.547  bb 2.724  head 0.182  bwd_extra 0.768  peak 4.222
[mem] iter  18400 win_alloc 4.222 win_res 5.814 cur_res 5.814 retries 0
[memsplit] iter 18400  persist 0.348  bb 2.727  head 0.181  bwd_extra 0.876  peak 4.131
[memsplit] iter 18420  persist 0.547  bb 2.724  head 0.182  bwd_extra 0.768  peak 4.222
[memsplit] iter 18440  persist 0.547  bb 2.724  head 0.182  bwd_extra 0.768  peak 4.222
[memsplit] iter 18460  persist 0.547  bb 2.724  head 0.182  bwd_extra 0.768  peak 4.222
[memsplit] iter 18480  persist 0.348  bb 2.727  head 0.181  bwd_extra 0.876  peak 4.131
[mem] iter  18500 win_alloc 4.222 win_res 5.814 cur_res 5.814 retries 0
[memsplit] iter 18500  persist 0.547  bb 2.724  head 0.182  bwd_extra 0.768  peak 4.222
[memsplit] iter 18520  persist 0.547  bb 2.724  head 0.182  bwd_extra 0.768  peak 4.222
[memsplit] iter 18540  persist 0.547  bb 2.724  head 0.182  bwd_extra 0.768  peak 4.222
[memsplit] iter 18560  persist 0.348  bb 2.727  head 0.181  bwd_extra 0.876  peak 4.132
[memsplit] iter 18580  persist 0.547  bb 2.724  head 0.182  bwd_extra 0.768  peak 4.222
[mem] iter  18600 win_alloc 4.222 win_res 5.814 cur_res 5.814 retries 0
[memsplit] iter 18600  persist 0.547  bb 2.724  head 0.182  bwd_extra 0.768  peak 4.222
[memsplit] iter 18620  persist 0.548  bb 2.724  head 0.182  bwd_extra 0.768  peak 4.222
[memsplit] iter 18640  persist 0.348  bb 2.727  head 0.181  bwd_extra 0.876  peak 4.132
[memsplit] iter 18660  persist 0.548  bb 2.724  head 0.182  bwd_extra 0.768  peak 4.222
[memsplit] iter 18680  persist 0.548  bb 2.724  head 0.182  bwd_extra 0.768  peak 4.222
[mem] iter  18700 win_alloc 4.222 win_res 5.814 cur_res 5.814 retries 0
[memsplit] iter 18700  persist 0.548  bb 2.724  head 0.182  bwd_extra 0.768  peak 4.222
[memsplit] iter 18720  persist 0.348  bb 2.727  head 0.181  bwd_extra 0.876  peak 4.132
[memsplit] iter 18740  persist 0.548  bb 2.724  head 0.182  bwd_extra 0.768  peak 4.222
[memsplit] iter 18760  persist 0.548  bb 2.724  head 0.182  bwd_extra 0.768  peak 4.223
[memsplit] iter 18780  persist 0.548  bb 2.724  head 0.182  bwd_extra 0.768  peak 4.223
[mem] iter  18800 win_alloc 4.223 win_res 5.814 cur_res 5.814 retries 0
[memsplit] iter 18800  persist 0.348  bb 2.727  head 0.181  bwd_extra 0.876  peak 4.132
[memsplit] iter 18820  persist 0.548  bb 2.724  head 0.182  bwd_extra 0.768  peak 4.223
[memsplit] iter 18840  persist 0.548  bb 2.724  head 0.182  bwd_extra 0.768  peak 4.223
[memsplit] iter 18860  persist 0.548  bb 2.724  head 0.182  bwd_extra 0.768  peak 4.223
[memsplit] iter 18880  persist 0.348  bb 2.727  head 0.181  bwd_extra 0.876  peak 4.132
[mem] iter  18900 win_alloc 4.223 win_res 5.814 cur_res 5.814 retries 0
[memsplit] iter 18900  persist 0.548  bb 2.724  head 0.182  bwd_extra 0.768  peak 4.223
[memsplit] iter 18920  persist 0.548  bb 2.724  head 0.182  bwd_extra 0.768  peak 4.223
[memsplit] iter 18940  persist 0.548  bb 2.724  head 0.182  bwd_extra 0.768  peak 4.223
[memsplit] iter 18960  persist 0.348  bb 2.727  head 0.181  bwd_extra 0.876  peak 4.132
[memsplit] iter 18980  persist 0.548  bb 2.724  head 0.182  bwd_extra 0.768  peak 4.223
[mem] iter  19000 win_alloc 4.223 win_res 5.814 cur_res 5.814 retries 0
Task [19000/100020], Train Loss: 0.0530700, Train Accuracy: 0.9872000
[memsplit] iter 19000  persist 0.547  bb 2.724  head 0.182  bwd_extra 0.768  peak 4.222
[memsplit] iter 19020  persist 0.547  bb 2.724  head 0.182  bwd_extra 0.768  peak 4.222
[memsplit] iter 19040  persist 0.347  bb 2.727  head 0.181  bwd_extra 0.876  peak 4.131
[memsplit] iter 19060  persist 0.547  bb 2.724  head 0.182  bwd_extra 0.768  peak 4.222
[memsplit] iter 19080  persist 0.547  bb 2.724  head 0.182  bwd_extra 0.768  peak 4.222
[mem] iter  19100 win_alloc 4.222 win_res 5.814 cur_res 5.814 retries 0
[memsplit] iter 19100  persist 0.547  bb 2.724  head 0.182  bwd_extra 0.768  peak 4.222
[memsplit] iter 19120  persist 0.347  bb 2.727  head 0.181  bwd_extra 0.876  peak 4.131
[memsplit] iter 19140  persist 0.547  bb 2.724  head 0.182  bwd_extra 0.768  peak 4.222
[memsplit] iter 19160  persist 0.547  bb 2.724  head 0.182  bwd_extra 0.768  peak 4.222
[memsplit] iter 19180  persist 0.547  bb 2.724  head 0.182  bwd_extra 0.768  peak 4.222
[mem] iter  19200 win_alloc 4.222 win_res 5.814 cur_res 5.814 retries 0
[memsplit] iter 19200  persist 0.347  bb 2.727  head 0.181  bwd_extra 0.876  peak 4.131
[memsplit] iter 19220  persist 0.547  bb 2.724  head 0.182  bwd_extra 0.768  peak 4.222
[memsplit] iter 19240  persist 0.547  bb 2.724  head 0.182  bwd_extra 0.768  peak 4.222
[memsplit] iter 19260  persist 0.547  bb 2.724  head 0.182  bwd_extra 0.768  peak 4.222
[memsplit] iter 19280  persist 0.348  bb 2.727  head 0.181  bwd_extra 0.876  peak 4.131
[mem] iter  19300 win_alloc 4.222 win_res 5.814 cur_res 5.814 retries 0
[memsplit] iter 19300  persist 0.547  bb 2.724  head 0.182  bwd_extra 0.768  peak 4.222
[memsplit] iter 19320  persist 0.547  bb 2.724  head 0.182  bwd_extra 0.768  peak 4.222
[memsplit] iter 19340  persist 0.547  bb 2.724  head 0.182  bwd_extra 0.768  peak 4.222
[memsplit] iter 19360  persist 0.348  bb 2.727  head 0.181  bwd_extra 0.876  peak 4.131
[memsplit] iter 19380  persist 0.547  bb 2.724  head 0.182  bwd_extra 0.768  peak 4.222
[mem] iter  19400 win_alloc 4.222 win_res 5.814 cur_res 5.814 retries 0
[memsplit] iter 19400  persist 0.547  bb 2.724  head 0.182  bwd_extra 0.768  peak 4.222
[memsplit] iter 19420  persist 0.547  bb 2.724  head 0.182  bwd_extra 0.768  peak 4.222
[memsplit] iter 19440  persist 0.348  bb 2.727  head 0.181  bwd_extra 0.876  peak 4.131
[memsplit] iter 19460  persist 0.547  bb 2.724  head 0.182  bwd_extra 0.768  peak 4.222
[memsplit] iter 19480  persist 0.547  bb 2.724  head 0.182  bwd_extra 0.768  peak 4.222
[mem] iter  19500 win_alloc 4.222 win_res 5.814 cur_res 5.814 retries 0
[memsplit] iter 19500  persist 0.547  bb 2.724  head 0.182  bwd_extra 0.768  peak 4.222
[memsplit] iter 19520  persist 0.348  bb 2.727  head 0.181  bwd_extra 0.876  peak 4.131
[memsplit] iter 19540  persist 0.547  bb 2.724  head 0.182  bwd_extra 0.768  peak 4.222
[memsplit] iter 19560  persist 0.547  bb 2.724  head 0.182  bwd_extra 0.768  peak 4.222
[memsplit] iter 19580  persist 0.547  bb 2.724  head 0.182  bwd_extra 0.768  peak 4.222
[mem] iter  19600 win_alloc 4.222 win_res 5.814 cur_res 5.814 retries 0
[memsplit] iter 19600  persist 0.348  bb 2.727  head 0.181  bwd_extra 0.876  peak 4.132
[memsplit] iter 19620  persist 0.548  bb 2.724  head 0.182  bwd_extra 0.768  peak 4.222
[memsplit] iter 19640  persist 0.548  bb 2.724  head 0.182  bwd_extra 0.768  peak 4.222
[memsplit] iter 19660  persist 0.548  bb 2.724  head 0.182  bwd_extra 0.768  peak 4.222
[memsplit] iter 19680  persist 0.348  bb 2.727  head 0.181  bwd_extra 0.876  peak 4.132
[mem] iter  19700 win_alloc 4.222 win_res 5.814 cur_res 5.814 retries 0
[memsplit] iter 19700  persist 0.548  bb 2.724  head 0.182  bwd_extra 0.768  peak 4.222
[memsplit] iter 19720  persist 0.548  bb 2.724  head 0.182  bwd_extra 0.768  peak 4.222
[memsplit] iter 19740  persist 0.548  bb 2.724  head 0.182  bwd_extra 0.768  peak 4.222
[memsplit] iter 19760  persist 0.348  bb 2.727  head 0.181  bwd_extra 0.876  peak 4.132
[memsplit] iter 19780  persist 0.548  bb 2.724  head 0.182  bwd_extra 0.768  peak 4.223
[mem] iter  19800 win_alloc 4.223 win_res 5.814 cur_res 5.814 retries 0
[memsplit] iter 19800  persist 0.548  bb 2.724  head 0.182  bwd_extra 0.768  peak 4.223
[memsplit] iter 19820  persist 0.548  bb 2.724  head 0.182  bwd_extra 0.768  peak 4.223
[memsplit] iter 19840  persist 0.348  bb 2.727  head 0.181  bwd_extra 0.876  peak 4.132
[memsplit] iter 19860  persist 0.548  bb 2.724  head 0.182  bwd_extra 0.768  peak 4.223
[memsplit] iter 19880  persist 0.548  bb 2.724  head 0.182  bwd_extra 0.768  peak 4.223
[mem] iter  19900 win_alloc 4.223 win_res 5.814 cur_res 5.814 retries 0
[memsplit] iter 19900  persist 0.548  bb 2.724  head 0.182  bwd_extra 0.768  peak 4.223
[memsplit] iter 19920  persist 0.348  bb 2.727  head 0.181  bwd_extra 0.876  peak 4.132
[memsplit] iter 19940  persist 0.548  bb 2.724  head 0.182  bwd_extra 0.768  peak 4.223
[memsplit] iter 19960  persist 0.548  bb 2.724  head 0.182  bwd_extra 0.768  peak 4.223
[memsplit] iter 19980  persist 0.548  bb 2.724  head 0.182  bwd_extra 0.768  peak 4.223
[mem] iter  20000 win_alloc 4.223 win_res 5.814 cur_res 5.814 retries 0
Task [20000/100020], Train Loss: 0.0552848, Train Accuracy: 0.9872800
[memsplit] iter 20000  persist 0.347  bb 2.727  head 0.181  bwd_extra 0.876  peak 4.131
[memsplit] iter 20020  persist 0.547  bb 2.724  head 0.182  bwd_extra 0.768  peak 4.222
[memsplit] iter 20040  persist 0.547  bb 2.724  head 0.182  bwd_extra 0.768  peak 4.222
[memsplit] iter 20060  persist 0.547  bb 2.724  head 0.182  bwd_extra 0.768  peak 4.222
[memsplit] iter 20080  persist 0.347  bb 2.727  head 0.181  bwd_extra 0.876  peak 4.131
[mem] iter  20100 win_alloc 4.222 win_res 5.814 cur_res 5.814 retries 0
[memsplit] iter 20100  persist 0.547  bb 2.724  head 0.182  bwd_extra 0.768  peak 4.222
[memsplit] iter 20120  persist 0.547  bb 2.724  head 0.182  bwd_extra 0.768  peak 4.222
[memsplit] iter 20140  persist 0.547  bb 2.724  head 0.182  bwd_extra 0.768  peak 4.222
[memsplit] iter 20160  persist 0.347  bb 2.727  head 0.181  bwd_extra 0.876  peak 4.131
[memsplit] iter 20180  persist 0.547  bb 2.724  head 0.182  bwd_extra 0.768  peak 4.222
[mem] iter  20200 win_alloc 4.222 win_res 5.814 cur_res 5.814 retries 0
[memsplit] iter 20200  persist 0.547  bb 2.724  head 0.182  bwd_extra 0.768  peak 4.222
[memsplit] iter 20220  persist 0.547  bb 2.724  head 0.182  bwd_extra 0.768  peak 4.222
[memsplit] iter 20240  persist 0.347  bb 2.727  head 0.181  bwd_extra 0.876  peak 4.131
[memsplit] iter 20260  persist 0.547  bb 2.724  head 0.182  bwd_extra 0.768  peak 4.222
[memsplit] iter 20280  persist 0.547  bb 2.724  head 0.182  bwd_extra 0.768  peak 4.222
[mem] iter  20300 win_alloc 4.222 win_res 5.814 cur_res 5.814 retries 0
[memsplit] iter 20300  persist 0.547  bb 2.724  head 0.182  bwd_extra 0.768  peak 4.222
[memsplit] iter 20320  persist 0.348  bb 2.727  head 0.181  bwd_extra 0.876  peak 4.131
[memsplit] iter 20340  persist 0.547  bb 2.724  head 0.182  bwd_extra 0.768  peak 4.222
[memsplit] iter 20360  persist 0.547  bb 2.724  head 0.182  bwd_extra 0.768  peak 4.222
[memsplit] iter 20380  persist 0.547  bb 2.724  head 0.182  bwd_extra 0.768  peak 4.222
[mem] iter  20400 win_alloc 4.222 win_res 5.814 cur_res 5.814 retries 0
[memsplit] iter 20400  persist 0.348  bb 2.727  head 0.181  bwd_extra 0.876  peak 4.131
[memsplit] iter 20420  persist 0.547  bb 2.724  head 0.182  bwd_extra 0.768  peak 4.222
[memsplit] iter 20440  persist 0.547  bb 2.724  head 0.182  bwd_extra 0.768  peak 4.222
[memsplit] iter 20460  persist 0.547  bb 2.724  head 0.182  bwd_extra 0.768  peak 4.222
[memsplit] iter 20480  persist 0.348  bb 2.727  head 0.181  bwd_extra 0.876  peak 4.131
[mem] iter  20500 win_alloc 4.222 win_res 5.814 cur_res 5.814 retries 0
[memsplit] iter 20500  persist 0.547  bb 2.724  head 0.182  bwd_extra 0.768  peak 4.222
[memsplit] iter 20520  persist 0.547  bb 2.724  head 0.182  bwd_extra 0.768  peak 4.222
[memsplit] iter 20540  persist 0.547  bb 2.724  head 0.182  bwd_extra 0.768  peak 4.222
[memsplit] iter 20560  persist 0.348  bb 2.727  head 0.181  bwd_extra 0.876  peak 4.132
[memsplit] iter 20580  persist 0.547  bb 2.724  head 0.182  bwd_extra 0.768  peak 4.222
[mem] iter  20600 win_alloc 4.222 win_res 5.814 cur_res 5.814 retries 0
[memsplit] iter 20600  persist 0.547  bb 2.724  head 0.182  bwd_extra 0.768  peak 4.222
[memsplit] iter 20620  persist 0.548  bb 2.724  head 0.182  bwd_extra 0.768  peak 4.222
[memsplit] iter 20640  persist 0.348  bb 2.727  head 0.181  bwd_extra 0.876  peak 4.132
[memsplit] iter 20660  persist 0.548  bb 2.724  head 0.182  bwd_extra 0.768  peak 4.222
[memsplit] iter 20680  persist 0.548  bb 2.724  head 0.182  bwd_extra 0.768  peak 4.222
[mem] iter  20700 win_alloc 4.222 win_res 5.814 cur_res 5.814 retries 0
[memsplit] iter 20700  persist 0.548  bb 2.724  head 0.182  bwd_extra 0.768  peak 4.222
[memsplit] iter 20720  persist 0.348  bb 2.727  head 0.181  bwd_extra 0.876  peak 4.132
[memsplit] iter 20740  persist 0.548  bb 2.724  head 0.182  bwd_extra 0.768  peak 4.222
[memsplit] iter 20760  persist 0.548  bb 2.724  head 0.182  bwd_extra 0.768  peak 4.223
[memsplit] iter 20780  persist 0.548  bb 2.724  head 0.182  bwd_extra 0.768  peak 4.223
[mem] iter  20800 win_alloc 4.223 win_res 5.814 cur_res 5.814 retries 0
[memsplit] iter 20800  persist 0.348  bb 2.727  head 0.181  bwd_extra 0.876  peak 4.132
[memsplit] iter 20820  persist 0.548  bb 2.724  head 0.182  bwd_extra 0.768  peak 4.223
[memsplit] iter 20840  persist 0.548  bb 2.724  head 0.182  bwd_extra 0.768  peak 4.223
[memsplit] iter 20860  persist 0.548  bb 2.724  head 0.182  bwd_extra 0.768  peak 4.223
[memsplit] iter 20880  persist 0.348  bb 2.727  head 0.181  bwd_extra 0.876  peak 4.132
[mem] iter  20900 win_alloc 4.223 win_res 5.814 cur_res 5.814 retries 0
[memsplit] iter 20900  persist 0.548  bb 2.724  head 0.182  bwd_extra 0.768  peak 4.223
[memsplit] iter 20920  persist 0.548  bb 2.724  head 0.182  bwd_extra 0.768  peak 4.223
[memsplit] iter 20940  persist 0.548  bb 2.724  head 0.182  bwd_extra 0.768  peak 4.223
[memsplit] iter 20960  persist 0.348  bb 2.727  head 0.181  bwd_extra 0.876  peak 4.132
[memsplit] iter 20980  persist 0.548  bb 2.724  head 0.182  bwd_extra 0.768  peak 4.223
[mem] iter  21000 win_alloc 4.223 win_res 5.814 cur_res 5.814 retries 0
Task [21000/100020], Train Loss: 0.0518499, Train Accuracy: 0.9875200
[memsplit] iter 21000  persist 0.547  bb 2.724  head 0.182  bwd_extra 0.768  peak 4.222
[memsplit] iter 21020  persist 0.547  bb 2.724  head 0.182  bwd_extra 0.768  peak 4.222
[memsplit] iter 21040  persist 0.347  bb 2.727  head 0.181  bwd_extra 0.876  peak 4.131
[memsplit] iter 21060  persist 0.547  bb 2.724  head 0.182  bwd_extra 0.768  peak 4.222
[memsplit] iter 21080  persist 0.547  bb 2.724  head 0.182  bwd_extra 0.768  peak 4.222
[mem] iter  21100 win_alloc 4.222 win_res 5.814 cur_res 5.814 retries 0
[memsplit] iter 21100  persist 0.547  bb 2.724  head 0.182  bwd_extra 0.768  peak 4.222
[memsplit] iter 21120  persist 0.347  bb 2.727  head 0.181  bwd_extra 0.876  peak 4.131
[memsplit] iter 21140  persist 0.547  bb 2.724  head 0.182  bwd_extra 0.768  peak 4.222
[memsplit] iter 21160  persist 0.547  bb 2.724  head 0.182  bwd_extra 0.768  peak 4.222
[memsplit] iter 21180  persist 0.547  bb 2.724  head 0.182  bwd_extra 0.768  peak 4.222
[mem] iter  21200 win_alloc 4.222 win_res 5.814 cur_res 5.814 retries 0
[memsplit] iter 21200  persist 0.347  bb 2.727  head 0.181  bwd_extra 0.876  peak 4.131
[memsplit] iter 21220  persist 0.547  bb 2.724  head 0.182  bwd_extra 0.768  peak 4.222
[memsplit] iter 21240  persist 0.547  bb 2.724  head 0.182  bwd_extra 0.768  peak 4.222
[memsplit] iter 21260  persist 0.547  bb 2.724  head 0.182  bwd_extra 0.768  peak 4.222
[memsplit] iter 21280  persist 0.348  bb 2.727  head 0.181  bwd_extra 0.876  peak 4.131
[mem] iter  21300 win_alloc 4.222 win_res 5.814 cur_res 5.814 retries 0
[memsplit] iter 21300  persist 0.547  bb 2.724  head 0.182  bwd_extra 0.768  peak 4.222
[memsplit] iter 21320  persist 0.547  bb 2.724  head 0.182  bwd_extra 0.768  peak 4.222
[memsplit] iter 21340  persist 0.547  bb 2.724  head 0.182  bwd_extra 0.768  peak 4.222
[memsplit] iter 21360  persist 0.348  bb 2.727  head 0.181  bwd_extra 0.876  peak 4.131
[memsplit] iter 21380  persist 0.547  bb 2.724  head 0.182  bwd_extra 0.768  peak 4.222
[mem] iter  21400 win_alloc 4.222 win_res 5.814 cur_res 5.814 retries 0
[memsplit] iter 21400  persist 0.547  bb 2.724  head 0.182  bwd_extra 0.768  peak 4.222
[memsplit] iter 21420  persist 0.547  bb 2.724  head 0.182  bwd_extra 0.768  peak 4.222
[memsplit] iter 21440  persist 0.348  bb 2.727  head 0.181  bwd_extra 0.876  peak 4.131
[memsplit] iter 21460  persist 0.547  bb 2.724  head 0.182  bwd_extra 0.768  peak 4.222
[memsplit] iter 21480  persist 0.547  bb 2.724  head 0.182  bwd_extra 0.768  peak 4.222
[mem] iter  21500 win_alloc 4.222 win_res 5.814 cur_res 5.814 retries 0
[memsplit] iter 21500  persist 0.547  bb 2.724  head 0.182  bwd_extra 0.768  peak 4.222
[memsplit] iter 21520  persist 0.348  bb 2.727  head 0.181  bwd_extra 0.876  peak 4.131
[memsplit] iter 21540  persist 0.547  bb 2.724  head 0.182  bwd_extra 0.768  peak 4.222
[memsplit] iter 21560  persist 0.547  bb 2.724  head 0.182  bwd_extra 0.768  peak 4.222
[memsplit] iter 21580  persist 0.547  bb 2.724  head 0.182  bwd_extra 0.768  peak 4.222
[mem] iter  21600 win_alloc 4.222 win_res 5.814 cur_res 5.814 retries 0
[memsplit] iter 21600  persist 0.348  bb 2.727  head 0.181  bwd_extra 0.876  peak 4.132
[memsplit] iter 21620  persist 0.548  bb 2.724  head 0.182  bwd_extra 0.768  peak 4.222
[memsplit] iter 21640  persist 0.548  bb 2.724  head 0.182  bwd_extra 0.768  peak 4.222
[memsplit] iter 21660  persist 0.548  bb 2.724  head 0.182  bwd_extra 0.768  peak 4.222
[memsplit] iter 21680  persist 0.348  bb 2.727  head 0.181  bwd_extra 0.876  peak 4.132
[mem] iter  21700 win_alloc 4.222 win_res 5.814 cur_res 5.814 retries 0
[memsplit] iter 21700  persist 0.548  bb 2.724  head 0.182  bwd_extra 0.768  peak 4.222
[memsplit] iter 21720  persist 0.548  bb 2.724  head 0.182  bwd_extra 0.768  peak 4.222
[memsplit] iter 21740  persist 0.548  bb 2.724  head 0.182  bwd_extra 0.768  peak 4.222
[memsplit] iter 21760  persist 0.348  bb 2.727  head 0.181  bwd_extra 0.876  peak 4.132
[memsplit] iter 21780  persist 0.548  bb 2.724  head 0.182  bwd_extra 0.768  peak 4.223
[mem] iter  21800 win_alloc 4.223 win_res 5.814 cur_res 5.814 retries 0
[memsplit] iter 21800  persist 0.548  bb 2.724  head 0.182  bwd_extra 0.768  peak 4.223
[memsplit] iter 21820  persist 0.548  bb 2.724  head 0.182  bwd_extra 0.768  peak 4.223
[memsplit] iter 21840  persist 0.348  bb 2.727  head 0.181  bwd_extra 0.876  peak 4.132
[memsplit] iter 21860  persist 0.548  bb 2.724  head 0.182  bwd_extra 0.768  peak 4.223
[memsplit] iter 21880  persist 0.548  bb 2.724  head 0.182  bwd_extra 0.768  peak 4.223
[mem] iter  21900 win_alloc 4.223 win_res 5.814 cur_res 5.814 retries 0
[memsplit] iter 21900  persist 0.548  bb 2.724  head 0.182  bwd_extra 0.768  peak 4.223
[memsplit] iter 21920  persist 0.348  bb 2.727  head 0.181  bwd_extra 0.876  peak 4.132
[memsplit] iter 21940  persist 0.548  bb 2.724  head 0.182  bwd_extra 0.768  peak 4.223
[memsplit] iter 21960  persist 0.548  bb 2.724  head 0.182  bwd_extra 0.768  peak 4.223
[memsplit] iter 21980  persist 0.548  bb 2.724  head 0.182  bwd_extra 0.768  peak 4.223
[mem] iter  22000 win_alloc 4.223 win_res 5.814 cur_res 5.814 retries 0
Task [22000/100020], Train Loss: 0.0438122, Train Accuracy: 0.9898000
[memsplit] iter 22000  persist 0.347  bb 2.727  head 0.181  bwd_extra 0.876  peak 4.131
[memsplit] iter 22020  persist 0.547  bb 2.724  head 0.182  bwd_extra 0.768  peak 4.222
[memsplit] iter 22040  persist 0.547  bb 2.724  head 0.182  bwd_extra 0.768  peak 4.222
[memsplit] iter 22060  persist 0.547  bb 2.724  head 0.182  bwd_extra 0.768  peak 4.222
[memsplit] iter 22080  persist 0.347  bb 2.727  head 0.181  bwd_extra 0.876  peak 4.131
[mem] iter  22100 win_alloc 4.222 win_res 5.814 cur_res 5.814 retries 0
[memsplit] iter 22100  persist 0.547  bb 2.724  head 0.182  bwd_extra 0.768  peak 4.222
[memsplit] iter 22120  persist 0.547  bb 2.724  head 0.182  bwd_extra 0.768  peak 4.222
[memsplit] iter 22140  persist 0.547  bb 2.724  head 0.182  bwd_extra 0.768  peak 4.222
[memsplit] iter 22160  persist 0.347  bb 2.727  head 0.181  bwd_extra 0.876  peak 4.131
[memsplit] iter 22180  persist 0.547  bb 2.724  head 0.182  bwd_extra 0.768  peak 4.222
[mem] iter  22200 win_alloc 4.222 win_res 5.814 cur_res 5.814 retries 0
[memsplit] iter 22200  persist 0.547  bb 2.724  head 0.182  bwd_extra 0.768  peak 4.222
[memsplit] iter 22220  persist 0.547  bb 2.724  head 0.182  bwd_extra 0.768  peak 4.222
[memsplit] iter 22240  persist 0.347  bb 2.727  head 0.181  bwd_extra 0.876  peak 4.131
[memsplit] iter 22260  persist 0.547  bb 2.724  head 0.182  bwd_extra 0.768  peak 4.222
[memsplit] iter 22280  persist 0.547  bb 2.724  head 0.182  bwd_extra 0.768  peak 4.222
[mem] iter  22300 win_alloc 4.222 win_res 5.814 cur_res 5.814 retries 0
[memsplit] iter 22300  persist 0.547  bb 2.724  head 0.182  bwd_extra 0.768  peak 4.222
[memsplit] iter 22320  persist 0.348  bb 2.727  head 0.181  bwd_extra 0.876  peak 4.131
[memsplit] iter 22340  persist 0.547  bb 2.724  head 0.182  bwd_extra 0.768  peak 4.222
[memsplit] iter 22360  persist 0.547  bb 2.724  head 0.182  bwd_extra 0.768  peak 4.222
[memsplit] iter 22380  persist 0.547  bb 2.724  head 0.182  bwd_extra 0.768  peak 4.222
[mem] iter  22400 win_alloc 4.222 win_res 5.814 cur_res 5.814 retries 0
[memsplit] iter 22400  persist 0.348  bb 2.727  head 0.181  bwd_extra 0.876  peak 4.131
[memsplit] iter 22420  persist 0.547  bb 2.724  head 0.182  bwd_extra 0.768  peak 4.222
[memsplit] iter 22440  persist 0.547  bb 2.724  head 0.182  bwd_extra 0.768  peak 4.222
[memsplit] iter 22460  persist 0.547  bb 2.724  head 0.182  bwd_extra 0.768  peak 4.222
[memsplit] iter 22480  persist 0.348  bb 2.727  head 0.181  bwd_extra 0.876  peak 4.131
[mem] iter  22500 win_alloc 4.222 win_res 5.814 cur_res 5.814 retries 0
[memsplit] iter 22500  persist 0.547  bb 2.724  head 0.182  bwd_extra 0.768  peak 4.222
[memsplit] iter 22520  persist 0.547  bb 2.724  head 0.182  bwd_extra 0.768  peak 4.222
[memsplit] iter 22540  persist 0.547  bb 2.724  head 0.182  bwd_extra 0.768  peak 4.222
[memsplit] iter 22560  persist 0.348  bb 2.727  head 0.181  bwd_extra 0.876  peak 4.132
[memsplit] iter 22580  persist 0.547  bb 2.724  head 0.182  bwd_extra 0.768  peak 4.222
[mem] iter  22600 win_alloc 4.222 win_res 5.814 cur_res 5.814 retries 0
[memsplit] iter 22600  persist 0.547  bb 2.724  head 0.182  bwd_extra 0.768  peak 4.222
[memsplit] iter 22620  persist 0.548  bb 2.724  head 0.182  bwd_extra 0.768  peak 4.222
[memsplit] iter 22640  persist 0.348  bb 2.727  head 0.181  bwd_extra 0.876  peak 4.132
[memsplit] iter 22660  persist 0.548  bb 2.724  head 0.182  bwd_extra 0.768  peak 4.222
[memsplit] iter 22680  persist 0.548  bb 2.724  head 0.182  bwd_extra 0.768  peak 4.222
[mem] iter  22700 win_alloc 4.222 win_res 5.814 cur_res 5.814 retries 0
[memsplit] iter 22700  persist 0.548  bb 2.724  head 0.182  bwd_extra 0.768  peak 4.222
[memsplit] iter 22720  persist 0.348  bb 2.727  head 0.181  bwd_extra 0.876  peak 4.132
[memsplit] iter 22740  persist 0.548  bb 2.724  head 0.182  bwd_extra 0.768  peak 4.222
[memsplit] iter 22760  persist 0.548  bb 2.724  head 0.182  bwd_extra 0.768  peak 4.223
[memsplit] iter 22780  persist 0.548  bb 2.724  head 0.182  bwd_extra 0.768  peak 4.223
[mem] iter  22800 win_alloc 4.223 win_res 5.814 cur_res 5.814 retries 0
[memsplit] iter 22800  persist 0.348  bb 2.727  head 0.181  bwd_extra 0.876  peak 4.132
[memsplit] iter 22820  persist 0.548  bb 2.724  head 0.182  bwd_extra 0.768  peak 4.223
[memsplit] iter 22840  persist 0.548  bb 2.724  head 0.182  bwd_extra 0.768  peak 4.223
[memsplit] iter 22860  persist 0.548  bb 2.724  head 0.182  bwd_extra 0.768  peak 4.223
[memsplit] iter 22880  persist 0.348  bb 2.727  head 0.181  bwd_extra 0.876  peak 4.132
[mem] iter  22900 win_alloc 4.223 win_res 5.814 cur_res 5.814 retries 0
[memsplit] iter 22900  persist 0.548  bb 2.724  head 0.182  bwd_extra 0.768  peak 4.223
[memsplit] iter 22920  persist 0.548  bb 2.724  head 0.182  bwd_extra 0.768  peak 4.223
[memsplit] iter 22940  persist 0.548  bb 2.724  head 0.182  bwd_extra 0.768  peak 4.223
[memsplit] iter 22960  persist 0.348  bb 2.727  head 0.181  bwd_extra 0.876  peak 4.132
[memsplit] iter 22980  persist 0.548  bb 2.724  head 0.182  bwd_extra 0.768  peak 4.223
[mem] iter  23000 win_alloc 4.223 win_res 5.814 cur_res 5.814 retries 0
Task [23000/100020], Train Loss: 0.0519533, Train Accuracy: 0.9880800
[memsplit] iter 23000  persist 0.547  bb 2.724  head 0.182  bwd_extra 0.768  peak 4.222
[memsplit] iter 23020  persist 0.547  bb 2.724  head 0.182  bwd_extra 0.768  peak 4.222
[memsplit] iter 23040  persist 0.347  bb 2.727  head 0.181  bwd_extra 0.876  peak 4.131
[memsplit] iter 23060  persist 0.547  bb 2.724  head 0.182  bwd_extra 0.768  peak 4.222
[memsplit] iter 23080  persist 0.547  bb 2.724  head 0.182  bwd_extra 0.768  peak 4.222
[mem] iter  23100 win_alloc 4.222 win_res 5.814 cur_res 5.814 retries 0
[memsplit] iter 23100  persist 0.547  bb 2.724  head 0.182  bwd_extra 0.768  peak 4.222
[memsplit] iter 23120  persist 0.347  bb 2.727  head 0.181  bwd_extra 0.876  peak 4.131
[memsplit] iter 23140  persist 0.547  bb 2.724  head 0.182  bwd_extra 0.768  peak 4.222
[memsplit] iter 23160  persist 0.547  bb 2.724  head 0.182  bwd_extra 0.768  peak 4.222
[memsplit] iter 23180  persist 0.547  bb 2.724  head 0.182  bwd_extra 0.768  peak 4.222
[mem] iter  23200 win_alloc 4.222 win_res 5.814 cur_res 5.814 retries 0
[memsplit] iter 23200  persist 0.347  bb 2.727  head 0.181  bwd_extra 0.876  peak 4.131
[memsplit] iter 23220  persist 0.547  bb 2.724  head 0.182  bwd_extra 0.768  peak 4.222
[memsplit] iter 23240  persist 0.547  bb 2.724  head 0.182  bwd_extra 0.768  peak 4.222
[memsplit] iter 23260  persist 0.547  bb 2.724  head 0.182  bwd_extra 0.768  peak 4.222
[memsplit] iter 23280  persist 0.348  bb 2.727  head 0.181  bwd_extra 0.876  peak 4.131
[mem] iter  23300 win_alloc 4.222 win_res 5.814 cur_res 5.814 retries 0
[memsplit] iter 23300  persist 0.547  bb 2.724  head 0.182  bwd_extra 0.768  peak 4.222
[memsplit] iter 23320  persist 0.547  bb 2.724  head 0.182  bwd_extra 0.768  peak 4.222
[memsplit] iter 23340  persist 0.547  bb 2.724  head 0.182  bwd_extra 0.768  peak 4.222
[memsplit] iter 23360  persist 0.348  bb 2.727  head 0.181  bwd_extra 0.876  peak 4.131
[memsplit] iter 23380  persist 0.547  bb 2.724  head 0.182  bwd_extra 0.768  peak 4.222
[mem] iter  23400 win_alloc 4.222 win_res 5.814 cur_res 5.814 retries 0
[memsplit] iter 23400  persist 0.547  bb 2.724  head 0.182  bwd_extra 0.768  peak 4.222
[memsplit] iter 23420  persist 0.547  bb 2.724  head 0.182  bwd_extra 0.768  peak 4.222
[memsplit] iter 23440  persist 0.348  bb 2.727  head 0.181  bwd_extra 0.876  peak 4.131
[memsplit] iter 23460  persist 0.547  bb 2.724  head 0.182  bwd_extra 0.768  peak 4.222
[memsplit] iter 23480  persist 0.547  bb 2.724  head 0.182  bwd_extra 0.768  peak 4.222
[mem] iter  23500 win_alloc 4.222 win_res 5.814 cur_res 5.814 retries 0
[memsplit] iter 23500  persist 0.547  bb 2.724  head 0.182  bwd_extra 0.768  peak 4.222
[memsplit] iter 23520  persist 0.348  bb 2.727  head 0.181  bwd_extra 0.876  peak 4.131
[memsplit] iter 23540  persist 0.547  bb 2.724  head 0.182  bwd_extra 0.768  peak 4.222
[memsplit] iter 23560  persist 0.547  bb 2.724  head 0.182  bwd_extra 0.768  peak 4.222
[memsplit] iter 23580  persist 0.547  bb 2.724  head 0.182  bwd_extra 0.768  peak 4.222
[mem] iter  23600 win_alloc 4.222 win_res 5.814 cur_res 5.814 retries 0
[memsplit] iter 23600  persist 0.348  bb 2.727  head 0.181  bwd_extra 0.876  peak 4.132
[memsplit] iter 23620  persist 0.548  bb 2.724  head 0.182  bwd_extra 0.768  peak 4.222
[memsplit] iter 23640  persist 0.548  bb 2.724  head 0.182  bwd_extra 0.768  peak 4.222
[memsplit] iter 23660  persist 0.548  bb 2.724  head 0.182  bwd_extra 0.768  peak 4.222
[memsplit] iter 23680  persist 0.348  bb 2.727  head 0.181  bwd_extra 0.876  peak 4.132
[mem] iter  23700 win_alloc 4.222 win_res 5.814 cur_res 5.814 retries 0
[memsplit] iter 23700  persist 0.548  bb 2.724  head 0.182  bwd_extra 0.768  peak 4.222
[memsplit] iter 23720  persist 0.548  bb 2.724  head 0.182  bwd_extra 0.768  peak 4.222
[memsplit] iter 23740  persist 0.548  bb 2.724  head 0.182  bwd_extra 0.768  peak 4.222
[memsplit] iter 23760  persist 0.348  bb 2.727  head 0.181  bwd_extra 0.876  peak 4.132
[memsplit] iter 23780  persist 0.548  bb 2.724  head 0.182  bwd_extra 0.768  peak 4.223
[mem] iter  23800 win_alloc 4.223 win_res 5.814 cur_res 5.814 retries 0
[memsplit] iter 23800  persist 0.548  bb 2.724  head 0.182  bwd_extra 0.768  peak 4.223
[memsplit] iter 23820  persist 0.548  bb 2.724  head 0.182  bwd_extra 0.768  peak 4.223
[memsplit] iter 23840  persist 0.348  bb 2.727  head 0.181  bwd_extra 0.876  peak 4.132
[memsplit] iter 23860  persist 0.548  bb 2.724  head 0.182  bwd_extra 0.768  peak 4.223
[memsplit] iter 23880  persist 0.548  bb 2.724  head 0.182  bwd_extra 0.768  peak 4.223
[mem] iter  23900 win_alloc 4.223 win_res 5.814 cur_res 5.814 retries 0
[memsplit] iter 23900  persist 0.548  bb 2.724  head 0.182  bwd_extra 0.768  peak 4.223
[memsplit] iter 23920  persist 0.348  bb 2.727  head 0.181  bwd_extra 0.876  peak 4.132
[memsplit] iter 23940  persist 0.548  bb 2.724  head 0.182  bwd_extra 0.768  peak 4.223
[memsplit] iter 23960  persist 0.548  bb 2.724  head 0.182  bwd_extra 0.768  peak 4.223
[memsplit] iter 23980  persist 0.548  bb 2.724  head 0.182  bwd_extra 0.768  peak 4.223
[mem] iter  24000 win_alloc 4.223 win_res 5.814 cur_res 5.814 retries 0
Task [24000/100020], Train Loss: 0.0458970, Train Accuracy: 0.9890800
[memsplit] iter 24000  persist 0.347  bb 2.727  head 0.181  bwd_extra 0.876  peak 4.131
[memsplit] iter 24020  persist 0.547  bb 2.724  head 0.182  bwd_extra 0.768  peak 4.222
[memsplit] iter 24040  persist 0.547  bb 2.724  head 0.182  bwd_extra 0.768  peak 4.222
[memsplit] iter 24060  persist 0.547  bb 2.724  head 0.182  bwd_extra 0.768  peak 4.222
[memsplit] iter 24080  persist 0.347  bb 2.727  head 0.181  bwd_extra 0.876  peak 4.131
[mem] iter  24100 win_alloc 4.222 win_res 5.814 cur_res 5.814 retries 0
[memsplit] iter 24100  persist 0.547  bb 2.724  head 0.182  bwd_extra 0.768  peak 4.222
[memsplit] iter 24120  persist 0.547  bb 2.724  head 0.182  bwd_extra 0.768  peak 4.222
[memsplit] iter 24140  persist 0.547  bb 2.724  head 0.182  bwd_extra 0.768  peak 4.222
[memsplit] iter 24160  persist 0.347  bb 2.727  head 0.181  bwd_extra 0.876  peak 4.131
[memsplit] iter 24180  persist 0.547  bb 2.724  head 0.182  bwd_extra 0.768  peak 4.222
[mem] iter  24200 win_alloc 4.222 win_res 5.814 cur_res 5.814 retries 0
[memsplit] iter 24200  persist 0.547  bb 2.724  head 0.182  bwd_extra 0.768  peak 4.222
[memsplit] iter 24220  persist 0.547  bb 2.724  head 0.182  bwd_extra 0.768  peak 4.222
[memsplit] iter 24240  persist 0.347  bb 2.727  head 0.181  bwd_extra 0.876  peak 4.131
[memsplit] iter 24260  persist 0.547  bb 2.724  head 0.182  bwd_extra 0.768  peak 4.222
[memsplit] iter 24280  persist 0.547  bb 2.724  head 0.182  bwd_extra 0.768  peak 4.222
[mem] iter  24300 win_alloc 4.222 win_res 5.814 cur_res 5.814 retries 0
[memsplit] iter 24300  persist 0.547  bb 2.724  head 0.182  bwd_extra 0.768  peak 4.222
[memsplit] iter 24320  persist 0.348  bb 2.727  head 0.181  bwd_extra 0.876  peak 4.131
[memsplit] iter 24340  persist 0.547  bb 2.724  head 0.182  bwd_extra 0.768  peak 4.222
[memsplit] iter 24360  persist 0.547  bb 2.724  head 0.182  bwd_extra 0.768  peak 4.222
[memsplit] iter 24380  persist 0.547  bb 2.724  head 0.182  bwd_extra 0.768  peak 4.222
[mem] iter  24400 win_alloc 4.222 win_res 5.814 cur_res 5.814 retries 0
[memsplit] iter 24400  persist 0.348  bb 2.727  head 0.181  bwd_extra 0.876  peak 4.131
[memsplit] iter 24420  persist 0.547  bb 2.724  head 0.182  bwd_extra 0.768  peak 4.222
[memsplit] iter 24440  persist 0.547  bb 2.724  head 0.182  bwd_extra 0.768  peak 4.222
[memsplit] iter 24460  persist 0.547  bb 2.724  head 0.182  bwd_extra 0.768  peak 4.222
[memsplit] iter 24480  persist 0.348  bb 2.727  head 0.181  bwd_extra 0.876  peak 4.131
[mem] iter  24500 win_alloc 4.222 win_res 5.814 cur_res 5.814 retries 0
[memsplit] iter 24500  persist 0.547  bb 2.724  head 0.182  bwd_extra 0.768  peak 4.222
[memsplit] iter 24520  persist 0.547  bb 2.724  head 0.182  bwd_extra 0.768  peak 4.222
[memsplit] iter 24540  persist 0.547  bb 2.724  head 0.182  bwd_extra 0.768  peak 4.222
[memsplit] iter 24560  persist 0.348  bb 2.727  head 0.181  bwd_extra 0.876  peak 4.132
[memsplit] iter 24580  persist 0.547  bb 2.724  head 0.182  bwd_extra 0.768  peak 4.222
[mem] iter  24600 win_alloc 4.222 win_res 5.814 cur_res 5.814 retries 0
[memsplit] iter 24600  persist 0.547  bb 2.724  head 0.182  bwd_extra 0.768  peak 4.222
[memsplit] iter 24620  persist 0.548  bb 2.724  head 0.182  bwd_extra 0.768  peak 4.222
[memsplit] iter 24640  persist 0.348  bb 2.727  head 0.181  bwd_extra 0.876  peak 4.132
[memsplit] iter 24660  persist 0.548  bb 2.724  head 0.182  bwd_extra 0.768  peak 4.222
[memsplit] iter 24680  persist 0.548  bb 2.724  head 0.182  bwd_extra 0.768  peak 4.222
[mem] iter  24700 win_alloc 4.222 win_res 5.814 cur_res 5.814 retries 0
[memsplit] iter 24700  persist 0.548  bb 2.724  head 0.182  bwd_extra 0.768  peak 4.222
[memsplit] iter 24720  persist 0.348  bb 2.727  head 0.181  bwd_extra 0.876  peak 4.132
[memsplit] iter 24740  persist 0.548  bb 2.724  head 0.182  bwd_extra 0.768  peak 4.222
[memsplit] iter 24760  persist 0.548  bb 2.724  head 0.182  bwd_extra 0.768  peak 4.223
[memsplit] iter 24780  persist 0.548  bb 2.724  head 0.182  bwd_extra 0.768  peak 4.223
[mem] iter  24800 win_alloc 4.223 win_res 5.814 cur_res 5.814 retries 0
[memsplit] iter 24800  persist 0.348  bb 2.727  head 0.181  bwd_extra 0.876  peak 4.132
[memsplit] iter 24820  persist 0.548  bb 2.724  head 0.182  bwd_extra 0.768  peak 4.223
[memsplit] iter 24840  persist 0.548  bb 2.724  head 0.182  bwd_extra 0.768  peak 4.223
[memsplit] iter 24860  persist 0.548  bb 2.724  head 0.182  bwd_extra 0.768  peak 4.223
[memsplit] iter 24880  persist 0.348  bb 2.727  head 0.181  bwd_extra 0.876  peak 4.132
[mem] iter  24900 win_alloc 4.223 win_res 5.814 cur_res 5.814 retries 0
[memsplit] iter 24900  persist 0.548  bb 2.724  head 0.182  bwd_extra 0.768  peak 4.223
[memsplit] iter 24920  persist 0.548  bb 2.724  head 0.182  bwd_extra 0.768  peak 4.223
[memsplit] iter 24940  persist 0.548  bb 2.724  head 0.182  bwd_extra 0.768  peak 4.223
[memsplit] iter 24960  persist 0.348  bb 2.727  head 0.181  bwd_extra 0.876  peak 4.132
[memsplit] iter 24980  persist 0.548  bb 2.724  head 0.182  bwd_extra 0.768  peak 4.223
[mem] iter  25000 win_alloc 4.223 win_res 5.814 cur_res 5.814 retries 0
Task [25000/100020], Train Loss: 0.0395543, Train Accuracy: 0.9906000
[mem][pre-eval] iter  25000 win_alloc 4.223 win_res 5.814 cur_res 5.814 retries 0
[mem][post-eval] iter  25000 win_alloc 4.223 win_res 5.814 cur_res 5.814 retries 0
{'hmdb': {'accuracy': 50.72400119423867, 'confidence': 0.4251148472776679}}

Test Accuracies:
hmdb: 50.7+/-0.4

[mem] profiling run — 跳過 results.csv 寫入
[memsplit] iter 25000  persist 0.547  bb 2.724  head 0.182  bwd_extra 0.768  peak 4.222
[memsplit] iter 25020  persist 0.547  bb 2.724  head 0.182  bwd_extra 0.768  peak 4.222
[memsplit] iter 25040  persist 0.347  bb 2.727  head 0.181  bwd_extra 0.876  peak 4.131
[memsplit] iter 25060  persist 0.547  bb 2.724  head 0.182  bwd_extra 0.768  peak 4.222
[memsplit] iter 25080  persist 0.547  bb 2.724  head 0.182  bwd_extra 0.768  peak 4.222
[mem] iter  25100 win_alloc 4.222 win_res 5.814 cur_res 5.814 retries 0
[memsplit] iter 25100  persist 0.547  bb 2.724  head 0.182  bwd_extra 0.768  peak 4.222
[memsplit] iter 25120  persist 0.347  bb 2.727  head 0.181  bwd_extra 0.876  peak 4.131
[memsplit] iter 25140  persist 0.547  bb 2.724  head 0.182  bwd_extra 0.768  peak 4.222
[memsplit] iter 25160  persist 0.547  bb 2.724  head 0.182  bwd_extra 0.768  peak 4.222
[memsplit] iter 25180  persist 0.547  bb 2.724  head 0.182  bwd_extra 0.768  peak 4.222
[mem] iter  25200 win_alloc 4.222 win_res 5.814 cur_res 5.814 retries 0
[memsplit] iter 25200  persist 0.347  bb 2.727  head 0.181  bwd_extra 0.876  peak 4.131
[memsplit] iter 25220  persist 0.547  bb 2.724  head 0.182  bwd_extra 0.768  peak 4.222
[memsplit] iter 25240  persist 0.547  bb 2.724  head 0.182  bwd_extra 0.768  peak 4.222
[memsplit] iter 25260  persist 0.547  bb 2.724  head 0.182  bwd_extra 0.768  peak 4.222
[memsplit] iter 25280  persist 0.348  bb 2.727  head 0.181  bwd_extra 0.876  peak 4.131
[mem] iter  25300 win_alloc 4.222 win_res 5.814 cur_res 5.814 retries 0
[memsplit] iter 25300  persist 0.547  bb 2.724  head 0.182  bwd_extra 0.768  peak 4.222
[memsplit] iter 25320  persist 0.547  bb 2.724  head 0.182  bwd_extra 0.768  peak 4.222
[memsplit] iter 25340  persist 0.547  bb 2.724  head 0.182  bwd_extra 0.768  peak 4.222
[memsplit] iter 25360  persist 0.348  bb 2.727  head 0.181  bwd_extra 0.876  peak 4.131
[memsplit] iter 25380  persist 0.547  bb 2.724  head 0.182  bwd_extra 0.768  peak 4.222
[mem] iter  25400 win_alloc 4.222 win_res 5.814 cur_res 5.814 retries 0
[memsplit] iter 25400  persist 0.547  bb 2.724  head 0.182  bwd_extra 0.768  peak 4.222
[memsplit] iter 25420  persist 0.547  bb 2.724  head 0.182  bwd_extra 0.768  peak 4.222
[memsplit] iter 25440  persist 0.348  bb 2.727  head 0.181  bwd_extra 0.876  peak 4.131
[memsplit] iter 25460  persist 0.547  bb 2.724  head 0.182  bwd_extra 0.768  peak 4.222
[memsplit] iter 25480  persist 0.547  bb 2.724  head 0.182  bwd_extra 0.768  peak 4.222
[mem] iter  25500 win_alloc 4.222 win_res 5.814 cur_res 5.814 retries 0
[memsplit] iter 25500  persist 0.547  bb 2.724  head 0.182  bwd_extra 0.768  peak 4.222
[memsplit] iter 25520  persist 0.348  bb 2.727  head 0.181  bwd_extra 0.876  peak 4.131
[memsplit] iter 25540  persist 0.547  bb 2.724  head 0.182  bwd_extra 0.768  peak 4.222
[memsplit] iter 25560  persist 0.547  bb 2.724  head 0.182  bwd_extra 0.768  peak 4.222
[memsplit] iter 25580  persist 0.547  bb 2.724  head 0.182  bwd_extra 0.768  peak 4.222
[mem] iter  25600 win_alloc 4.222 win_res 5.814 cur_res 5.814 retries 0
[memsplit] iter 25600  persist 0.348  bb 2.727  head 0.181  bwd_extra 0.876  peak 4.132
[memsplit] iter 25620  persist 0.548  bb 2.724  head 0.182  bwd_extra 0.768  peak 4.222
[memsplit] iter 25640  persist 0.548  bb 2.724  head 0.182  bwd_extra 0.768  peak 4.222
[memsplit] iter 25660  persist 0.548  bb 2.724  head 0.182  bwd_extra 0.768  peak 4.222
[memsplit] iter 25680  persist 0.348  bb 2.727  head 0.181  bwd_extra 0.876  peak 4.132
[mem] iter  25700 win_alloc 4.222 win_res 5.814 cur_res 5.814 retries 0
[memsplit] iter 25700  persist 0.548  bb 2.724  head 0.182  bwd_extra 0.768  peak 4.222
[memsplit] iter 25720  persist 0.548  bb 2.724  head 0.182  bwd_extra 0.768  peak 4.222
[memsplit] iter 25740  persist 0.548  bb 2.724  head 0.182  bwd_extra 0.768  peak 4.222
[memsplit] iter 25760  persist 0.348  bb 2.727  head 0.181  bwd_extra 0.876  peak 4.132
[memsplit] iter 25780  persist 0.548  bb 2.724  head 0.182  bwd_extra 0.768  peak 4.223
[mem] iter  25800 win_alloc 4.223 win_res 5.814 cur_res 5.814 retries 0
[memsplit] iter 25800  persist 0.548  bb 2.724  head 0.182  bwd_extra 0.768  peak 4.223
[memsplit] iter 25820  persist 0.548  bb 2.724  head 0.182  bwd_extra 0.768  peak 4.223
[memsplit] iter 25840  persist 0.348  bb 2.727  head 0.181  bwd_extra 0.876  peak 4.132
[memsplit] iter 25860  persist 0.548  bb 2.724  head 0.182  bwd_extra 0.768  peak 4.223
[memsplit] iter 25880  persist 0.548  bb 2.724  head 0.182  bwd_extra 0.768  peak 4.223
[mem] iter  25900 win_alloc 4.223 win_res 5.814 cur_res 5.814 retries 0
[memsplit] iter 25900  persist 0.548  bb 2.724  head 0.182  bwd_extra 0.768  peak 4.223
[memsplit] iter 25920  persist 0.348  bb 2.727  head 0.181  bwd_extra 0.876  peak 4.132
[memsplit] iter 25940  persist 0.548  bb 2.724  head 0.182  bwd_extra 0.768  peak 4.223
[memsplit] iter 25960  persist 0.548  bb 2.724  head 0.182  bwd_extra 0.768  peak 4.223
[memsplit] iter 25980  persist 0.548  bb 2.724  head 0.182  bwd_extra 0.768  peak 4.223
[mem] iter  26000 win_alloc 4.223 win_res 5.814 cur_res 5.814 retries 0
Task [26000/100020], Train Loss: 0.0314916, Train Accuracy: 0.9932801
[memsplit] iter 26000  persist 0.347  bb 2.727  head 0.181  bwd_extra 0.876  peak 4.131
[memsplit] iter 26020  persist 0.547  bb 2.724  head 0.182  bwd_extra 0.768  peak 4.222
[memsplit] iter 26040  persist 0.547  bb 2.724  head 0.182  bwd_extra 0.768  peak 4.222
[memsplit] iter 26060  persist 0.547  bb 2.724  head 0.182  bwd_extra 0.768  peak 4.222
[memsplit] iter 26080  persist 0.347  bb 2.727  head 0.181  bwd_extra 0.876  peak 4.131
[mem] iter  26100 win_alloc 4.222 win_res 5.814 cur_res 5.814 retries 0
[memsplit] iter 26100  persist 0.547  bb 2.724  head 0.182  bwd_extra 0.768  peak 4.222
[memsplit] iter 26120  persist 0.547  bb 2.724  head 0.182  bwd_extra 0.768  peak 4.222
[memsplit] iter 26140  persist 0.547  bb 2.724  head 0.182  bwd_extra 0.768  peak 4.222
[memsplit] iter 26160  persist 0.347  bb 2.727  head 0.181  bwd_extra 0.876  peak 4.131
[memsplit] iter 26180  persist 0.547  bb 2.724  head 0.182  bwd_extra 0.768  peak 4.222
[mem] iter  26200 win_alloc 4.222 win_res 5.814 cur_res 5.814 retries 0
[memsplit] iter 26200  persist 0.547  bb 2.724  head 0.182  bwd_extra 0.768  peak 4.222
[memsplit] iter 26220  persist 0.547  bb 2.724  head 0.182  bwd_extra 0.768  peak 4.222
[memsplit] iter 26240  persist 0.347  bb 2.727  head 0.181  bwd_extra 0.876  peak 4.131
[memsplit] iter 26260  persist 0.547  bb 2.724  head 0.182  bwd_extra 0.768  peak 4.222
[memsplit] iter 26280  persist 0.547  bb 2.724  head 0.182  bwd_extra 0.768  peak 4.222
[mem] iter  26300 win_alloc 4.222 win_res 5.814 cur_res 5.814 retries 0
[memsplit] iter 26300  persist 0.547  bb 2.724  head 0.182  bwd_extra 0.768  peak 4.222
[memsplit] iter 26320  persist 0.348  bb 2.727  head 0.181  bwd_extra 0.876  peak 4.131
[memsplit] iter 26340  persist 0.547  bb 2.724  head 0.182  bwd_extra 0.768  peak 4.222
[memsplit] iter 26360  persist 0.547  bb 2.724  head 0.182  bwd_extra 0.768  peak 4.222
[memsplit] iter 26380  persist 0.547  bb 2.724  head 0.182  bwd_extra 0.768  peak 4.222
[mem] iter  26400 win_alloc 4.222 win_res 5.814 cur_res 5.814 retries 0
[memsplit] iter 26400  persist 0.348  bb 2.727  head 0.181  bwd_extra 0.876  peak 4.131
[memsplit] iter 26420  persist 0.547  bb 2.724  head 0.182  bwd_extra 0.768  peak 4.222
[memsplit] iter 26440  persist 0.547  bb 2.724  head 0.182  bwd_extra 0.768  peak 4.222
[memsplit] iter 26460  persist 0.547  bb 2.724  head 0.182  bwd_extra 0.768  peak 4.222
[memsplit] iter 26480  persist 0.348  bb 2.727  head 0.181  bwd_extra 0.876  peak 4.131
[mem] iter  26500 win_alloc 4.222 win_res 5.814 cur_res 5.814 retries 0
[memsplit] iter 26500  persist 0.547  bb 2.724  head 0.182  bwd_extra 0.768  peak 4.222
[memsplit] iter 26520  persist 0.547  bb 2.724  head 0.182  bwd_extra 0.768  peak 4.222
[memsplit] iter 26540  persist 0.547  bb 2.724  head 0.182  bwd_extra 0.768  peak 4.222
[memsplit] iter 26560  persist 0.348  bb 2.727  head 0.181  bwd_extra 0.876  peak 4.132
[memsplit] iter 26580  persist 0.547  bb 2.724  head 0.182  bwd_extra 0.768  peak 4.222
[mem] iter  26600 win_alloc 4.222 win_res 5.814 cur_res 5.814 retries 0
[memsplit] iter 26600  persist 0.547  bb 2.724  head 0.182  bwd_extra 0.768  peak 4.222
[memsplit] iter 26620  persist 0.548  bb 2.724  head 0.182  bwd_extra 0.768  peak 4.222
[memsplit] iter 26640  persist 0.348  bb 2.727  head 0.181  bwd_extra 0.876  peak 4.132
[memsplit] iter 26660  persist 0.548  bb 2.724  head 0.182  bwd_extra 0.768  peak 4.222
[memsplit] iter 26680  persist 0.548  bb 2.724  head 0.182  bwd_extra 0.768  peak 4.222
[mem] iter  26700 win_alloc 4.222 win_res 5.814 cur_res 5.814 retries 0
[memsplit] iter 26700  persist 0.548  bb 2.724  head 0.182  bwd_extra 0.768  peak 4.222
[memsplit] iter 26720  persist 0.348  bb 2.727  head 0.181  bwd_extra 0.876  peak 4.132
[memsplit] iter 26740  persist 0.548  bb 2.724  head 0.182  bwd_extra 0.768  peak 4.222
[memsplit] iter 26760  persist 0.548  bb 2.724  head 0.182  bwd_extra 0.768  peak 4.223
[memsplit] iter 26780  persist 0.548  bb 2.724  head 0.182  bwd_extra 0.768  peak 4.223
[mem] iter  26800 win_alloc 4.223 win_res 5.814 cur_res 5.814 retries 0
[memsplit] iter 26800  persist 0.348  bb 2.727  head 0.181  bwd_extra 0.876  peak 4.132
[memsplit] iter 26820  persist 0.548  bb 2.724  head 0.182  bwd_extra 0.768  peak 4.223
[memsplit] iter 26840  persist 0.548  bb 2.724  head 0.182  bwd_extra 0.768  peak 4.223
[memsplit] iter 26860  persist 0.548  bb 2.724  head 0.182  bwd_extra 0.768  peak 4.223
[memsplit] iter 26880  persist 0.348  bb 2.727  head 0.181  bwd_extra 0.876  peak 4.132
[mem] iter  26900 win_alloc 4.223 win_res 5.814 cur_res 5.814 retries 0
[memsplit] iter 26900  persist 0.548  bb 2.724  head 0.182  bwd_extra 0.768  peak 4.223
[memsplit] iter 26920  persist 0.548  bb 2.724  head 0.182  bwd_extra 0.768  peak 4.223
[memsplit] iter 26940  persist 0.548  bb 2.724  head 0.182  bwd_extra 0.768  peak 4.223
[memsplit] iter 26960  persist 0.348  bb 2.727  head 0.181  bwd_extra 0.876  peak 4.132
[memsplit] iter 26980  persist 0.548  bb 2.724  head 0.182  bwd_extra 0.768  peak 4.223
[mem] iter  27000 win_alloc 4.223 win_res 5.814 cur_res 5.814 retries 0
Task [27000/100020], Train Loss: 0.0318409, Train Accuracy: 0.9928001
[memsplit] iter 27000  persist 0.547  bb 2.724  head 0.182  bwd_extra 0.768  peak 4.222
[memsplit] iter 27020  persist 0.547  bb 2.724  head 0.182  bwd_extra 0.768  peak 4.222
[memsplit] iter 27040  persist 0.347  bb 2.727  head 0.181  bwd_extra 0.876  peak 4.131
[memsplit] iter 27060  persist 0.547  bb 2.724  head 0.182  bwd_extra 0.768  peak 4.222
[memsplit] iter 27080  persist 0.547  bb 2.724  head 0.182  bwd_extra 0.768  peak 4.222
[mem] iter  27100 win_alloc 4.222 win_res 5.814 cur_res 5.814 retries 0
[memsplit] iter 27100  persist 0.547  bb 2.724  head 0.182  bwd_extra 0.768  peak 4.222
[memsplit] iter 27120  persist 0.347  bb 2.727  head 0.181  bwd_extra 0.876  peak 4.131
[memsplit] iter 27140  persist 0.547  bb 2.724  head 0.182  bwd_extra 0.768  peak 4.222
[memsplit] iter 27160  persist 0.547  bb 2.724  head 0.182  bwd_extra 0.768  peak 4.222
[memsplit] iter 27180  persist 0.547  bb 2.724  head 0.182  bwd_extra 0.768  peak 4.222
[mem] iter  27200 win_alloc 4.222 win_res 5.814 cur_res 5.814 retries 0
[memsplit] iter 27200  persist 0.347  bb 2.727  head 0.181  bwd_extra 0.876  peak 4.131
[memsplit] iter 27220  persist 0.547  bb 2.724  head 0.182  bwd_extra 0.768  peak 4.222
[memsplit] iter 27240  persist 0.547  bb 2.724  head 0.182  bwd_extra 0.768  peak 4.222
[memsplit] iter 27260  persist 0.547  bb 2.724  head 0.182  bwd_extra 0.768  peak 4.222
[memsplit] iter 27280  persist 0.348  bb 2.727  head 0.181  bwd_extra 0.876  peak 4.131
[mem] iter  27300 win_alloc 4.222 win_res 5.814 cur_res 5.814 retries 0
[memsplit] iter 27300  persist 0.547  bb 2.724  head 0.182  bwd_extra 0.768  peak 4.222
[memsplit] iter 27320  persist 0.547  bb 2.724  head 0.182  bwd_extra 0.768  peak 4.222
[memsplit] iter 27340  persist 0.547  bb 2.724  head 0.182  bwd_extra 0.768  peak 4.222
[memsplit] iter 27360  persist 0.348  bb 2.727  head 0.181  bwd_extra 0.876  peak 4.131
[memsplit] iter 27380  persist 0.547  bb 2.724  head 0.182  bwd_extra 0.768  peak 4.222
[mem] iter  27400 win_alloc 4.222 win_res 5.814 cur_res 5.814 retries 0
[memsplit] iter 27400  persist 0.547  bb 2.724  head 0.182  bwd_extra 0.768  peak 4.222
[memsplit] iter 27420  persist 0.547  bb 2.724  head 0.182  bwd_extra 0.768  peak 4.222
[memsplit] iter 27440  persist 0.348  bb 2.727  head 0.181  bwd_extra 0.876  peak 4.131
[memsplit] iter 27460  persist 0.547  bb 2.724  head 0.182  bwd_extra 0.768  peak 4.222
[memsplit] iter 27480  persist 0.547  bb 2.724  head 0.182  bwd_extra 0.768  peak 4.222
[mem] iter  27500 win_alloc 4.222 win_res 5.814 cur_res 5.814 retries 0
[memsplit] iter 27500  persist 0.547  bb 2.724  head 0.182  bwd_extra 0.768  peak 4.222
[memsplit] iter 27520  persist 0.348  bb 2.727  head 0.181  bwd_extra 0.876  peak 4.131
[memsplit] iter 27540  persist 0.547  bb 2.724  head 0.182  bwd_extra 0.768  peak 4.222
[memsplit] iter 27560  persist 0.547  bb 2.724  head 0.182  bwd_extra 0.768  peak 4.222
[memsplit] iter 27580  persist 0.547  bb 2.724  head 0.182  bwd_extra 0.768  peak 4.222
[mem] iter  27600 win_alloc 4.222 win_res 5.814 cur_res 5.814 retries 0
[memsplit] iter 27600  persist 0.348  bb 2.727  head 0.181  bwd_extra 0.876  peak 4.132
[memsplit] iter 27620  persist 0.548  bb 2.724  head 0.182  bwd_extra 0.768  peak 4.222
[memsplit] iter 27640  persist 0.548  bb 2.724  head 0.182  bwd_extra 0.768  peak 4.222
[memsplit] iter 27660  persist 0.548  bb 2.724  head 0.182  bwd_extra 0.768  peak 4.222
[memsplit] iter 27680  persist 0.348  bb 2.727  head 0.181  bwd_extra 0.876  peak 4.132
[mem] iter  27700 win_alloc 4.222 win_res 5.814 cur_res 5.814 retries 0
[memsplit] iter 27700  persist 0.548  bb 2.724  head 0.182  bwd_extra 0.768  peak 4.222
[memsplit] iter 27720  persist 0.548  bb 2.724  head 0.182  bwd_extra 0.768  peak 4.222
[memsplit] iter 27740  persist 0.548  bb 2.724  head 0.182  bwd_extra 0.768  peak 4.222
[memsplit] iter 27760  persist 0.348  bb 2.727  head 0.181  bwd_extra 0.876  peak 4.132
[memsplit] iter 27780  persist 0.548  bb 2.724  head 0.182  bwd_extra 0.768  peak 4.223
[mem] iter  27800 win_alloc 4.223 win_res 5.814 cur_res 5.814 retries 0
[memsplit] iter 27800  persist 0.548  bb 2.724  head 0.182  bwd_extra 0.768  peak 4.223
[memsplit] iter 27820  persist 0.548  bb 2.724  head 0.182  bwd_extra 0.768  peak 4.223
[memsplit] iter 27840  persist 0.348  bb 2.727  head 0.181  bwd_extra 0.876  peak 4.132
[memsplit] iter 27860  persist 0.548  bb 2.724  head 0.182  bwd_extra 0.768  peak 4.223
[memsplit] iter 27880  persist 0.548  bb 2.724  head 0.182  bwd_extra 0.768  peak 4.223
[mem] iter  27900 win_alloc 4.223 win_res 5.814 cur_res 5.814 retries 0
[memsplit] iter 27900  persist 0.548  bb 2.724  head 0.182  bwd_extra 0.768  peak 4.223
[memsplit] iter 27920  persist 0.348  bb 2.727  head 0.181  bwd_extra 0.876  peak 4.132
[memsplit] iter 27940  persist 0.548  bb 2.724  head 0.182  bwd_extra 0.768  peak 4.223
[memsplit] iter 27960  persist 0.548  bb 2.724  head 0.182  bwd_extra 0.768  peak 4.223
[memsplit] iter 27980  persist 0.548  bb 2.724  head 0.182  bwd_extra 0.768  peak 4.223
[mem] iter  28000 win_alloc 4.223 win_res 5.814 cur_res 5.814 retries 0
Task [28000/100020], Train Loss: 0.0309955, Train Accuracy: 0.9926000
[memsplit] iter 28000  persist 0.347  bb 2.727  head 0.181  bwd_extra 0.876  peak 4.131
[memsplit] iter 28020  persist 0.547  bb 2.724  head 0.182  bwd_extra 0.768  peak 4.222
[memsplit] iter 28040  persist 0.547  bb 2.724  head 0.182  bwd_extra 0.768  peak 4.222
[memsplit] iter 28060  persist 0.547  bb 2.724  head 0.182  bwd_extra 0.768  peak 4.222
[memsplit] iter 28080  persist 0.347  bb 2.727  head 0.181  bwd_extra 0.876  peak 4.131
[mem] iter  28100 win_alloc 4.222 win_res 5.814 cur_res 5.814 retries 0
[memsplit] iter 28100  persist 0.547  bb 2.724  head 0.182  bwd_extra 0.768  peak 4.222
[memsplit] iter 28120  persist 0.547  bb 2.724  head 0.182  bwd_extra 0.768  peak 4.222
[memsplit] iter 28140  persist 0.547  bb 2.724  head 0.182  bwd_extra 0.768  peak 4.222
[memsplit] iter 28160  persist 0.347  bb 2.727  head 0.181  bwd_extra 0.876  peak 4.131
[memsplit] iter 28180  persist 0.547  bb 2.724  head 0.182  bwd_extra 0.768  peak 4.222
[mem] iter  28200 win_alloc 4.222 win_res 5.814 cur_res 5.814 retries 0
[memsplit] iter 28200  persist 0.547  bb 2.724  head 0.182  bwd_extra 0.768  peak 4.222
[memsplit] iter 28220  persist 0.547  bb 2.724  head 0.182  bwd_extra 0.768  peak 4.222
[memsplit] iter 28240  persist 0.347  bb 2.727  head 0.181  bwd_extra 0.876  peak 4.131
[memsplit] iter 28260  persist 0.547  bb 2.724  head 0.182  bwd_extra 0.768  peak 4.222
[memsplit] iter 28280  persist 0.547  bb 2.724  head 0.182  bwd_extra 0.768  peak 4.222
[mem] iter  28300 win_alloc 4.222 win_res 5.814 cur_res 5.814 retries 0
[memsplit] iter 28300  persist 0.547  bb 2.724  head 0.182  bwd_extra 0.768  peak 4.222
[memsplit] iter 28320  persist 0.348  bb 2.727  head 0.181  bwd_extra 0.876  peak 4.131
[memsplit] iter 28340  persist 0.547  bb 2.724  head 0.182  bwd_extra 0.768  peak 4.222
[memsplit] iter 28360  persist 0.547  bb 2.724  head 0.182  bwd_extra 0.768  peak 4.222
[memsplit] iter 28380  persist 0.547  bb 2.724  head 0.182  bwd_extra 0.768  peak 4.222
[mem] iter  28400 win_alloc 4.222 win_res 5.814 cur_res 5.814 retries 0
[memsplit] iter 28400  persist 0.348  bb 2.727  head 0.181  bwd_extra 0.876  peak 4.131
[memsplit] iter 28420  persist 0.547  bb 2.724  head 0.182  bwd_extra 0.768  peak 4.222
[memsplit] iter 28440  persist 0.547  bb 2.724  head 0.182  bwd_extra 0.768  peak 4.222
[memsplit] iter 28460  persist 0.547  bb 2.724  head 0.182  bwd_extra 0.768  peak 4.222
[memsplit] iter 28480  persist 0.348  bb 2.727  head 0.181  bwd_extra 0.876  peak 4.131
[mem] iter  28500 win_alloc 4.222 win_res 5.814 cur_res 5.814 retries 0
[memsplit] iter 28500  persist 0.547  bb 2.724  head 0.182  bwd_extra 0.768  peak 4.222
[memsplit] iter 28520  persist 0.547  bb 2.724  head 0.182  bwd_extra 0.768  peak 4.222
[memsplit] iter 28540  persist 0.547  bb 2.724  head 0.182  bwd_extra 0.768  peak 4.222
[memsplit] iter 28560  persist 0.348  bb 2.727  head 0.181  bwd_extra 0.876  peak 4.132
[memsplit] iter 28580  persist 0.547  bb 2.724  head 0.182  bwd_extra 0.768  peak 4.222
[mem] iter  28600 win_alloc 4.222 win_res 5.814 cur_res 5.814 retries 0
[memsplit] iter 28600  persist 0.547  bb 2.724  head 0.182  bwd_extra 0.768  peak 4.222
[memsplit] iter 28620  persist 0.548  bb 2.724  head 0.182  bwd_extra 0.768  peak 4.222
[memsplit] iter 28640  persist 0.348  bb 2.727  head 0.181  bwd_extra 0.876  peak 4.132
[memsplit] iter 28660  persist 0.548  bb 2.724  head 0.182  bwd_extra 0.768  peak 4.222
[memsplit] iter 28680  persist 0.548  bb 2.724  head 0.182  bwd_extra 0.768  peak 4.222
[mem] iter  28700 win_alloc 4.222 win_res 5.814 cur_res 5.814 retries 0
[memsplit] iter 28700  persist 0.548  bb 2.724  head 0.182  bwd_extra 0.768  peak 4.222
[memsplit] iter 28720  persist 0.348  bb 2.727  head 0.181  bwd_extra 0.876  peak 4.132
[memsplit] iter 28740  persist 0.548  bb 2.724  head 0.182  bwd_extra 0.768  peak 4.222
[memsplit] iter 28760  persist 0.548  bb 2.724  head 0.182  bwd_extra 0.768  peak 4.223
[memsplit] iter 28780  persist 0.548  bb 2.724  head 0.182  bwd_extra 0.768  peak 4.223
[mem] iter  28800 win_alloc 4.223 win_res 5.814 cur_res 5.814 retries 0
[memsplit] iter 28800  persist 0.348  bb 2.727  head 0.181  bwd_extra 0.876  peak 4.132
[memsplit] iter 28820  persist 0.548  bb 2.724  head 0.182  bwd_extra 0.768  peak 4.223
[memsplit] iter 28840  persist 0.548  bb 2.724  head 0.182  bwd_extra 0.768  peak 4.223
[memsplit] iter 28860  persist 0.548  bb 2.724  head 0.182  bwd_extra 0.768  peak 4.223
[memsplit] iter 28880  persist 0.348  bb 2.727  head 0.181  bwd_extra 0.876  peak 4.132
[mem] iter  28900 win_alloc 4.223 win_res 5.814 cur_res 5.814 retries 0
[memsplit] iter 28900  persist 0.548  bb 2.724  head 0.182  bwd_extra 0.768  peak 4.223
[memsplit] iter 28920  persist 0.548  bb 2.724  head 0.182  bwd_extra 0.768  peak 4.223
[memsplit] iter 28940  persist 0.548  bb 2.724  head 0.182  bwd_extra 0.768  peak 4.223
[memsplit] iter 28960  persist 0.348  bb 2.727  head 0.181  bwd_extra 0.876  peak 4.132
[memsplit] iter 28980  persist 0.548  bb 2.724  head 0.182  bwd_extra 0.768  peak 4.223
[mem] iter  29000 win_alloc 4.223 win_res 5.814 cur_res 5.814 retries 0
Task [29000/100020], Train Loss: 0.0350903, Train Accuracy: 0.9920000
[memsplit] iter 29000  persist 0.547  bb 2.724  head 0.182  bwd_extra 0.768  peak 4.222
[memsplit] iter 29020  persist 0.547  bb 2.724  head 0.182  bwd_extra 0.768  peak 4.222
[memsplit] iter 29040  persist 0.347  bb 2.727  head 0.181  bwd_extra 0.876  peak 4.131
[memsplit] iter 29060  persist 0.547  bb 2.724  head 0.182  bwd_extra 0.768  peak 4.222
[memsplit] iter 29080  persist 0.547  bb 2.724  head 0.182  bwd_extra 0.768  peak 4.222
[mem] iter  29100 win_alloc 4.222 win_res 5.814 cur_res 5.814 retries 0
[memsplit] iter 29100  persist 0.547  bb 2.724  head 0.182  bwd_extra 0.768  peak 4.222
[memsplit] iter 29120  persist 0.347  bb 2.727  head 0.181  bwd_extra 0.876  peak 4.131
[memsplit] iter 29140  persist 0.547  bb 2.724  head 0.182  bwd_extra 0.768  peak 4.222
[memsplit] iter 29160  persist 0.547  bb 2.724  head 0.182  bwd_extra 0.768  peak 4.222
[memsplit] iter 29180  persist 0.547  bb 2.724  head 0.182  bwd_extra 0.768  peak 4.222
[mem] iter  29200 win_alloc 4.222 win_res 5.814 cur_res 5.814 retries 0
[memsplit] iter 29200  persist 0.347  bb 2.727  head 0.181  bwd_extra 0.876  peak 4.131
[memsplit] iter 29220  persist 0.547  bb 2.724  head 0.182  bwd_extra 0.768  peak 4.222
[memsplit] iter 29240  persist 0.547  bb 2.724  head 0.182  bwd_extra 0.768  peak 4.222
[memsplit] iter 29260  persist 0.547  bb 2.724  head 0.182  bwd_extra 0.768  peak 4.222
[memsplit] iter 29280  persist 0.348  bb 2.727  head 0.181  bwd_extra 0.876  peak 4.131
[mem] iter  29300 win_alloc 4.222 win_res 5.814 cur_res 5.814 retries 0
[memsplit] iter 29300  persist 0.547  bb 2.724  head 0.182  bwd_extra 0.768  peak 4.222
[memsplit] iter 29320  persist 0.547  bb 2.724  head 0.182  bwd_extra 0.768  peak 4.222
[memsplit] iter 29340  persist 0.547  bb 2.724  head 0.182  bwd_extra 0.768  peak 4.222
[memsplit] iter 29360  persist 0.348  bb 2.727  head 0.181  bwd_extra 0.876  peak 4.131
[memsplit] iter 29380  persist 0.547  bb 2.724  head 0.182  bwd_extra 0.768  peak 4.222
[mem] iter  29400 win_alloc 4.222 win_res 5.814 cur_res 5.814 retries 0
[memsplit] iter 29400  persist 0.547  bb 2.724  head 0.182  bwd_extra 0.768  peak 4.222
[memsplit] iter 29420  persist 0.547  bb 2.724  head 0.182  bwd_extra 0.768  peak 4.222
[memsplit] iter 29440  persist 0.348  bb 2.727  head 0.181  bwd_extra 0.876  peak 4.131
[memsplit] iter 29460  persist 0.547  bb 2.724  head 0.182  bwd_extra 0.768  peak 4.222
[memsplit] iter 29480  persist 0.547  bb 2.724  head 0.182  bwd_extra 0.768  peak 4.222
[mem] iter  29500 win_alloc 4.222 win_res 5.814 cur_res 5.814 retries 0
[memsplit] iter 29500  persist 0.547  bb 2.724  head 0.182  bwd_extra 0.768  peak 4.222
[memsplit] iter 29520  persist 0.348  bb 2.727  head 0.181  bwd_extra 0.876  peak 4.131
[memsplit] iter 29540  persist 0.547  bb 2.724  head 0.182  bwd_extra 0.768  peak 4.222
[memsplit] iter 29560  persist 0.547  bb 2.724  head 0.182  bwd_extra 0.768  peak 4.222
[memsplit] iter 29580  persist 0.547  bb 2.724  head 0.182  bwd_extra 0.768  peak 4.222
[mem] iter  29600 win_alloc 4.222 win_res 5.814 cur_res 5.814 retries 0
[memsplit] iter 29600  persist 0.348  bb 2.727  head 0.181  bwd_extra 0.876  peak 4.132
[memsplit] iter 29620  persist 0.548  bb 2.724  head 0.182  bwd_extra 0.768  peak 4.222
[memsplit] iter 29640  persist 0.548  bb 2.724  head 0.182  bwd_extra 0.768  peak 4.222
[memsplit] iter 29660  persist 0.548  bb 2.724  head 0.182  bwd_extra 0.768  peak 4.222
[memsplit] iter 29680  persist 0.348  bb 2.727  head 0.181  bwd_extra 0.876  peak 4.132
[mem] iter  29700 win_alloc 4.222 win_res 5.814 cur_res 5.814 retries 0
[memsplit] iter 29700  persist 0.548  bb 2.724  head 0.182  bwd_extra 0.768  peak 4.222
[memsplit] iter 29720  persist 0.548  bb 2.724  head 0.182  bwd_extra 0.768  peak 4.222
[memsplit] iter 29740  persist 0.548  bb 2.724  head 0.182  bwd_extra 0.768  peak 4.222
[memsplit] iter 29760  persist 0.348  bb 2.727  head 0.181  bwd_extra 0.876  peak 4.132
[memsplit] iter 29780  persist 0.548  bb 2.724  head 0.182  bwd_extra 0.768  peak 4.223
[mem] iter  29800 win_alloc 4.223 win_res 5.814 cur_res 5.814 retries 0
[memsplit] iter 29800  persist 0.548  bb 2.724  head 0.182  bwd_extra 0.768  peak 4.223
[memsplit] iter 29820  persist 0.548  bb 2.724  head 0.182  bwd_extra 0.768  peak 4.223
[memsplit] iter 29840  persist 0.348  bb 2.727  head 0.181  bwd_extra 0.876  peak 4.132
[memsplit] iter 29860  persist 0.548  bb 2.724  head 0.182  bwd_extra 0.768  peak 4.223
[memsplit] iter 29880  persist 0.548  bb 2.724  head 0.182  bwd_extra 0.768  peak 4.223
[mem] iter  29900 win_alloc 4.223 win_res 5.814 cur_res 5.814 retries 0
[memsplit] iter 29900  persist 0.548  bb 2.724  head 0.182  bwd_extra 0.768  peak 4.223
[memsplit] iter 29920  persist 0.348  bb 2.727  head 0.181  bwd_extra 0.876  peak 4.132
[memsplit] iter 29940  persist 0.548  bb 2.724  head 0.182  bwd_extra 0.768  peak 4.223
[memsplit] iter 29960  persist 0.548  bb 2.724  head 0.182  bwd_extra 0.768  peak 4.223
[memsplit] iter 29980  persist 0.548  bb 2.724  head 0.182  bwd_extra 0.768  peak 4.223
[mem] iter  30000 win_alloc 4.223 win_res 5.814 cur_res 5.814 retries 0
Task [30000/100020], Train Loss: 0.0334869, Train Accuracy: 0.9922799
[memsplit] iter 30000  persist 0.347  bb 2.727  head 0.181  bwd_extra 0.876  peak 4.131
[memsplit] iter 30020  persist 0.547  bb 2.724  head 0.182  bwd_extra 0.768  peak 4.222
[memsplit] iter 30040  persist 0.547  bb 2.724  head 0.182  bwd_extra 0.768  peak 4.222
[memsplit] iter 30060  persist 0.547  bb 2.724  head 0.182  bwd_extra 0.768  peak 4.222
[memsplit] iter 30080  persist 0.347  bb 2.727  head 0.181  bwd_extra 0.876  peak 4.131
[mem] iter  30100 win_alloc 4.222 win_res 5.814 cur_res 5.814 retries 0
[memsplit] iter 30100  persist 0.547  bb 2.724  head 0.182  bwd_extra 0.768  peak 4.222
[memsplit] iter 30120  persist 0.547  bb 2.724  head 0.182  bwd_extra 0.768  peak 4.222
[memsplit] iter 30140  persist 0.547  bb 2.724  head 0.182  bwd_extra 0.768  peak 4.222
[memsplit] iter 30160  persist 0.347  bb 2.727  head 0.181  bwd_extra 0.876  peak 4.131
[memsplit] iter 30180  persist 0.547  bb 2.724  head 0.182  bwd_extra 0.768  peak 4.222
[mem] iter  30200 win_alloc 4.222 win_res 5.814 cur_res 5.814 retries 0
[memsplit] iter 30200  persist 0.547  bb 2.724  head 0.182  bwd_extra 0.768  peak 4.222
[memsplit] iter 30220  persist 0.547  bb 2.724  head 0.182  bwd_extra 0.768  peak 4.222
[memsplit] iter 30240  persist 0.347  bb 2.727  head 0.181  bwd_extra 0.876  peak 4.131
[memsplit] iter 30260  persist 0.547  bb 2.724  head 0.182  bwd_extra 0.768  peak 4.222
[memsplit] iter 30280  persist 0.547  bb 2.724  head 0.182  bwd_extra 0.768  peak 4.222
[mem] iter  30300 win_alloc 4.222 win_res 5.814 cur_res 5.814 retries 0
[memsplit] iter 30300  persist 0.547  bb 2.724  head 0.182  bwd_extra 0.768  peak 4.222
[memsplit] iter 30320  persist 0.348  bb 2.727  head 0.181  bwd_extra 0.876  peak 4.131
[memsplit] iter 30340  persist 0.547  bb 2.724  head 0.182  bwd_extra 0.768  peak 4.222
[memsplit] iter 30360  persist 0.547  bb 2.724  head 0.182  bwd_extra 0.768  peak 4.222
[memsplit] iter 30380  persist 0.547  bb 2.724  head 0.182  bwd_extra 0.768  peak 4.222
[mem] iter  30400 win_alloc 4.222 win_res 5.814 cur_res 5.814 retries 0
[memsplit] iter 30400  persist 0.348  bb 2.727  head 0.181  bwd_extra 0.876  peak 4.131
[memsplit] iter 30420  persist 0.547  bb 2.724  head 0.182  bwd_extra 0.768  peak 4.222
[memsplit] iter 30440  persist 0.547  bb 2.724  head 0.182  bwd_extra 0.768  peak 4.222
[memsplit] iter 30460  persist 0.547  bb 2.724  head 0.182  bwd_extra 0.768  peak 4.222
[memsplit] iter 30480  persist 0.348  bb 2.727  head 0.181  bwd_extra 0.876  peak 4.131
[mem] iter  30500 win_alloc 4.222 win_res 5.814 cur_res 5.814 retries 0
[memsplit] iter 30500  persist 0.547  bb 2.724  head 0.182  bwd_extra 0.768  peak 4.222
[memsplit] iter 30520  persist 0.547  bb 2.724  head 0.182  bwd_extra 0.768  peak 4.222
[memsplit] iter 30540  persist 0.547  bb 2.724  head 0.182  bwd_extra 0.768  peak 4.222
[memsplit] iter 30560  persist 0.348  bb 2.727  head 0.181  bwd_extra 0.876  peak 4.132
[memsplit] iter 30580  persist 0.547  bb 2.724  head 0.182  bwd_extra 0.768  peak 4.222
[mem] iter  30600 win_alloc 4.222 win_res 5.814 cur_res 5.814 retries 0
[memsplit] iter 30600  persist 0.547  bb 2.724  head 0.182  bwd_extra 0.768  peak 4.222
[memsplit] iter 30620  persist 0.548  bb 2.724  head 0.182  bwd_extra 0.768  peak 4.222
[memsplit] iter 30640  persist 0.348  bb 2.727  head 0.181  bwd_extra 0.876  peak 4.132
[memsplit] iter 30660  persist 0.548  bb 2.724  head 0.182  bwd_extra 0.768  peak 4.222
[memsplit] iter 30680  persist 0.548  bb 2.724  head 0.182  bwd_extra 0.768  peak 4.222
[mem] iter  30700 win_alloc 4.222 win_res 5.814 cur_res 5.814 retries 0
[memsplit] iter 30700  persist 0.548  bb 2.724  head 0.182  bwd_extra 0.768  peak 4.222
[memsplit] iter 30720  persist 0.348  bb 2.727  head 0.181  bwd_extra 0.876  peak 4.132
[memsplit] iter 30740  persist 0.548  bb 2.724  head 0.182  bwd_extra 0.768  peak 4.222
[memsplit] iter 30760  persist 0.548  bb 2.724  head 0.182  bwd_extra 0.768  peak 4.223
[memsplit] iter 30780  persist 0.548  bb 2.724  head 0.182  bwd_extra 0.768  peak 4.223
[mem] iter  30800 win_alloc 4.223 win_res 5.814 cur_res 5.814 retries 0
[memsplit] iter 30800  persist 0.348  bb 2.727  head 0.181  bwd_extra 0.876  peak 4.132
[memsplit] iter 30820  persist 0.548  bb 2.724  head 0.182  bwd_extra 0.768  peak 4.223
[memsplit] iter 30840  persist 0.548  bb 2.724  head 0.182  bwd_extra 0.768  peak 4.223
[memsplit] iter 30860  persist 0.548  bb 2.724  head 0.182  bwd_extra 0.768  peak 4.223
[memsplit] iter 30880  persist 0.348  bb 2.727  head 0.181  bwd_extra 0.876  peak 4.132
[mem] iter  30900 win_alloc 4.223 win_res 5.814 cur_res 5.814 retries 0
[memsplit] iter 30900  persist 0.548  bb 2.724  head 0.182  bwd_extra 0.768  peak 4.223
[memsplit] iter 30920  persist 0.548  bb 2.724  head 0.182  bwd_extra 0.768  peak 4.223
[memsplit] iter 30940  persist 0.548  bb 2.724  head 0.182  bwd_extra 0.768  peak 4.223
[memsplit] iter 30960  persist 0.348  bb 2.727  head 0.181  bwd_extra 0.876  peak 4.132
[memsplit] iter 30980  persist 0.548  bb 2.724  head 0.182  bwd_extra 0.768  peak 4.223
[mem] iter  31000 win_alloc 4.223 win_res 5.814 cur_res 5.814 retries 0
Task [31000/100020], Train Loss: 0.0274044, Train Accuracy: 0.9942800
[memsplit] iter 31000  persist 0.547  bb 2.724  head 0.182  bwd_extra 0.768  peak 4.222
[memsplit] iter 31020  persist 0.547  bb 2.724  head 0.182  bwd_extra 0.768  peak 4.222
[memsplit] iter 31040  persist 0.347  bb 2.727  head 0.181  bwd_extra 0.876  peak 4.131
[memsplit] iter 31060  persist 0.547  bb 2.724  head 0.182  bwd_extra 0.768  peak 4.222
[memsplit] iter 31080  persist 0.547  bb 2.724  head 0.182  bwd_extra 0.768  peak 4.222
[mem] iter  31100 win_alloc 4.222 win_res 5.814 cur_res 5.814 retries 0
[memsplit] iter 31100  persist 0.547  bb 2.724  head 0.182  bwd_extra 0.768  peak 4.222
[memsplit] iter 31120  persist 0.347  bb 2.727  head 0.181  bwd_extra 0.876  peak 4.131
[memsplit] iter 31140  persist 0.547  bb 2.724  head 0.182  bwd_extra 0.768  peak 4.222
[memsplit] iter 31160  persist 0.547  bb 2.724  head 0.182  bwd_extra 0.768  peak 4.222
[memsplit] iter 31180  persist 0.547  bb 2.724  head 0.182  bwd_extra 0.768  peak 4.222
[mem] iter  31200 win_alloc 4.222 win_res 5.814 cur_res 5.814 retries 0
[memsplit] iter 31200  persist 0.347  bb 2.727  head 0.181  bwd_extra 0.876  peak 4.131
[memsplit] iter 31220  persist 0.547  bb 2.724  head 0.182  bwd_extra 0.768  peak 4.222
[memsplit] iter 31240  persist 0.547  bb 2.724  head 0.182  bwd_extra 0.768  peak 4.222
[memsplit] iter 31260  persist 0.547  bb 2.724  head 0.182  bwd_extra 0.768  peak 4.222
[memsplit] iter 31280  persist 0.348  bb 2.727  head 0.181  bwd_extra 0.876  peak 4.131
[mem] iter  31300 win_alloc 4.222 win_res 5.814 cur_res 5.814 retries 0
[memsplit] iter 31300  persist 0.547  bb 2.724  head 0.182  bwd_extra 0.768  peak 4.222
[memsplit] iter 31320  persist 0.547  bb 2.724  head 0.182  bwd_extra 0.768  peak 4.222
[memsplit] iter 31340  persist 0.547  bb 2.724  head 0.182  bwd_extra 0.768  peak 4.222
[memsplit] iter 31360  persist 0.348  bb 2.727  head 0.181  bwd_extra 0.876  peak 4.131
[memsplit] iter 31380  persist 0.547  bb 2.724  head 0.182  bwd_extra 0.768  peak 4.222
[mem] iter  31400 win_alloc 4.222 win_res 5.814 cur_res 5.814 retries 0
[memsplit] iter 31400  persist 0.547  bb 2.724  head 0.182  bwd_extra 0.768  peak 4.222
[memsplit] iter 31420  persist 0.547  bb 2.724  head 0.182  bwd_extra 0.768  peak 4.222
[memsplit] iter 31440  persist 0.348  bb 2.727  head 0.181  bwd_extra 0.876  peak 4.131
[memsplit] iter 31460  persist 0.547  bb 2.724  head 0.182  bwd_extra 0.768  peak 4.222
[memsplit] iter 31480  persist 0.547  bb 2.724  head 0.182  bwd_extra 0.768  peak 4.222
[mem] iter  31500 win_alloc 4.222 win_res 5.814 cur_res 5.814 retries 0
[memsplit] iter 31500  persist 0.547  bb 2.724  head 0.182  bwd_extra 0.768  peak 4.222
[memsplit] iter 31520  persist 0.348  bb 2.727  head 0.181  bwd_extra 0.876  peak 4.131
[memsplit] iter 31540  persist 0.547  bb 2.724  head 0.182  bwd_extra 0.768  peak 4.222
[memsplit] iter 31560  persist 0.547  bb 2.724  head 0.182  bwd_extra 0.768  peak 4.222
[memsplit] iter 31580  persist 0.547  bb 2.724  head 0.182  bwd_extra 0.768  peak 4.222
[mem] iter  31600 win_alloc 4.222 win_res 5.814 cur_res 5.814 retries 0
[memsplit] iter 31600  persist 0.348  bb 2.727  head 0.181  bwd_extra 0.876  peak 4.132
[memsplit] iter 31620  persist 0.548  bb 2.724  head 0.182  bwd_extra 0.768  peak 4.222
[memsplit] iter 31640  persist 0.548  bb 2.724  head 0.182  bwd_extra 0.768  peak 4.222
[memsplit] iter 31660  persist 0.548  bb 2.724  head 0.182  bwd_extra 0.768  peak 4.222
[memsplit] iter 31680  persist 0.348  bb 2.727  head 0.181  bwd_extra 0.876  peak 4.132
[mem] iter  31700 win_alloc 4.222 win_res 5.814 cur_res 5.814 retries 0
[memsplit] iter 31700  persist 0.548  bb 2.724  head 0.182  bwd_extra 0.768  peak 4.222
[memsplit] iter 31720  persist 0.548  bb 2.724  head 0.182  bwd_extra 0.768  peak 4.222
[memsplit] iter 31740  persist 0.548  bb 2.724  head 0.182  bwd_extra 0.768  peak 4.222
[memsplit] iter 31760  persist 0.348  bb 2.727  head 0.181  bwd_extra 0.876  peak 4.132
[memsplit] iter 31780  persist 0.548  bb 2.724  head 0.182  bwd_extra 0.768  peak 4.223
[mem] iter  31800 win_alloc 4.223 win_res 5.814 cur_res 5.814 retries 0
[memsplit] iter 31800  persist 0.548  bb 2.724  head 0.182  bwd_extra 0.768  peak 4.223
[memsplit] iter 31820  persist 0.548  bb 2.724  head 0.182  bwd_extra 0.768  peak 4.223
[memsplit] iter 31840  persist 0.348  bb 2.727  head 0.181  bwd_extra 0.876  peak 4.132
[memsplit] iter 31860  persist 0.548  bb 2.724  head 0.182  bwd_extra 0.768  peak 4.223
[memsplit] iter 31880  persist 0.548  bb 2.724  head 0.182  bwd_extra 0.768  peak 4.223
[mem] iter  31900 win_alloc 4.223 win_res 5.814 cur_res 5.814 retries 0
[memsplit] iter 31900  persist 0.548  bb 2.724  head 0.182  bwd_extra 0.768  peak 4.223
[memsplit] iter 31920  persist 0.348  bb 2.727  head 0.181  bwd_extra 0.876  peak 4.132
[memsplit] iter 31940  persist 0.548  bb 2.724  head 0.182  bwd_extra 0.768  peak 4.223
[memsplit] iter 31960  persist 0.548  bb 2.724  head 0.182  bwd_extra 0.768  peak 4.223
[memsplit] iter 31980  persist 0.548  bb 2.724  head 0.182  bwd_extra 0.768  peak 4.223
[mem] iter  32000 win_alloc 4.223 win_res 5.814 cur_res 5.814 retries 0
Task [32000/100020], Train Loss: 0.0276678, Train Accuracy: 0.9933200
[memsplit] iter 32000  persist 0.347  bb 2.727  head 0.181  bwd_extra 0.876  peak 4.131
[memsplit] iter 32020  persist 0.547  bb 2.724  head 0.182  bwd_extra 0.768  peak 4.222
[memsplit] iter 32040  persist 0.547  bb 2.724  head 0.182  bwd_extra 0.768  peak 4.222
[memsplit] iter 32060  persist 0.547  bb 2.724  head 0.182  bwd_extra 0.768  peak 4.222
[memsplit] iter 32080  persist 0.347  bb 2.727  head 0.181  bwd_extra 0.876  peak 4.131
[mem] iter  32100 win_alloc 4.222 win_res 5.814 cur_res 5.814 retries 0
[memsplit] iter 32100  persist 0.547  bb 2.724  head 0.182  bwd_extra 0.768  peak 4.222
[memsplit] iter 32120  persist 0.547  bb 2.724  head 0.182  bwd_extra 0.768  peak 4.222
[memsplit] iter 32140  persist 0.547  bb 2.724  head 0.182  bwd_extra 0.768  peak 4.222
[memsplit] iter 32160  persist 0.347  bb 2.727  head 0.181  bwd_extra 0.876  peak 4.131
[memsplit] iter 32180  persist 0.547  bb 2.724  head 0.182  bwd_extra 0.768  peak 4.222
[mem] iter  32200 win_alloc 4.222 win_res 5.814 cur_res 5.814 retries 0
[memsplit] iter 32200  persist 0.547  bb 2.724  head 0.182  bwd_extra 0.768  peak 4.222
[memsplit] iter 32220  persist 0.547  bb 2.724  head 0.182  bwd_extra 0.768  peak 4.222
[memsplit] iter 32240  persist 0.347  bb 2.727  head 0.181  bwd_extra 0.876  peak 4.131
[memsplit] iter 32260  persist 0.547  bb 2.724  head 0.182  bwd_extra 0.768  peak 4.222
[memsplit] iter 32280  persist 0.547  bb 2.724  head 0.182  bwd_extra 0.768  peak 4.222
[mem] iter  32300 win_alloc 4.222 win_res 5.814 cur_res 5.814 retries 0
[memsplit] iter 32300  persist 0.547  bb 2.724  head 0.182  bwd_extra 0.768  peak 4.222
[memsplit] iter 32320  persist 0.348  bb 2.727  head 0.181  bwd_extra 0.876  peak 4.131
[memsplit] iter 32340  persist 0.547  bb 2.724  head 0.182  bwd_extra 0.768  peak 4.222
[memsplit] iter 32360  persist 0.547  bb 2.724  head 0.182  bwd_extra 0.768  peak 4.222
[memsplit] iter 32380  persist 0.547  bb 2.724  head 0.182  bwd_extra 0.768  peak 4.222
[mem] iter  32400 win_alloc 4.222 win_res 5.814 cur_res 5.814 retries 0
[memsplit] iter 32400  persist 0.348  bb 2.727  head 0.181  bwd_extra 0.876  peak 4.131
[memsplit] iter 32420  persist 0.547  bb 2.724  head 0.182  bwd_extra 0.768  peak 4.222
[memsplit] iter 32440  persist 0.547  bb 2.724  head 0.182  bwd_extra 0.768  peak 4.222
[memsplit] iter 32460  persist 0.547  bb 2.724  head 0.182  bwd_extra 0.768  peak 4.222
[memsplit] iter 32480  persist 0.348  bb 2.727  head 0.181  bwd_extra 0.876  peak 4.131
[mem] iter  32500 win_alloc 4.222 win_res 5.814 cur_res 5.814 retries 0
[memsplit] iter 32500  persist 0.547  bb 2.724  head 0.182  bwd_extra 0.768  peak 4.222
[memsplit] iter 32520  persist 0.547  bb 2.724  head 0.182  bwd_extra 0.768  peak 4.222
[memsplit] iter 32540  persist 0.547  bb 2.724  head 0.182  bwd_extra 0.768  peak 4.222
[memsplit] iter 32560  persist 0.348  bb 2.727  head 0.181  bwd_extra 0.876  peak 4.132
[memsplit] iter 32580  persist 0.547  bb 2.724  head 0.182  bwd_extra 0.768  peak 4.222
[mem] iter  32600 win_alloc 4.222 win_res 5.814 cur_res 5.814 retries 0
[memsplit] iter 32600  persist 0.547  bb 2.724  head 0.182  bwd_extra 0.768  peak 4.222
[memsplit] iter 32620  persist 0.548  bb 2.724  head 0.182  bwd_extra 0.768  peak 4.222
[memsplit] iter 32640  persist 0.348  bb 2.727  head 0.181  bwd_extra 0.876  peak 4.132
[memsplit] iter 32660  persist 0.548  bb 2.724  head 0.182  bwd_extra 0.768  peak 4.222
[memsplit] iter 32680  persist 0.548  bb 2.724  head 0.182  bwd_extra 0.768  peak 4.222
[mem] iter  32700 win_alloc 4.222 win_res 5.814 cur_res 5.814 retries 0
[memsplit] iter 32700  persist 0.548  bb 2.724  head 0.182  bwd_extra 0.768  peak 4.222
[memsplit] iter 32720  persist 0.348  bb 2.727  head 0.181  bwd_extra 0.876  peak 4.132
[memsplit] iter 32740  persist 0.548  bb 2.724  head 0.182  bwd_extra 0.768  peak 4.222
[memsplit] iter 32760  persist 0.548  bb 2.724  head 0.182  bwd_extra 0.768  peak 4.223
[memsplit] iter 32780  persist 0.548  bb 2.724  head 0.182  bwd_extra 0.768  peak 4.223
[mem] iter  32800 win_alloc 4.223 win_res 5.814 cur_res 5.814 retries 0
[memsplit] iter 32800  persist 0.348  bb 2.727  head 0.181  bwd_extra 0.876  peak 4.132
[memsplit] iter 32820  persist 0.548  bb 2.724  head 0.182  bwd_extra 0.768  peak 4.223
[memsplit] iter 32840  persist 0.548  bb 2.724  head 0.182  bwd_extra 0.768  peak 4.223
[memsplit] iter 32860  persist 0.548  bb 2.724  head 0.182  bwd_extra 0.768  peak 4.223
[memsplit] iter 32880  persist 0.348  bb 2.727  head 0.181  bwd_extra 0.876  peak 4.132
[mem] iter  32900 win_alloc 4.223 win_res 5.814 cur_res 5.814 retries 0
[memsplit] iter 32900  persist 0.548  bb 2.724  head 0.182  bwd_extra 0.768  peak 4.223
[memsplit] iter 32920  persist 0.548  bb 2.724  head 0.182  bwd_extra 0.768  peak 4.223
[memsplit] iter 32940  persist 0.548  bb 2.724  head 0.182  bwd_extra 0.768  peak 4.223
[memsplit] iter 32960  persist 0.348  bb 2.727  head 0.181  bwd_extra 0.876  peak 4.132
[memsplit] iter 32980  persist 0.548  bb 2.724  head 0.182  bwd_extra 0.768  peak 4.223
[mem] iter  33000 win_alloc 4.223 win_res 5.814 cur_res 5.814 retries 0
Task [33000/100020], Train Loss: 0.0268933, Train Accuracy: 0.9940000
[memsplit] iter 33000  persist 0.547  bb 2.724  head 0.182  bwd_extra 0.768  peak 4.222
[memsplit] iter 33020  persist 0.547  bb 2.724  head 0.182  bwd_extra 0.768  peak 4.222
[memsplit] iter 33040  persist 0.347  bb 2.727  head 0.181  bwd_extra 0.876  peak 4.131
[memsplit] iter 33060  persist 0.547  bb 2.724  head 0.182  bwd_extra 0.768  peak 4.222
[memsplit] iter 33080  persist 0.547  bb 2.724  head 0.182  bwd_extra 0.768  peak 4.222
[mem] iter  33100 win_alloc 4.222 win_res 5.814 cur_res 5.814 retries 0
[memsplit] iter 33100  persist 0.547  bb 2.724  head 0.182  bwd_extra 0.768  peak 4.222
[memsplit] iter 33120  persist 0.347  bb 2.727  head 0.181  bwd_extra 0.876  peak 4.131
[memsplit] iter 33140  persist 0.547  bb 2.724  head 0.182  bwd_extra 0.768  peak 4.222
[memsplit] iter 33160  persist 0.547  bb 2.724  head 0.182  bwd_extra 0.768  peak 4.222
[memsplit] iter 33180  persist 0.547  bb 2.724  head 0.182  bwd_extra 0.768  peak 4.222
[mem] iter  33200 win_alloc 4.222 win_res 5.814 cur_res 5.814 retries 0
[memsplit] iter 33200  persist 0.347  bb 2.727  head 0.181  bwd_extra 0.876  peak 4.131
[memsplit] iter 33220  persist 0.547  bb 2.724  head 0.182  bwd_extra 0.768  peak 4.222
[memsplit] iter 33240  persist 0.547  bb 2.724  head 0.182  bwd_extra 0.768  peak 4.222
[memsplit] iter 33260  persist 0.547  bb 2.724  head 0.182  bwd_extra 0.768  peak 4.222
[memsplit] iter 33280  persist 0.348  bb 2.727  head 0.181  bwd_extra 0.876  peak 4.131
[mem] iter  33300 win_alloc 4.222 win_res 5.814 cur_res 5.814 retries 0
[memsplit] iter 33300  persist 0.547  bb 2.724  head 0.182  bwd_extra 0.768  peak 4.222
[memsplit] iter 33320  persist 0.547  bb 2.724  head 0.182  bwd_extra 0.768  peak 4.222
[memsplit] iter 33340  persist 0.547  bb 2.724  head 0.182  bwd_extra 0.768  peak 4.222
[memsplit] iter 33360  persist 0.348  bb 2.727  head 0.181  bwd_extra 0.876  peak 4.131
[memsplit] iter 33380  persist 0.547  bb 2.724  head 0.182  bwd_extra 0.768  peak 4.222
[mem] iter  33400 win_alloc 4.222 win_res 5.814 cur_res 5.814 retries 0
[memsplit] iter 33400  persist 0.547  bb 2.724  head 0.182  bwd_extra 0.768  peak 4.222
[memsplit] iter 33420  persist 0.547  bb 2.724  head 0.182  bwd_extra 0.768  peak 4.222
[memsplit] iter 33440  persist 0.348  bb 2.727  head 0.181  bwd_extra 0.876  peak 4.131
[memsplit] iter 33460  persist 0.547  bb 2.724  head 0.182  bwd_extra 0.768  peak 4.222
[memsplit] iter 33480  persist 0.547  bb 2.724  head 0.182  bwd_extra 0.768  peak 4.222
[mem] iter  33500 win_alloc 4.222 win_res 5.814 cur_res 5.814 retries 0
[memsplit] iter 33500  persist 0.547  bb 2.724  head 0.182  bwd_extra 0.768  peak 4.222
[memsplit] iter 33520  persist 0.348  bb 2.727  head 0.181  bwd_extra 0.876  peak 4.131
[memsplit] iter 33540  persist 0.547  bb 2.724  head 0.182  bwd_extra 0.768  peak 4.222
[memsplit] iter 33560  persist 0.547  bb 2.724  head 0.182  bwd_extra 0.768  peak 4.222
[memsplit] iter 33580  persist 0.547  bb 2.724  head 0.182  bwd_extra 0.768  peak 4.222
[mem] iter  33600 win_alloc 4.222 win_res 5.814 cur_res 5.814 retries 0
[memsplit] iter 33600  persist 0.348  bb 2.727  head 0.181  bwd_extra 0.876  peak 4.132
[memsplit] iter 33620  persist 0.548  bb 2.724  head 0.182  bwd_extra 0.768  peak 4.222
[memsplit] iter 33640  persist 0.548  bb 2.724  head 0.182  bwd_extra 0.768  peak 4.222
[memsplit] iter 33660  persist 0.548  bb 2.724  head 0.182  bwd_extra 0.768  peak 4.222
[memsplit] iter 33680  persist 0.348  bb 2.727  head 0.181  bwd_extra 0.876  peak 4.132
[mem] iter  33700 win_alloc 4.222 win_res 5.814 cur_res 5.814 retries 0
[memsplit] iter 33700  persist 0.548  bb 2.724  head 0.182  bwd_extra 0.768  peak 4.222
[memsplit] iter 33720  persist 0.548  bb 2.724  head 0.182  bwd_extra 0.768  peak 4.222
[memsplit] iter 33740  persist 0.548  bb 2.724  head 0.182  bwd_extra 0.768  peak 4.222
[memsplit] iter 33760  persist 0.348  bb 2.727  head 0.181  bwd_extra 0.876  peak 4.132
[memsplit] iter 33780  persist 0.548  bb 2.724  head 0.182  bwd_extra 0.768  peak 4.223
[mem] iter  33800 win_alloc 4.223 win_res 5.814 cur_res 5.814 retries 0
[memsplit] iter 33800  persist 0.548  bb 2.724  head 0.182  bwd_extra 0.768  peak 4.223
[memsplit] iter 33820  persist 0.548  bb 2.724  head 0.182  bwd_extra 0.768  peak 4.223
[memsplit] iter 33840  persist 0.348  bb 2.727  head 0.181  bwd_extra 0.876  peak 4.132
[memsplit] iter 33860  persist 0.548  bb 2.724  head 0.182  bwd_extra 0.768  peak 4.223
[memsplit] iter 33880  persist 0.548  bb 2.724  head 0.182  bwd_extra 0.768  peak 4.223
[mem] iter  33900 win_alloc 4.223 win_res 5.814 cur_res 5.814 retries 0
[memsplit] iter 33900  persist 0.548  bb 2.724  head 0.182  bwd_extra 0.768  peak 4.223
[memsplit] iter 33920  persist 0.348  bb 2.727  head 0.181  bwd_extra 0.876  peak 4.132
[memsplit] iter 33940  persist 0.548  bb 2.724  head 0.182  bwd_extra 0.768  peak 4.223
[memsplit] iter 33960  persist 0.548  bb 2.724  head 0.182  bwd_extra 0.768  peak 4.223
[memsplit] iter 33980  persist 0.548  bb 2.724  head 0.182  bwd_extra 0.768  peak 4.223
[mem] iter  34000 win_alloc 4.223 win_res 5.814 cur_res 5.814 retries 0
Task [34000/100020], Train Loss: 0.0261297, Train Accuracy: 0.9945599
[memsplit] iter 34000  persist 0.347  bb 2.727  head 0.181  bwd_extra 0.876  peak 4.131
[memsplit] iter 34020  persist 0.547  bb 2.724  head 0.182  bwd_extra 0.768  peak 4.222
[memsplit] iter 34040  persist 0.547  bb 2.724  head 0.182  bwd_extra 0.768  peak 4.222
[memsplit] iter 34060  persist 0.547  bb 2.724  head 0.182  bwd_extra 0.768  peak 4.222
[memsplit] iter 34080  persist 0.347  bb 2.727  head 0.181  bwd_extra 0.876  peak 4.131
[mem] iter  34100 win_alloc 4.222 win_res 5.814 cur_res 5.814 retries 0
[memsplit] iter 34100  persist 0.547  bb 2.724  head 0.182  bwd_extra 0.768  peak 4.222
[memsplit] iter 34120  persist 0.547  bb 2.724  head 0.182  bwd_extra 0.768  peak 4.222
[memsplit] iter 34140  persist 0.547  bb 2.724  head 0.182  bwd_extra 0.768  peak 4.222
[memsplit] iter 34160  persist 0.347  bb 2.727  head 0.181  bwd_extra 0.876  peak 4.131
[memsplit] iter 34180  persist 0.547  bb 2.724  head 0.182  bwd_extra 0.768  peak 4.222
[mem] iter  34200 win_alloc 4.222 win_res 5.814 cur_res 5.814 retries 0
[memsplit] iter 34200  persist 0.547  bb 2.724  head 0.182  bwd_extra 0.768  peak 4.222
[memsplit] iter 34220  persist 0.547  bb 2.724  head 0.182  bwd_extra 0.768  peak 4.222
[memsplit] iter 34240  persist 0.347  bb 2.727  head 0.181  bwd_extra 0.876  peak 4.131
[memsplit] iter 34260  persist 0.547  bb 2.724  head 0.182  bwd_extra 0.768  peak 4.222
[memsplit] iter 34280  persist 0.547  bb 2.724  head 0.182  bwd_extra 0.768  peak 4.222
[mem] iter  34300 win_alloc 4.222 win_res 5.814 cur_res 5.814 retries 0
[memsplit] iter 34300  persist 0.547  bb 2.724  head 0.182  bwd_extra 0.768  peak 4.222
[memsplit] iter 34320  persist 0.348  bb 2.727  head 0.181  bwd_extra 0.876  peak 4.131
[memsplit] iter 34340  persist 0.547  bb 2.724  head 0.182  bwd_extra 0.768  peak 4.222
[memsplit] iter 34360  persist 0.547  bb 2.724  head 0.182  bwd_extra 0.768  peak 4.222
[memsplit] iter 34380  persist 0.547  bb 2.724  head 0.182  bwd_extra 0.768  peak 4.222
[mem] iter  34400 win_alloc 4.222 win_res 5.814 cur_res 5.814 retries 0
[memsplit] iter 34400  persist 0.348  bb 2.727  head 0.181  bwd_extra 0.876  peak 4.131
[memsplit] iter 34420  persist 0.547  bb 2.724  head 0.182  bwd_extra 0.768  peak 4.222
[memsplit] iter 34440  persist 0.547  bb 2.724  head 0.182  bwd_extra 0.768  peak 4.222
[memsplit] iter 34460  persist 0.547  bb 2.724  head 0.182  bwd_extra 0.768  peak 4.222
[memsplit] iter 34480  persist 0.348  bb 2.727  head 0.181  bwd_extra 0.876  peak 4.131
[mem] iter  34500 win_alloc 4.222 win_res 5.814 cur_res 5.814 retries 0
[memsplit] iter 34500  persist 0.547  bb 2.724  head 0.182  bwd_extra 0.768  peak 4.222
[memsplit] iter 34520  persist 0.547  bb 2.724  head 0.182  bwd_extra 0.768  peak 4.222
[memsplit] iter 34540  persist 0.547  bb 2.724  head 0.182  bwd_extra 0.768  peak 4.222
[memsplit] iter 34560  persist 0.348  bb 2.727  head 0.181  bwd_extra 0.876  peak 4.132
[memsplit] iter 34580  persist 0.547  bb 2.724  head 0.182  bwd_extra 0.768  peak 4.222
[mem] iter  34600 win_alloc 4.222 win_res 5.814 cur_res 5.814 retries 0
[memsplit] iter 34600  persist 0.547  bb 2.724  head 0.182  bwd_extra 0.768  peak 4.222
[memsplit] iter 34620  persist 0.548  bb 2.724  head 0.182  bwd_extra 0.768  peak 4.222
[memsplit] iter 34640  persist 0.348  bb 2.727  head 0.181  bwd_extra 0.876  peak 4.132
[memsplit] iter 34660  persist 0.548  bb 2.724  head 0.182  bwd_extra 0.768  peak 4.222
[memsplit] iter 34680  persist 0.548  bb 2.724  head 0.182  bwd_extra 0.768  peak 4.222
[mem] iter  34700 win_alloc 4.222 win_res 5.814 cur_res 5.814 retries 0
[memsplit] iter 34700  persist 0.548  bb 2.724  head 0.182  bwd_extra 0.768  peak 4.222
[memsplit] iter 34720  persist 0.348  bb 2.727  head 0.181  bwd_extra 0.876  peak 4.132
[memsplit] iter 34740  persist 0.548  bb 2.724  head 0.182  bwd_extra 0.768  peak 4.222
[memsplit] iter 34760  persist 0.548  bb 2.724  head 0.182  bwd_extra 0.768  peak 4.223
[memsplit] iter 34780  persist 0.548  bb 2.724  head 0.182  bwd_extra 0.768  peak 4.223
[mem] iter  34800 win_alloc 4.223 win_res 5.814 cur_res 5.814 retries 0
[memsplit] iter 34800  persist 0.348  bb 2.727  head 0.181  bwd_extra 0.876  peak 4.132
[memsplit] iter 34820  persist 0.548  bb 2.724  head 0.182  bwd_extra 0.768  peak 4.223
[memsplit] iter 34840  persist 0.548  bb 2.724  head 0.182  bwd_extra 0.768  peak 4.223
[memsplit] iter 34860  persist 0.548  bb 2.724  head 0.182  bwd_extra 0.768  peak 4.223
[memsplit] iter 34880  persist 0.348  bb 2.727  head 0.181  bwd_extra 0.876  peak 4.132
[mem] iter  34900 win_alloc 4.223 win_res 5.814 cur_res 5.814 retries 0
[memsplit] iter 34900  persist 0.548  bb 2.724  head 0.182  bwd_extra 0.768  peak 4.223
[memsplit] iter 34920  persist 0.548  bb 2.724  head 0.182  bwd_extra 0.768  peak 4.223
[memsplit] iter 34940  persist 0.548  bb 2.724  head 0.182  bwd_extra 0.768  peak 4.223
[memsplit] iter 34960  persist 0.348  bb 2.727  head 0.181  bwd_extra 0.876  peak 4.132
[memsplit] iter 34980  persist 0.548  bb 2.724  head 0.182  bwd_extra 0.768  peak 4.223
[mem] iter  35000 win_alloc 4.223 win_res 5.814 cur_res 5.814 retries 0
Task [35000/100020], Train Loss: 0.0278238, Train Accuracy: 0.9934800
[memsplit] iter 35000  persist 0.547  bb 2.724  head 0.182  bwd_extra 0.768  peak 4.222
[memsplit] iter 35020  persist 0.547  bb 2.724  head 0.182  bwd_extra 0.768  peak 4.222
[memsplit] iter 35040  persist 0.347  bb 2.727  head 0.181  bwd_extra 0.876  peak 4.131
[memsplit] iter 35060  persist 0.547  bb 2.724  head 0.182  bwd_extra 0.768  peak 4.222
[memsplit] iter 35080  persist 0.547  bb 2.724  head 0.182  bwd_extra 0.768  peak 4.222
[mem] iter  35100 win_alloc 4.222 win_res 5.814 cur_res 5.814 retries 0
[memsplit] iter 35100  persist 0.547  bb 2.724  head 0.182  bwd_extra 0.768  peak 4.222
[memsplit] iter 35120  persist 0.347  bb 2.727  head 0.181  bwd_extra 0.876  peak 4.131
[memsplit] iter 35140  persist 0.547  bb 2.724  head 0.182  bwd_extra 0.768  peak 4.222
[memsplit] iter 35160  persist 0.547  bb 2.724  head 0.182  bwd_extra 0.768  peak 4.222
[memsplit] iter 35180  persist 0.547  bb 2.724  head 0.182  bwd_extra 0.768  peak 4.222
[mem] iter  35200 win_alloc 4.222 win_res 5.814 cur_res 5.814 retries 0
[memsplit] iter 35200  persist 0.347  bb 2.727  head 0.181  bwd_extra 0.876  peak 4.131
[memsplit] iter 35220  persist 0.547  bb 2.724  head 0.182  bwd_extra 0.768  peak 4.222
[memsplit] iter 35240  persist 0.547  bb 2.724  head 0.182  bwd_extra 0.768  peak 4.222
[memsplit] iter 35260  persist 0.547  bb 2.724  head 0.182  bwd_extra 0.768  peak 4.222
[memsplit] iter 35280  persist 0.348  bb 2.727  head 0.181  bwd_extra 0.876  peak 4.131
[mem] iter  35300 win_alloc 4.222 win_res 5.814 cur_res 5.814 retries 0
[memsplit] iter 35300  persist 0.547  bb 2.724  head 0.182  bwd_extra 0.768  peak 4.222
[memsplit] iter 35320  persist 0.547  bb 2.724  head 0.182  bwd_extra 0.768  peak 4.222
[memsplit] iter 35340  persist 0.547  bb 2.724  head 0.182  bwd_extra 0.768  peak 4.222
[memsplit] iter 35360  persist 0.348  bb 2.727  head 0.181  bwd_extra 0.876  peak 4.131
[memsplit] iter 35380  persist 0.547  bb 2.724  head 0.182  bwd_extra 0.768  peak 4.222
[mem] iter  35400 win_alloc 4.222 win_res 5.814 cur_res 5.814 retries 0
[memsplit] iter 35400  persist 0.547  bb 2.724  head 0.182  bwd_extra 0.768  peak 4.222
[memsplit] iter 35420  persist 0.547  bb 2.724  head 0.182  bwd_extra 0.768  peak 4.222
[memsplit] iter 35440  persist 0.348  bb 2.727  head 0.181  bwd_extra 0.876  peak 4.131
[memsplit] iter 35460  persist 0.547  bb 2.724  head 0.182  bwd_extra 0.768  peak 4.222
[memsplit] iter 35480  persist 0.547  bb 2.724  head 0.182  bwd_extra 0.768  peak 4.222
[mem] iter  35500 win_alloc 4.222 win_res 5.814 cur_res 5.814 retries 0
[memsplit] iter 35500  persist 0.547  bb 2.724  head 0.182  bwd_extra 0.768  peak 4.222
[memsplit] iter 35520  persist 0.348  bb 2.727  head 0.181  bwd_extra 0.876  peak 4.131
[memsplit] iter 35540  persist 0.547  bb 2.724  head 0.182  bwd_extra 0.768  peak 4.222
[memsplit] iter 35560  persist 0.547  bb 2.724  head 0.182  bwd_extra 0.768  peak 4.222
[memsplit] iter 35580  persist 0.547  bb 2.724  head 0.182  bwd_extra 0.768  peak 4.222
[mem] iter  35600 win_alloc 4.222 win_res 5.814 cur_res 5.814 retries 0
[memsplit] iter 35600  persist 0.348  bb 2.727  head 0.181  bwd_extra 0.876  peak 4.132
[memsplit] iter 35620  persist 0.548  bb 2.724  head 0.182  bwd_extra 0.768  peak 4.222
[memsplit] iter 35640  persist 0.548  bb 2.724  head 0.182  bwd_extra 0.768  peak 4.222
[memsplit] iter 35660  persist 0.548  bb 2.724  head 0.182  bwd_extra 0.768  peak 4.222
[memsplit] iter 35680  persist 0.348  bb 2.727  head 0.181  bwd_extra 0.876  peak 4.132
[mem] iter  35700 win_alloc 4.222 win_res 5.814 cur_res 5.814 retries 0
[memsplit] iter 35700  persist 0.548  bb 2.724  head 0.182  bwd_extra 0.768  peak 4.222
[memsplit] iter 35720  persist 0.548  bb 2.724  head 0.182  bwd_extra 0.768  peak 4.222
[memsplit] iter 35740  persist 0.548  bb 2.724  head 0.182  bwd_extra 0.768  peak 4.222
[memsplit] iter 35760  persist 0.348  bb 2.727  head 0.181  bwd_extra 0.876  peak 4.132
[memsplit] iter 35780  persist 0.548  bb 2.724  head 0.182  bwd_extra 0.768  peak 4.223
[mem] iter  35800 win_alloc 4.223 win_res 5.814 cur_res 5.814 retries 0
[memsplit] iter 35800  persist 0.548  bb 2.724  head 0.182  bwd_extra 0.768  peak 4.223
[memsplit] iter 35820  persist 0.548  bb 2.724  head 0.182  bwd_extra 0.768  peak 4.223
[memsplit] iter 35840  persist 0.348  bb 2.727  head 0.181  bwd_extra 0.876  peak 4.132
[memsplit] iter 35860  persist 0.548  bb 2.724  head 0.182  bwd_extra 0.768  peak 4.223
[memsplit] iter 35880  persist 0.548  bb 2.724  head 0.182  bwd_extra 0.768  peak 4.223
[mem] iter  35900 win_alloc 4.223 win_res 5.814 cur_res 5.814 retries 0
[memsplit] iter 35900  persist 0.548  bb 2.724  head 0.182  bwd_extra 0.768  peak 4.223
[memsplit] iter 35920  persist 0.348  bb 2.727  head 0.181  bwd_extra 0.876  peak 4.132
[memsplit] iter 35940  persist 0.548  bb 2.724  head 0.182  bwd_extra 0.768  peak 4.223
[memsplit] iter 35960  persist 0.548  bb 2.724  head 0.182  bwd_extra 0.768  peak 4.223
[memsplit] iter 35980  persist 0.548  bb 2.724  head 0.182  bwd_extra 0.768  peak 4.223
[mem] iter  36000 win_alloc 4.223 win_res 5.814 cur_res 5.814 retries 0
Task [36000/100020], Train Loss: 0.0240119, Train Accuracy: 0.9948400
[memsplit] iter 36000  persist 0.347  bb 2.727  head 0.181  bwd_extra 0.876  peak 4.131
[memsplit] iter 36020  persist 0.547  bb 2.724  head 0.182  bwd_extra 0.768  peak 4.222
[memsplit] iter 36040  persist 0.547  bb 2.724  head 0.182  bwd_extra 0.768  peak 4.222
[memsplit] iter 36060  persist 0.547  bb 2.724  head 0.182  bwd_extra 0.768  peak 4.222
[memsplit] iter 36080  persist 0.347  bb 2.727  head 0.181  bwd_extra 0.876  peak 4.131
[mem] iter  36100 win_alloc 4.222 win_res 5.814 cur_res 5.814 retries 0
[memsplit] iter 36100  persist 0.547  bb 2.724  head 0.182  bwd_extra 0.768  peak 4.222
[memsplit] iter 36120  persist 0.547  bb 2.724  head 0.182  bwd_extra 0.768  peak 4.222
[memsplit] iter 36140  persist 0.547  bb 2.724  head 0.182  bwd_extra 0.768  peak 4.222
[memsplit] iter 36160  persist 0.347  bb 2.727  head 0.181  bwd_extra 0.876  peak 4.131
[memsplit] iter 36180  persist 0.547  bb 2.724  head 0.182  bwd_extra 0.768  peak 4.222
[mem] iter  36200 win_alloc 4.222 win_res 5.814 cur_res 5.814 retries 0
[memsplit] iter 36200  persist 0.547  bb 2.724  head 0.182  bwd_extra 0.768  peak 4.222
[memsplit] iter 36220  persist 0.547  bb 2.724  head 0.182  bwd_extra 0.768  peak 4.222
[memsplit] iter 36240  persist 0.347  bb 2.727  head 0.181  bwd_extra 0.876  peak 4.131
[memsplit] iter 36260  persist 0.547  bb 2.724  head 0.182  bwd_extra 0.768  peak 4.222
[memsplit] iter 36280  persist 0.547  bb 2.724  head 0.182  bwd_extra 0.768  peak 4.222
[mem] iter  36300 win_alloc 4.222 win_res 5.814 cur_res 5.814 retries 0
[memsplit] iter 36300  persist 0.547  bb 2.724  head 0.182  bwd_extra 0.768  peak 4.222
[memsplit] iter 36320  persist 0.348  bb 2.727  head 0.181  bwd_extra 0.876  peak 4.131
[memsplit] iter 36340  persist 0.547  bb 2.724  head 0.182  bwd_extra 0.768  peak 4.222
[memsplit] iter 36360  persist 0.547  bb 2.724  head 0.182  bwd_extra 0.768  peak 4.222
[memsplit] iter 36380  persist 0.547  bb 2.724  head 0.182  bwd_extra 0.768  peak 4.222
[mem] iter  36400 win_alloc 4.222 win_res 5.814 cur_res 5.814 retries 0
[memsplit] iter 36400  persist 0.348  bb 2.727  head 0.181  bwd_extra 0.876  peak 4.131
[memsplit] iter 36420  persist 0.547  bb 2.724  head 0.182  bwd_extra 0.768  peak 4.222
[memsplit] iter 36440  persist 0.547  bb 2.724  head 0.182  bwd_extra 0.768  peak 4.222
[memsplit] iter 36460  persist 0.547  bb 2.724  head 0.182  bwd_extra 0.768  peak 4.222
[memsplit] iter 36480  persist 0.348  bb 2.727  head 0.181  bwd_extra 0.876  peak 4.131
[mem] iter  36500 win_alloc 4.222 win_res 5.814 cur_res 5.814 retries 0
[memsplit] iter 36500  persist 0.547  bb 2.724  head 0.182  bwd_extra 0.768  peak 4.222
[memsplit] iter 36520  persist 0.547  bb 2.724  head 0.182  bwd_extra 0.768  peak 4.222
[memsplit] iter 36540  persist 0.547  bb 2.724  head 0.182  bwd_extra 0.768  peak 4.222
[memsplit] iter 36560  persist 0.348  bb 2.727  head 0.181  bwd_extra 0.876  peak 4.132
[memsplit] iter 36580  persist 0.547  bb 2.724  head 0.182  bwd_extra 0.768  peak 4.222
[mem] iter  36600 win_alloc 4.222 win_res 5.814 cur_res 5.814 retries 0
[memsplit] iter 36600  persist 0.547  bb 2.724  head 0.182  bwd_extra 0.768  peak 4.222
[memsplit] iter 36620  persist 0.548  bb 2.724  head 0.182  bwd_extra 0.768  peak 4.222
[memsplit] iter 36640  persist 0.348  bb 2.727  head 0.181  bwd_extra 0.876  peak 4.132
[memsplit] iter 36660  persist 0.548  bb 2.724  head 0.182  bwd_extra 0.768  peak 4.222
[memsplit] iter 36680  persist 0.548  bb 2.724  head 0.182  bwd_extra 0.768  peak 4.222
[mem] iter  36700 win_alloc 4.222 win_res 5.814 cur_res 5.814 retries 0
[memsplit] iter 36700  persist 0.548  bb 2.724  head 0.182  bwd_extra 0.768  peak 4.222
[memsplit] iter 36720  persist 0.348  bb 2.727  head 0.181  bwd_extra 0.876  peak 4.132
[memsplit] iter 36740  persist 0.548  bb 2.724  head 0.182  bwd_extra 0.768  peak 4.222
[memsplit] iter 36760  persist 0.548  bb 2.724  head 0.182  bwd_extra 0.768  peak 4.223
[memsplit] iter 36780  persist 0.548  bb 2.724  head 0.182  bwd_extra 0.768  peak 4.223
[mem] iter  36800 win_alloc 4.223 win_res 5.814 cur_res 5.814 retries 0
[memsplit] iter 36800  persist 0.348  bb 2.727  head 0.181  bwd_extra 0.876  peak 4.132
[memsplit] iter 36820  persist 0.548  bb 2.724  head 0.182  bwd_extra 0.768  peak 4.223
[memsplit] iter 36840  persist 0.548  bb 2.724  head 0.182  bwd_extra 0.768  peak 4.223
[memsplit] iter 36860  persist 0.548  bb 2.724  head 0.182  bwd_extra 0.768  peak 4.223
[memsplit] iter 36880  persist 0.348  bb 2.727  head 0.181  bwd_extra 0.876  peak 4.132
[mem] iter  36900 win_alloc 4.223 win_res 5.814 cur_res 5.814 retries 0
[memsplit] iter 36900  persist 0.548  bb 2.724  head 0.182  bwd_extra 0.768  peak 4.223
[memsplit] iter 36920  persist 0.548  bb 2.724  head 0.182  bwd_extra 0.768  peak 4.223
[memsplit] iter 36940  persist 0.548  bb 2.724  head 0.182  bwd_extra 0.768  peak 4.223
[memsplit] iter 36960  persist 0.348  bb 2.727  head 0.181  bwd_extra 0.876  peak 4.132
[memsplit] iter 36980  persist 0.548  bb 2.724  head 0.182  bwd_extra 0.768  peak 4.223
[mem] iter  37000 win_alloc 4.223 win_res 5.814 cur_res 5.814 retries 0
Task [37000/100020], Train Loss: 0.0271417, Train Accuracy: 0.9934400
[memsplit] iter 37000  persist 0.547  bb 2.724  head 0.182  bwd_extra 0.768  peak 4.222
[memsplit] iter 37020  persist 0.547  bb 2.724  head 0.182  bwd_extra 0.768  peak 4.222
[memsplit] iter 37040  persist 0.347  bb 2.727  head 0.181  bwd_extra 0.876  peak 4.131
[memsplit] iter 37060  persist 0.547  bb 2.724  head 0.182  bwd_extra 0.768  peak 4.222
[memsplit] iter 37080  persist 0.547  bb 2.724  head 0.182  bwd_extra 0.768  peak 4.222
[mem] iter  37100 win_alloc 4.222 win_res 5.814 cur_res 5.814 retries 0
[memsplit] iter 37100  persist 0.547  bb 2.724  head 0.182  bwd_extra 0.768  peak 4.222
[memsplit] iter 37120  persist 0.347  bb 2.727  head 0.181  bwd_extra 0.876  peak 4.131
[memsplit] iter 37140  persist 0.547  bb 2.724  head 0.182  bwd_extra 0.768  peak 4.222
[memsplit] iter 37160  persist 0.547  bb 2.724  head 0.182  bwd_extra 0.768  peak 4.222
[memsplit] iter 37180  persist 0.547  bb 2.724  head 0.182  bwd_extra 0.768  peak 4.222
[mem] iter  37200 win_alloc 4.222 win_res 5.814 cur_res 5.814 retries 0
[memsplit] iter 37200  persist 0.347  bb 2.727  head 0.181  bwd_extra 0.876  peak 4.131
[memsplit] iter 37220  persist 0.547  bb 2.724  head 0.182  bwd_extra 0.768  peak 4.222
[memsplit] iter 37240  persist 0.547  bb 2.724  head 0.182  bwd_extra 0.768  peak 4.222
[memsplit] iter 37260  persist 0.547  bb 2.724  head 0.182  bwd_extra 0.768  peak 4.222
[memsplit] iter 37280  persist 0.348  bb 2.727  head 0.181  bwd_extra 0.876  peak 4.131
[mem] iter  37300 win_alloc 4.222 win_res 5.814 cur_res 5.814 retries 0
[memsplit] iter 37300  persist 0.547  bb 2.724  head 0.182  bwd_extra 0.768  peak 4.222
[memsplit] iter 37320  persist 0.547  bb 2.724  head 0.182  bwd_extra 0.768  peak 4.222
[memsplit] iter 37340  persist 0.547  bb 2.724  head 0.182  bwd_extra 0.768  peak 4.222
[memsplit] iter 37360  persist 0.348  bb 2.727  head 0.181  bwd_extra 0.876  peak 4.131
[memsplit] iter 37380  persist 0.547  bb 2.724  head 0.182  bwd_extra 0.768  peak 4.222
[mem] iter  37400 win_alloc 4.222 win_res 5.814 cur_res 5.814 retries 0
[memsplit] iter 37400  persist 0.547  bb 2.724  head 0.182  bwd_extra 0.768  peak 4.222
[memsplit] iter 37420  persist 0.547  bb 2.724  head 0.182  bwd_extra 0.768  peak 4.222
[memsplit] iter 37440  persist 0.348  bb 2.727  head 0.181  bwd_extra 0.876  peak 4.131
[memsplit] iter 37460  persist 0.547  bb 2.724  head 0.182  bwd_extra 0.768  peak 4.222
[memsplit] iter 37480  persist 0.547  bb 2.724  head 0.182  bwd_extra 0.768  peak 4.222
[mem] iter  37500 win_alloc 4.222 win_res 5.814 cur_res 5.814 retries 0
[memsplit] iter 37500  persist 0.547  bb 2.724  head 0.182  bwd_extra 0.768  peak 4.222
[memsplit] iter 37520  persist 0.348  bb 2.727  head 0.181  bwd_extra 0.876  peak 4.131
[memsplit] iter 37540  persist 0.547  bb 2.724  head 0.182  bwd_extra 0.768  peak 4.222
[memsplit] iter 37560  persist 0.547  bb 2.724  head 0.182  bwd_extra 0.768  peak 4.222
[memsplit] iter 37580  persist 0.547  bb 2.724  head 0.182  bwd_extra 0.768  peak 4.222
[mem] iter  37600 win_alloc 4.222 win_res 5.814 cur_res 5.814 retries 0
[memsplit] iter 37600  persist 0.348  bb 2.727  head 0.181  bwd_extra 0.876  peak 4.132
[memsplit] iter 37620  persist 0.548  bb 2.724  head 0.182  bwd_extra 0.768  peak 4.222
[memsplit] iter 37640  persist 0.548  bb 2.724  head 0.182  bwd_extra 0.768  peak 4.222
[memsplit] iter 37660  persist 0.548  bb 2.724  head 0.182  bwd_extra 0.768  peak 4.222
[memsplit] iter 37680  persist 0.348  bb 2.727  head 0.181  bwd_extra 0.876  peak 4.132
[mem] iter  37700 win_alloc 4.222 win_res 5.814 cur_res 5.814 retries 0
[memsplit] iter 37700  persist 0.548  bb 2.724  head 0.182  bwd_extra 0.768  peak 4.222
[memsplit] iter 37720  persist 0.548  bb 2.724  head 0.182  bwd_extra 0.768  peak 4.222
[memsplit] iter 37740  persist 0.548  bb 2.724  head 0.182  bwd_extra 0.768  peak 4.222
[memsplit] iter 37760  persist 0.348  bb 2.727  head 0.181  bwd_extra 0.876  peak 4.132
[memsplit] iter 37780  persist 0.548  bb 2.724  head 0.182  bwd_extra 0.768  peak 4.223
[mem] iter  37800 win_alloc 4.223 win_res 5.814 cur_res 5.814 retries 0
[memsplit] iter 37800  persist 0.548  bb 2.724  head 0.182  bwd_extra 0.768  peak 4.223
[memsplit] iter 37820  persist 0.548  bb 2.724  head 0.182  bwd_extra 0.768  peak 4.223
[memsplit] iter 37840  persist 0.348  bb 2.727  head 0.181  bwd_extra 0.876  peak 4.132
[memsplit] iter 37860  persist 0.548  bb 2.724  head 0.182  bwd_extra 0.768  peak 4.223
[memsplit] iter 37880  persist 0.548  bb 2.724  head 0.182  bwd_extra 0.768  peak 4.223
[mem] iter  37900 win_alloc 4.223 win_res 5.814 cur_res 5.814 retries 0
[memsplit] iter 37900  persist 0.548  bb 2.724  head 0.182  bwd_extra 0.768  peak 4.223
[memsplit] iter 37920  persist 0.348  bb 2.727  head 0.181  bwd_extra 0.876  peak 4.132
[memsplit] iter 37940  persist 0.548  bb 2.724  head 0.182  bwd_extra 0.768  peak 4.223
[memsplit] iter 37960  persist 0.548  bb 2.724  head 0.182  bwd_extra 0.768  peak 4.223
[memsplit] iter 37980  persist 0.548  bb 2.724  head 0.182  bwd_extra 0.768  peak 4.223
[mem] iter  38000 win_alloc 4.223 win_res 5.814 cur_res 5.814 retries 0
Task [38000/100020], Train Loss: 0.0152027, Train Accuracy: 0.9969200
[memsplit] iter 38000  persist 0.347  bb 2.727  head 0.181  bwd_extra 0.876  peak 4.131
[memsplit] iter 38020  persist 0.547  bb 2.724  head 0.182  bwd_extra 0.768  peak 4.222
[memsplit] iter 38040  persist 0.547  bb 2.724  head 0.182  bwd_extra 0.768  peak 4.222
[memsplit] iter 38060  persist 0.547  bb 2.724  head 0.182  bwd_extra 0.768  peak 4.222
[memsplit] iter 38080  persist 0.347  bb 2.727  head 0.181  bwd_extra 0.876  peak 4.131
[mem] iter  38100 win_alloc 4.222 win_res 5.814 cur_res 5.814 retries 0
[memsplit] iter 38100  persist 0.547  bb 2.724  head 0.182  bwd_extra 0.768  peak 4.222
[memsplit] iter 38120  persist 0.547  bb 2.724  head 0.182  bwd_extra 0.768  peak 4.222
[memsplit] iter 38140  persist 0.547  bb 2.724  head 0.182  bwd_extra 0.768  peak 4.222
[memsplit] iter 38160  persist 0.347  bb 2.727  head 0.181  bwd_extra 0.876  peak 4.131
[memsplit] iter 38180  persist 0.547  bb 2.724  head 0.182  bwd_extra 0.768  peak 4.222
[mem] iter  38200 win_alloc 4.222 win_res 5.814 cur_res 5.814 retries 0
[memsplit] iter 38200  persist 0.547  bb 2.724  head 0.182  bwd_extra 0.768  peak 4.222
[memsplit] iter 38220  persist 0.547  bb 2.724  head 0.182  bwd_extra 0.768  peak 4.222
[memsplit] iter 38240  persist 0.347  bb 2.727  head 0.181  bwd_extra 0.876  peak 4.131
[memsplit] iter 38260  persist 0.547  bb 2.724  head 0.182  bwd_extra 0.768  peak 4.222
[memsplit] iter 38280  persist 0.547  bb 2.724  head 0.182  bwd_extra 0.768  peak 4.222
[mem] iter  38300 win_alloc 4.222 win_res 5.814 cur_res 5.814 retries 0
[memsplit] iter 38300  persist 0.547  bb 2.724  head 0.182  bwd_extra 0.768  peak 4.222
[memsplit] iter 38320  persist 0.348  bb 2.727  head 0.181  bwd_extra 0.876  peak 4.131
[memsplit] iter 38340  persist 0.547  bb 2.724  head 0.182  bwd_extra 0.768  peak 4.222
[memsplit] iter 38360  persist 0.547  bb 2.724  head 0.182  bwd_extra 0.768  peak 4.222
[memsplit] iter 38380  persist 0.547  bb 2.724  head 0.182  bwd_extra 0.768  peak 4.222
[mem] iter  38400 win_alloc 4.222 win_res 5.814 cur_res 5.814 retries 0
[memsplit] iter 38400  persist 0.348  bb 2.727  head 0.181  bwd_extra 0.876  peak 4.131
[memsplit] iter 38420  persist 0.547  bb 2.724  head 0.182  bwd_extra 0.768  peak 4.222
[memsplit] iter 38440  persist 0.547  bb 2.724  head 0.182  bwd_extra 0.768  peak 4.222
[memsplit] iter 38460  persist 0.547  bb 2.724  head 0.182  bwd_extra 0.768  peak 4.222
[memsplit] iter 38480  persist 0.348  bb 2.727  head 0.181  bwd_extra 0.876  peak 4.131
[mem] iter  38500 win_alloc 4.222 win_res 5.814 cur_res 5.814 retries 0
[memsplit] iter 38500  persist 0.547  bb 2.724  head 0.182  bwd_extra 0.768  peak 4.222
[memsplit] iter 38520  persist 0.547  bb 2.724  head 0.182  bwd_extra 0.768  peak 4.222
[memsplit] iter 38540  persist 0.547  bb 2.724  head 0.182  bwd_extra 0.768  peak 4.222
[memsplit] iter 38560  persist 0.348  bb 2.727  head 0.181  bwd_extra 0.876  peak 4.132
[memsplit] iter 38580  persist 0.547  bb 2.724  head 0.182  bwd_extra 0.768  peak 4.222
[mem] iter  38600 win_alloc 4.222 win_res 5.814 cur_res 5.814 retries 0
[memsplit] iter 38600  persist 0.547  bb 2.724  head 0.182  bwd_extra 0.768  peak 4.222
[memsplit] iter 38620  persist 0.548  bb 2.724  head 0.182  bwd_extra 0.768  peak 4.222
[memsplit] iter 38640  persist 0.348  bb 2.727  head 0.181  bwd_extra 0.876  peak 4.132
[memsplit] iter 38660  persist 0.548  bb 2.724  head 0.182  bwd_extra 0.768  peak 4.222
[memsplit] iter 38680  persist 0.548  bb 2.724  head 0.182  bwd_extra 0.768  peak 4.222
[mem] iter  38700 win_alloc 4.222 win_res 5.814 cur_res 5.814 retries 0
[memsplit] iter 38700  persist 0.548  bb 2.724  head 0.182  bwd_extra 0.768  peak 4.222
[memsplit] iter 38720  persist 0.348  bb 2.727  head 0.181  bwd_extra 0.876  peak 4.132
[memsplit] iter 38740  persist 0.548  bb 2.724  head 0.182  bwd_extra 0.768  peak 4.222
[memsplit] iter 38760  persist 0.548  bb 2.724  head 0.182  bwd_extra 0.768  peak 4.223
[memsplit] iter 38780  persist 0.548  bb 2.724  head 0.182  bwd_extra 0.768  peak 4.223
[mem] iter  38800 win_alloc 4.223 win_res 5.814 cur_res 5.814 retries 0
[memsplit] iter 38800  persist 0.348  bb 2.727  head 0.181  bwd_extra 0.876  peak 4.132
[memsplit] iter 38820  persist 0.548  bb 2.724  head 0.182  bwd_extra 0.768  peak 4.223
[memsplit] iter 38840  persist 0.548  bb 2.724  head 0.182  bwd_extra 0.768  peak 4.223
[memsplit] iter 38860  persist 0.548  bb 2.724  head 0.182  bwd_extra 0.768  peak 4.223
[memsplit] iter 38880  persist 0.348  bb 2.727  head 0.181  bwd_extra 0.876  peak 4.132
[mem] iter  38900 win_alloc 4.223 win_res 5.814 cur_res 5.814 retries 0
[memsplit] iter 38900  persist 0.548  bb 2.724  head 0.182  bwd_extra 0.768  peak 4.223
[memsplit] iter 38920  persist 0.548  bb 2.724  head 0.182  bwd_extra 0.768  peak 4.223
[memsplit] iter 38940  persist 0.548  bb 2.724  head 0.182  bwd_extra 0.768  peak 4.223
[memsplit] iter 38960  persist 0.348  bb 2.727  head 0.181  bwd_extra 0.876  peak 4.132
[memsplit] iter 38980  persist 0.548  bb 2.724  head 0.182  bwd_extra 0.768  peak 4.223
[mem] iter  39000 win_alloc 4.223 win_res 5.814 cur_res 5.814 retries 0
Task [39000/100020], Train Loss: 0.0213793, Train Accuracy: 0.9951200
[memsplit] iter 39000  persist 0.547  bb 2.724  head 0.182  bwd_extra 0.768  peak 4.222
[memsplit] iter 39020  persist 0.547  bb 2.724  head 0.182  bwd_extra 0.768  peak 4.222
[memsplit] iter 39040  persist 0.347  bb 2.727  head 0.181  bwd_extra 0.876  peak 4.131
[memsplit] iter 39060  persist 0.547  bb 2.724  head 0.182  bwd_extra 0.768  peak 4.222
[memsplit] iter 39080  persist 0.547  bb 2.724  head 0.182  bwd_extra 0.768  peak 4.222
[mem] iter  39100 win_alloc 4.222 win_res 5.814 cur_res 5.814 retries 0
[memsplit] iter 39100  persist 0.547  bb 2.724  head 0.182  bwd_extra 0.768  peak 4.222
[memsplit] iter 39120  persist 0.347  bb 2.727  head 0.181  bwd_extra 0.876  peak 4.131
[memsplit] iter 39140  persist 0.547  bb 2.724  head 0.182  bwd_extra 0.768  peak 4.222
[memsplit] iter 39160  persist 0.547  bb 2.724  head 0.182  bwd_extra 0.768  peak 4.222
[memsplit] iter 39180  persist 0.547  bb 2.724  head 0.182  bwd_extra 0.768  peak 4.222
[mem] iter  39200 win_alloc 4.222 win_res 5.814 cur_res 5.814 retries 0
[memsplit] iter 39200  persist 0.347  bb 2.727  head 0.181  bwd_extra 0.876  peak 4.131
[memsplit] iter 39220  persist 0.547  bb 2.724  head 0.182  bwd_extra 0.768  peak 4.222
[memsplit] iter 39240  persist 0.547  bb 2.724  head 0.182  bwd_extra 0.768  peak 4.222
[memsplit] iter 39260  persist 0.547  bb 2.724  head 0.182  bwd_extra 0.768  peak 4.222
[memsplit] iter 39280  persist 0.348  bb 2.727  head 0.181  bwd_extra 0.876  peak 4.131
[mem] iter  39300 win_alloc 4.222 win_res 5.814 cur_res 5.814 retries 0
[memsplit] iter 39300  persist 0.547  bb 2.724  head 0.182  bwd_extra 0.768  peak 4.222
[memsplit] iter 39320  persist 0.547  bb 2.724  head 0.182  bwd_extra 0.768  peak 4.222
[memsplit] iter 39340  persist 0.547  bb 2.724  head 0.182  bwd_extra 0.768  peak 4.222
[memsplit] iter 39360  persist 0.348  bb 2.727  head 0.181  bwd_extra 0.876  peak 4.131
[memsplit] iter 39380  persist 0.547  bb 2.724  head 0.182  bwd_extra 0.768  peak 4.222
[mem] iter  39400 win_alloc 4.222 win_res 5.814 cur_res 5.814 retries 0
[memsplit] iter 39400  persist 0.547  bb 2.724  head 0.182  bwd_extra 0.768  peak 4.222
[memsplit] iter 39420  persist 0.547  bb 2.724  head 0.182  bwd_extra 0.768  peak 4.222
[memsplit] iter 39440  persist 0.348  bb 2.727  head 0.181  bwd_extra 0.876  peak 4.131
[memsplit] iter 39460  persist 0.547  bb 2.724  head 0.182  bwd_extra 0.768  peak 4.222
[memsplit] iter 39480  persist 0.547  bb 2.724  head 0.182  bwd_extra 0.768  peak 4.222
[mem] iter  39500 win_alloc 4.222 win_res 5.814 cur_res 5.814 retries 0
[memsplit] iter 39500  persist 0.547  bb 2.724  head 0.182  bwd_extra 0.768  peak 4.222
[memsplit] iter 39520  persist 0.348  bb 2.727  head 0.181  bwd_extra 0.876  peak 4.131
[memsplit] iter 39540  persist 0.547  bb 2.724  head 0.182  bwd_extra 0.768  peak 4.222
[memsplit] iter 39560  persist 0.547  bb 2.724  head 0.182  bwd_extra 0.768  peak 4.222
[memsplit] iter 39580  persist 0.547  bb 2.724  head 0.182  bwd_extra 0.768  peak 4.222
[mem] iter  39600 win_alloc 4.222 win_res 5.814 cur_res 5.814 retries 0
[memsplit] iter 39600  persist 0.348  bb 2.727  head 0.181  bwd_extra 0.876  peak 4.132
[memsplit] iter 39620  persist 0.548  bb 2.724  head 0.182  bwd_extra 0.768  peak 4.222
[memsplit] iter 39640  persist 0.548  bb 2.724  head 0.182  bwd_extra 0.768  peak 4.222
[memsplit] iter 39660  persist 0.548  bb 2.724  head 0.182  bwd_extra 0.768  peak 4.222
[memsplit] iter 39680  persist 0.348  bb 2.727  head 0.181  bwd_extra 0.876  peak 4.132
[mem] iter  39700 win_alloc 4.222 win_res 5.814 cur_res 5.814 retries 0
[memsplit] iter 39700  persist 0.548  bb 2.724  head 0.182  bwd_extra 0.768  peak 4.222
[memsplit] iter 39720  persist 0.548  bb 2.724  head 0.182  bwd_extra 0.768  peak 4.222
[memsplit] iter 39740  persist 0.548  bb 2.724  head 0.182  bwd_extra 0.768  peak 4.222
[memsplit] iter 39760  persist 0.348  bb 2.727  head 0.181  bwd_extra 0.876  peak 4.132
[memsplit] iter 39780  persist 0.548  bb 2.724  head 0.182  bwd_extra 0.768  peak 4.223
[mem] iter  39800 win_alloc 4.223 win_res 5.814 cur_res 5.814 retries 0
[memsplit] iter 39800  persist 0.548  bb 2.724  head 0.182  bwd_extra 0.768  peak 4.223
[memsplit] iter 39820  persist 0.548  bb 2.724  head 0.182  bwd_extra 0.768  peak 4.223
[memsplit] iter 39840  persist 0.348  bb 2.727  head 0.181  bwd_extra 0.876  peak 4.132
[memsplit] iter 39860  persist 0.548  bb 2.724  head 0.182  bwd_extra 0.768  peak 4.223
[memsplit] iter 39880  persist 0.548  bb 2.724  head 0.182  bwd_extra 0.768  peak 4.223
[mem] iter  39900 win_alloc 4.223 win_res 5.814 cur_res 5.814 retries 0
[memsplit] iter 39900  persist 0.548  bb 2.724  head 0.182  bwd_extra 0.768  peak 4.223
[memsplit] iter 39920  persist 0.348  bb 2.727  head 0.181  bwd_extra 0.876  peak 4.132
[memsplit] iter 39940  persist 0.548  bb 2.724  head 0.182  bwd_extra 0.768  peak 4.223
[memsplit] iter 39960  persist 0.548  bb 2.724  head 0.182  bwd_extra 0.768  peak 4.223
[memsplit] iter 39980  persist 0.548  bb 2.724  head 0.182  bwd_extra 0.768  peak 4.223
[mem] iter  40000 win_alloc 4.223 win_res 5.814 cur_res 5.814 retries 0
Task [40000/100020], Train Loss: 0.0204556, Train Accuracy: 0.9951600
[memsplit] iter 40000  persist 0.347  bb 2.727  head 0.181  bwd_extra 0.876  peak 4.131
[memsplit] iter 40020  persist 0.547  bb 2.724  head 0.182  bwd_extra 0.768  peak 4.222
[memsplit] iter 40040  persist 0.547  bb 2.724  head 0.182  bwd_extra 0.768  peak 4.222
[memsplit] iter 40060  persist 0.547  bb 2.724  head 0.182  bwd_extra 0.768  peak 4.222
[memsplit] iter 40080  persist 0.347  bb 2.727  head 0.181  bwd_extra 0.876  peak 4.131
[mem] iter  40100 win_alloc 4.222 win_res 5.814 cur_res 5.814 retries 0
[memsplit] iter 40100  persist 0.547  bb 2.724  head 0.182  bwd_extra 0.768  peak 4.222
[memsplit] iter 40120  persist 0.547  bb 2.724  head 0.182  bwd_extra 0.768  peak 4.222
[memsplit] iter 40140  persist 0.547  bb 2.724  head 0.182  bwd_extra 0.768  peak 4.222
[memsplit] iter 40160  persist 0.347  bb 2.727  head 0.181  bwd_extra 0.876  peak 4.131
[memsplit] iter 40180  persist 0.547  bb 2.724  head 0.182  bwd_extra 0.768  peak 4.222
[mem] iter  40200 win_alloc 4.222 win_res 5.814 cur_res 5.814 retries 0
[memsplit] iter 40200  persist 0.547  bb 2.724  head 0.182  bwd_extra 0.768  peak 4.222
[memsplit] iter 40220  persist 0.547  bb 2.724  head 0.182  bwd_extra 0.768  peak 4.222
[memsplit] iter 40240  persist 0.347  bb 2.727  head 0.181  bwd_extra 0.876  peak 4.131
[memsplit] iter 40260  persist 0.547  bb 2.724  head 0.182  bwd_extra 0.768  peak 4.222
[memsplit] iter 40280  persist 0.547  bb 2.724  head 0.182  bwd_extra 0.768  peak 4.222
[mem] iter  40300 win_alloc 4.222 win_res 5.814 cur_res 5.814 retries 0
[memsplit] iter 40300  persist 0.547  bb 2.724  head 0.182  bwd_extra 0.768  peak 4.222
[memsplit] iter 40320  persist 0.348  bb 2.727  head 0.181  bwd_extra 0.876  peak 4.131
[memsplit] iter 40340  persist 0.547  bb 2.724  head 0.182  bwd_extra 0.768  peak 4.222
[memsplit] iter 40360  persist 0.547  bb 2.724  head 0.182  bwd_extra 0.768  peak 4.222
[memsplit] iter 40380  persist 0.547  bb 2.724  head 0.182  bwd_extra 0.768  peak 4.222
[mem] iter  40400 win_alloc 4.222 win_res 5.814 cur_res 5.814 retries 0
[memsplit] iter 40400  persist 0.348  bb 2.727  head 0.181  bwd_extra 0.876  peak 4.131
[memsplit] iter 40420  persist 0.547  bb 2.724  head 0.182  bwd_extra 0.768  peak 4.222
[memsplit] iter 40440  persist 0.547  bb 2.724  head 0.182  bwd_extra 0.768  peak 4.222
[memsplit] iter 40460  persist 0.547  bb 2.724  head 0.182  bwd_extra 0.768  peak 4.222
[memsplit] iter 40480  persist 0.348  bb 2.727  head 0.181  bwd_extra 0.876  peak 4.131
[mem] iter  40500 win_alloc 4.222 win_res 5.814 cur_res 5.814 retries 0
[memsplit] iter 40500  persist 0.547  bb 2.724  head 0.182  bwd_extra 0.768  peak 4.222
[memsplit] iter 40520  persist 0.547  bb 2.724  head 0.182  bwd_extra 0.768  peak 4.222
[memsplit] iter 40540  persist 0.547  bb 2.724  head 0.182  bwd_extra 0.768  peak 4.222
[memsplit] iter 40560  persist 0.348  bb 2.727  head 0.181  bwd_extra 0.876  peak 4.132
[memsplit] iter 40580  persist 0.547  bb 2.724  head 0.182  bwd_extra 0.768  peak 4.222
[mem] iter  40600 win_alloc 4.222 win_res 5.814 cur_res 5.814 retries 0
[memsplit] iter 40600  persist 0.547  bb 2.724  head 0.182  bwd_extra 0.768  peak 4.222
[memsplit] iter 40620  persist 0.548  bb 2.724  head 0.182  bwd_extra 0.768  peak 4.222
[memsplit] iter 40640  persist 0.348  bb 2.727  head 0.181  bwd_extra 0.876  peak 4.132
[memsplit] iter 40660  persist 0.548  bb 2.724  head 0.182  bwd_extra 0.768  peak 4.222
[memsplit] iter 40680  persist 0.548  bb 2.724  head 0.182  bwd_extra 0.768  peak 4.222
[mem] iter  40700 win_alloc 4.222 win_res 5.814 cur_res 5.814 retries 0
[memsplit] iter 40700  persist 0.548  bb 2.724  head 0.182  bwd_extra 0.768  peak 4.222
[memsplit] iter 40720  persist 0.348  bb 2.727  head 0.181  bwd_extra 0.876  peak 4.132
[memsplit] iter 40740  persist 0.548  bb 2.724  head 0.182  bwd_extra 0.768  peak 4.222
[memsplit] iter 40760  persist 0.548  bb 2.724  head 0.182  bwd_extra 0.768  peak 4.223
[memsplit] iter 40780  persist 0.548  bb 2.724  head 0.182  bwd_extra 0.768  peak 4.223
[mem] iter  40800 win_alloc 4.223 win_res 5.814 cur_res 5.814 retries 0
[memsplit] iter 40800  persist 0.348  bb 2.727  head 0.181  bwd_extra 0.876  peak 4.132
[memsplit] iter 40820  persist 0.548  bb 2.724  head 0.182  bwd_extra 0.768  peak 4.223
[memsplit] iter 40840  persist 0.548  bb 2.724  head 0.182  bwd_extra 0.768  peak 4.223
[memsplit] iter 40860  persist 0.548  bb 2.724  head 0.182  bwd_extra 0.768  peak 4.223
[memsplit] iter 40880  persist 0.348  bb 2.727  head 0.181  bwd_extra 0.876  peak 4.132
[mem] iter  40900 win_alloc 4.223 win_res 5.814 cur_res 5.814 retries 0
[memsplit] iter 40900  persist 0.548  bb 2.724  head 0.182  bwd_extra 0.768  peak 4.223
[memsplit] iter 40920  persist 0.548  bb 2.724  head 0.182  bwd_extra 0.768  peak 4.223
[memsplit] iter 40940  persist 0.548  bb 2.724  head 0.182  bwd_extra 0.768  peak 4.223
[memsplit] iter 40960  persist 0.348  bb 2.727  head 0.181  bwd_extra 0.876  peak 4.132
[memsplit] iter 40980  persist 0.548  bb 2.724  head 0.182  bwd_extra 0.768  peak 4.223
[mem] iter  41000 win_alloc 4.223 win_res 5.814 cur_res 5.814 retries 0
Task [41000/100020], Train Loss: 0.0200544, Train Accuracy: 0.9957200
[memsplit] iter 41000  persist 0.547  bb 2.724  head 0.182  bwd_extra 0.768  peak 4.222
[memsplit] iter 41020  persist 0.547  bb 2.724  head 0.182  bwd_extra 0.768  peak 4.222
[memsplit] iter 41040  persist 0.347  bb 2.727  head 0.181  bwd_extra 0.876  peak 4.131
[memsplit] iter 41060  persist 0.547  bb 2.724  head 0.182  bwd_extra 0.768  peak 4.222
[memsplit] iter 41080  persist 0.547  bb 2.724  head 0.182  bwd_extra 0.768  peak 4.222
[mem] iter  41100 win_alloc 4.222 win_res 5.814 cur_res 5.814 retries 0
[memsplit] iter 41100  persist 0.547  bb 2.724  head 0.182  bwd_extra 0.768  peak 4.222
[memsplit] iter 41120  persist 0.347  bb 2.727  head 0.181  bwd_extra 0.876  peak 4.131
[memsplit] iter 41140  persist 0.547  bb 2.724  head 0.182  bwd_extra 0.768  peak 4.222
[memsplit] iter 41160  persist 0.547  bb 2.724  head 0.182  bwd_extra 0.768  peak 4.222
[memsplit] iter 41180  persist 0.547  bb 2.724  head 0.182  bwd_extra 0.768  peak 4.222
[mem] iter  41200 win_alloc 4.222 win_res 5.814 cur_res 5.814 retries 0
[memsplit] iter 41200  persist 0.347  bb 2.727  head 0.181  bwd_extra 0.876  peak 4.131
[memsplit] iter 41220  persist 0.547  bb 2.724  head 0.182  bwd_extra 0.768  peak 4.222
[memsplit] iter 41240  persist 0.547  bb 2.724  head 0.182  bwd_extra 0.768  peak 4.222
[memsplit] iter 41260  persist 0.547  bb 2.724  head 0.182  bwd_extra 0.768  peak 4.222
[memsplit] iter 41280  persist 0.348  bb 2.727  head 0.181  bwd_extra 0.876  peak 4.131
[mem] iter  41300 win_alloc 4.222 win_res 5.814 cur_res 5.814 retries 0
[memsplit] iter 41300  persist 0.547  bb 2.724  head 0.182  bwd_extra 0.768  peak 4.222
[memsplit] iter 41320  persist 0.547  bb 2.724  head 0.182  bwd_extra 0.768  peak 4.222
[memsplit] iter 41340  persist 0.547  bb 2.724  head 0.182  bwd_extra 0.768  peak 4.222
[memsplit] iter 41360  persist 0.348  bb 2.727  head 0.181  bwd_extra 0.876  peak 4.131
[memsplit] iter 41380  persist 0.547  bb 2.724  head 0.182  bwd_extra 0.768  peak 4.222
[mem] iter  41400 win_alloc 4.222 win_res 5.814 cur_res 5.814 retries 0
[memsplit] iter 41400  persist 0.547  bb 2.724  head 0.182  bwd_extra 0.768  peak 4.222
[memsplit] iter 41420  persist 0.547  bb 2.724  head 0.182  bwd_extra 0.768  peak 4.222
[memsplit] iter 41440  persist 0.348  bb 2.727  head 0.181  bwd_extra 0.876  peak 4.131
[memsplit] iter 41460  persist 0.547  bb 2.724  head 0.182  bwd_extra 0.768  peak 4.222
[memsplit] iter 41480  persist 0.547  bb 2.724  head 0.182  bwd_extra 0.768  peak 4.222
[mem] iter  41500 win_alloc 4.222 win_res 5.814 cur_res 5.814 retries 0
[memsplit] iter 41500  persist 0.547  bb 2.724  head 0.182  bwd_extra 0.768  peak 4.222
[memsplit] iter 41520  persist 0.348  bb 2.727  head 0.181  bwd_extra 0.876  peak 4.131
[memsplit] iter 41540  persist 0.547  bb 2.724  head 0.182  bwd_extra 0.768  peak 4.222
[memsplit] iter 41560  persist 0.547  bb 2.724  head 0.182  bwd_extra 0.768  peak 4.222
[memsplit] iter 41580  persist 0.547  bb 2.724  head 0.182  bwd_extra 0.768  peak 4.222
[mem] iter  41600 win_alloc 4.222 win_res 5.814 cur_res 5.814 retries 0
[memsplit] iter 41600  persist 0.348  bb 2.727  head 0.181  bwd_extra 0.876  peak 4.132
[memsplit] iter 41620  persist 0.548  bb 2.724  head 0.182  bwd_extra 0.768  peak 4.222
[memsplit] iter 41640  persist 0.548  bb 2.724  head 0.182  bwd_extra 0.768  peak 4.222
[memsplit] iter 41660  persist 0.548  bb 2.724  head 0.182  bwd_extra 0.768  peak 4.222
[memsplit] iter 41680  persist 0.348  bb 2.727  head 0.181  bwd_extra 0.876  peak 4.132
[mem] iter  41700 win_alloc 4.222 win_res 5.814 cur_res 5.814 retries 0
[memsplit] iter 41700  persist 0.548  bb 2.724  head 0.182  bwd_extra 0.768  peak 4.222
[memsplit] iter 41720  persist 0.548  bb 2.724  head 0.182  bwd_extra 0.768  peak 4.222
[memsplit] iter 41740  persist 0.548  bb 2.724  head 0.182  bwd_extra 0.768  peak 4.222
[memsplit] iter 41760  persist 0.348  bb 2.727  head 0.181  bwd_extra 0.876  peak 4.132
[memsplit] iter 41780  persist 0.548  bb 2.724  head 0.182  bwd_extra 0.768  peak 4.223
[mem] iter  41800 win_alloc 4.223 win_res 5.814 cur_res 5.814 retries 0
[memsplit] iter 41800  persist 0.548  bb 2.724  head 0.182  bwd_extra 0.768  peak 4.223
[memsplit] iter 41820  persist 0.548  bb 2.724  head 0.182  bwd_extra 0.768  peak 4.223
[memsplit] iter 41840  persist 0.348  bb 2.727  head 0.181  bwd_extra 0.876  peak 4.132
[memsplit] iter 41860  persist 0.548  bb 2.724  head 0.182  bwd_extra 0.768  peak 4.223
[memsplit] iter 41880  persist 0.548  bb 2.724  head 0.182  bwd_extra 0.768  peak 4.223
[mem] iter  41900 win_alloc 4.223 win_res 5.814 cur_res 5.814 retries 0
[memsplit] iter 41900  persist 0.548  bb 2.724  head 0.182  bwd_extra 0.768  peak 4.223
[memsplit] iter 41920  persist 0.348  bb 2.727  head 0.181  bwd_extra 0.876  peak 4.132
[memsplit] iter 41940  persist 0.548  bb 2.724  head 0.182  bwd_extra 0.768  peak 4.223
[memsplit] iter 41960  persist 0.548  bb 2.724  head 0.182  bwd_extra 0.768  peak 4.223
[memsplit] iter 41980  persist 0.548  bb 2.724  head 0.182  bwd_extra 0.768  peak 4.223
[mem] iter  42000 win_alloc 4.223 win_res 5.814 cur_res 5.814 retries 0
Task [42000/100020], Train Loss: 0.0150233, Train Accuracy: 0.9969999
[memsplit] iter 42000  persist 0.347  bb 2.727  head 0.181  bwd_extra 0.876  peak 4.131
[memsplit] iter 42020  persist 0.547  bb 2.724  head 0.182  bwd_extra 0.768  peak 4.222
[memsplit] iter 42040  persist 0.547  bb 2.724  head 0.182  bwd_extra 0.768  peak 4.222
[memsplit] iter 42060  persist 0.547  bb 2.724  head 0.182  bwd_extra 0.768  peak 4.222
[memsplit] iter 42080  persist 0.347  bb 2.727  head 0.181  bwd_extra 0.876  peak 4.131
[mem] iter  42100 win_alloc 4.222 win_res 5.814 cur_res 5.814 retries 0
[memsplit] iter 42100  persist 0.547  bb 2.724  head 0.182  bwd_extra 0.768  peak 4.222
[memsplit] iter 42120  persist 0.547  bb 2.724  head 0.182  bwd_extra 0.768  peak 4.222
[memsplit] iter 42140  persist 0.547  bb 2.724  head 0.182  bwd_extra 0.768  peak 4.222
[memsplit] iter 42160  persist 0.347  bb 2.727  head 0.181  bwd_extra 0.876  peak 4.131
[memsplit] iter 42180  persist 0.547  bb 2.724  head 0.182  bwd_extra 0.768  peak 4.222
[mem] iter  42200 win_alloc 4.222 win_res 5.814 cur_res 5.814 retries 0
[memsplit] iter 42200  persist 0.547  bb 2.724  head 0.182  bwd_extra 0.768  peak 4.222
[memsplit] iter 42220  persist 0.547  bb 2.724  head 0.182  bwd_extra 0.768  peak 4.222
[memsplit] iter 42240  persist 0.347  bb 2.727  head 0.181  bwd_extra 0.876  peak 4.131
[memsplit] iter 42260  persist 0.547  bb 2.724  head 0.182  bwd_extra 0.768  peak 4.222
[memsplit] iter 42280  persist 0.547  bb 2.724  head 0.182  bwd_extra 0.768  peak 4.222
[mem] iter  42300 win_alloc 4.222 win_res 5.814 cur_res 5.814 retries 0
[memsplit] iter 42300  persist 0.547  bb 2.724  head 0.182  bwd_extra 0.768  peak 4.222
[memsplit] iter 42320  persist 0.348  bb 2.727  head 0.181  bwd_extra 0.876  peak 4.131
[memsplit] iter 42340  persist 0.547  bb 2.724  head 0.182  bwd_extra 0.768  peak 4.222
[memsplit] iter 42360  persist 0.547  bb 2.724  head 0.182  bwd_extra 0.768  peak 4.222
[memsplit] iter 42380  persist 0.547  bb 2.724  head 0.182  bwd_extra 0.768  peak 4.222
[mem] iter  42400 win_alloc 4.222 win_res 5.814 cur_res 5.814 retries 0
[memsplit] iter 42400  persist 0.348  bb 2.727  head 0.181  bwd_extra 0.876  peak 4.131
[memsplit] iter 42420  persist 0.547  bb 2.724  head 0.182  bwd_extra 0.768  peak 4.222
[memsplit] iter 42440  persist 0.547  bb 2.724  head 0.182  bwd_extra 0.768  peak 4.222
[memsplit] iter 42460  persist 0.547  bb 2.724  head 0.182  bwd_extra 0.768  peak 4.222
[memsplit] iter 42480  persist 0.348  bb 2.727  head 0.181  bwd_extra 0.876  peak 4.131
[mem] iter  42500 win_alloc 4.222 win_res 5.814 cur_res 5.814 retries 0
[memsplit] iter 42500  persist 0.547  bb 2.724  head 0.182  bwd_extra 0.768  peak 4.222
[memsplit] iter 42520  persist 0.547  bb 2.724  head 0.182  bwd_extra 0.768  peak 4.222
[memsplit] iter 42540  persist 0.547  bb 2.724  head 0.182  bwd_extra 0.768  peak 4.222
[memsplit] iter 42560  persist 0.348  bb 2.727  head 0.181  bwd_extra 0.876  peak 4.132
[memsplit] iter 42580  persist 0.547  bb 2.724  head 0.182  bwd_extra 0.768  peak 4.222
[mem] iter  42600 win_alloc 4.222 win_res 5.814 cur_res 5.814 retries 0
[memsplit] iter 42600  persist 0.547  bb 2.724  head 0.182  bwd_extra 0.768  peak 4.222
[memsplit] iter 42620  persist 0.548  bb 2.724  head 0.182  bwd_extra 0.768  peak 4.222
[memsplit] iter 42640  persist 0.348  bb 2.727  head 0.181  bwd_extra 0.876  peak 4.132
[memsplit] iter 42660  persist 0.548  bb 2.724  head 0.182  bwd_extra 0.768  peak 4.222
[memsplit] iter 42680  persist 0.548  bb 2.724  head 0.182  bwd_extra 0.768  peak 4.222
[mem] iter  42700 win_alloc 4.222 win_res 5.814 cur_res 5.814 retries 0
[memsplit] iter 42700  persist 0.548  bb 2.724  head 0.182  bwd_extra 0.768  peak 4.222
[memsplit] iter 42720  persist 0.348  bb 2.727  head 0.181  bwd_extra 0.876  peak 4.132
[memsplit] iter 42740  persist 0.548  bb 2.724  head 0.182  bwd_extra 0.768  peak 4.222
[memsplit] iter 42760  persist 0.548  bb 2.724  head 0.182  bwd_extra 0.768  peak 4.223
[memsplit] iter 42780  persist 0.548  bb 2.724  head 0.182  bwd_extra 0.768  peak 4.223
[mem] iter  42800 win_alloc 4.223 win_res 5.814 cur_res 5.814 retries 0
[memsplit] iter 42800  persist 0.348  bb 2.727  head 0.181  bwd_extra 0.876  peak 4.132
[memsplit] iter 42820  persist 0.548  bb 2.724  head 0.182  bwd_extra 0.768  peak 4.223
[memsplit] iter 42840  persist 0.548  bb 2.724  head 0.182  bwd_extra 0.768  peak 4.223
[memsplit] iter 42860  persist 0.548  bb 2.724  head 0.182  bwd_extra 0.768  peak 4.223
[memsplit] iter 42880  persist 0.348  bb 2.727  head 0.181  bwd_extra 0.876  peak 4.132
[mem] iter  42900 win_alloc 4.223 win_res 5.814 cur_res 5.814 retries 0
[memsplit] iter 42900  persist 0.548  bb 2.724  head 0.182  bwd_extra 0.768  peak 4.223
[memsplit] iter 42920  persist 0.548  bb 2.724  head 0.182  bwd_extra 0.768  peak 4.223
[memsplit] iter 42940  persist 0.548  bb 2.724  head 0.182  bwd_extra 0.768  peak 4.223
[memsplit] iter 42960  persist 0.348  bb 2.727  head 0.181  bwd_extra 0.876  peak 4.132
[memsplit] iter 42980  persist 0.548  bb 2.724  head 0.182  bwd_extra 0.768  peak 4.223
[mem] iter  43000 win_alloc 4.223 win_res 5.814 cur_res 5.814 retries 0
Task [43000/100020], Train Loss: 0.0175443, Train Accuracy: 0.9965200
[memsplit] iter 43000  persist 0.547  bb 2.724  head 0.182  bwd_extra 0.768  peak 4.222
[memsplit] iter 43020  persist 0.547  bb 2.724  head 0.182  bwd_extra 0.768  peak 4.222
[memsplit] iter 43040  persist 0.347  bb 2.727  head 0.181  bwd_extra 0.876  peak 4.131
[memsplit] iter 43060  persist 0.547  bb 2.724  head 0.182  bwd_extra 0.768  peak 4.222
[memsplit] iter 43080  persist 0.547  bb 2.724  head 0.182  bwd_extra 0.768  peak 4.222
[mem] iter  43100 win_alloc 4.222 win_res 5.814 cur_res 5.814 retries 0
[memsplit] iter 43100  persist 0.547  bb 2.724  head 0.182  bwd_extra 0.768  peak 4.222
[memsplit] iter 43120  persist 0.347  bb 2.727  head 0.181  bwd_extra 0.876  peak 4.131
[memsplit] iter 43140  persist 0.547  bb 2.724  head 0.182  bwd_extra 0.768  peak 4.222
[memsplit] iter 43160  persist 0.547  bb 2.724  head 0.182  bwd_extra 0.768  peak 4.222
[memsplit] iter 43180  persist 0.547  bb 2.724  head 0.182  bwd_extra 0.768  peak 4.222
[mem] iter  43200 win_alloc 4.222 win_res 5.814 cur_res 5.814 retries 0
[memsplit] iter 43200  persist 0.347  bb 2.727  head 0.181  bwd_extra 0.876  peak 4.131
[memsplit] iter 43220  persist 0.547  bb 2.724  head 0.182  bwd_extra 0.768  peak 4.222
[memsplit] iter 43240  persist 0.547  bb 2.724  head 0.182  bwd_extra 0.768  peak 4.222
[memsplit] iter 43260  persist 0.547  bb 2.724  head 0.182  bwd_extra 0.768  peak 4.222
[memsplit] iter 43280  persist 0.348  bb 2.727  head 0.181  bwd_extra 0.876  peak 4.131
[mem] iter  43300 win_alloc 4.222 win_res 5.814 cur_res 5.814 retries 0
[memsplit] iter 43300  persist 0.547  bb 2.724  head 0.182  bwd_extra 0.768  peak 4.222
[memsplit] iter 43320  persist 0.547  bb 2.724  head 0.182  bwd_extra 0.768  peak 4.222
[memsplit] iter 43340  persist 0.547  bb 2.724  head 0.182  bwd_extra 0.768  peak 4.222
[memsplit] iter 43360  persist 0.348  bb 2.727  head 0.181  bwd_extra 0.876  peak 4.131
[memsplit] iter 43380  persist 0.547  bb 2.724  head 0.182  bwd_extra 0.768  peak 4.222
[mem] iter  43400 win_alloc 4.222 win_res 5.814 cur_res 5.814 retries 0
[memsplit] iter 43400  persist 0.547  bb 2.724  head 0.182  bwd_extra 0.768  peak 4.222
[memsplit] iter 43420  persist 0.547  bb 2.724  head 0.182  bwd_extra 0.768  peak 4.222
[memsplit] iter 43440  persist 0.348  bb 2.727  head 0.181  bwd_extra 0.876  peak 4.131
[memsplit] iter 43460  persist 0.547  bb 2.724  head 0.182  bwd_extra 0.768  peak 4.222
[memsplit] iter 43480  persist 0.547  bb 2.724  head 0.182  bwd_extra 0.768  peak 4.222
[mem] iter  43500 win_alloc 4.222 win_res 5.814 cur_res 5.814 retries 0
[memsplit] iter 43500  persist 0.547  bb 2.724  head 0.182  bwd_extra 0.768  peak 4.222
[memsplit] iter 43520  persist 0.348  bb 2.727  head 0.181  bwd_extra 0.876  peak 4.131
[memsplit] iter 43540  persist 0.547  bb 2.724  head 0.182  bwd_extra 0.768  peak 4.222
[memsplit] iter 43560  persist 0.547  bb 2.724  head 0.182  bwd_extra 0.768  peak 4.222
[memsplit] iter 43580  persist 0.547  bb 2.724  head 0.182  bwd_extra 0.768  peak 4.222
[mem] iter  43600 win_alloc 4.222 win_res 5.814 cur_res 5.814 retries 0
[memsplit] iter 43600  persist 0.348  bb 2.727  head 0.181  bwd_extra 0.876  peak 4.132
[memsplit] iter 43620  persist 0.548  bb 2.724  head 0.182  bwd_extra 0.768  peak 4.222
[memsplit] iter 43640  persist 0.548  bb 2.724  head 0.182  bwd_extra 0.768  peak 4.222
[memsplit] iter 43660  persist 0.548  bb 2.724  head 0.182  bwd_extra 0.768  peak 4.222
[memsplit] iter 43680  persist 0.348  bb 2.727  head 0.181  bwd_extra 0.876  peak 4.132
[mem] iter  43700 win_alloc 4.222 win_res 5.814 cur_res 5.814 retries 0
[memsplit] iter 43700  persist 0.548  bb 2.724  head 0.182  bwd_extra 0.768  peak 4.222
[memsplit] iter 43720  persist 0.548  bb 2.724  head 0.182  bwd_extra 0.768  peak 4.222
[memsplit] iter 43740  persist 0.548  bb 2.724  head 0.182  bwd_extra 0.768  peak 4.222
[memsplit] iter 43760  persist 0.348  bb 2.727  head 0.181  bwd_extra 0.876  peak 4.132
[memsplit] iter 43780  persist 0.548  bb 2.724  head 0.182  bwd_extra 0.768  peak 4.223
[mem] iter  43800 win_alloc 4.223 win_res 5.814 cur_res 5.814 retries 0
[memsplit] iter 43800  persist 0.548  bb 2.724  head 0.182  bwd_extra 0.768  peak 4.223
[memsplit] iter 43820  persist 0.548  bb 2.724  head 0.182  bwd_extra 0.768  peak 4.223
[memsplit] iter 43840  persist 0.348  bb 2.727  head 0.181  bwd_extra 0.876  peak 4.132
[memsplit] iter 43860  persist 0.548  bb 2.724  head 0.182  bwd_extra 0.768  peak 4.223
[memsplit] iter 43880  persist 0.548  bb 2.724  head 0.182  bwd_extra 0.768  peak 4.223
[mem] iter  43900 win_alloc 4.223 win_res 5.814 cur_res 5.814 retries 0
[memsplit] iter 43900  persist 0.548  bb 2.724  head 0.182  bwd_extra 0.768  peak 4.223
[memsplit] iter 43920  persist 0.348  bb 2.727  head 0.181  bwd_extra 0.876  peak 4.132
[memsplit] iter 43940  persist 0.548  bb 2.724  head 0.182  bwd_extra 0.768  peak 4.223
[memsplit] iter 43960  persist 0.548  bb 2.724  head 0.182  bwd_extra 0.768  peak 4.223
[memsplit] iter 43980  persist 0.548  bb 2.724  head 0.182  bwd_extra 0.768  peak 4.223
[mem] iter  44000 win_alloc 4.223 win_res 5.814 cur_res 5.814 retries 0
Task [44000/100020], Train Loss: 0.0190293, Train Accuracy: 0.9959599
[memsplit] iter 44000  persist 0.347  bb 2.727  head 0.181  bwd_extra 0.876  peak 4.131
[memsplit] iter 44020  persist 0.547  bb 2.724  head 0.182  bwd_extra 0.768  peak 4.222
[memsplit] iter 44040  persist 0.547  bb 2.724  head 0.182  bwd_extra 0.768  peak 4.222
[memsplit] iter 44060  persist 0.547  bb 2.724  head 0.182  bwd_extra 0.768  peak 4.222
[memsplit] iter 44080  persist 0.347  bb 2.727  head 0.181  bwd_extra 0.876  peak 4.131
[mem] iter  44100 win_alloc 4.222 win_res 5.814 cur_res 5.814 retries 0
[memsplit] iter 44100  persist 0.547  bb 2.724  head 0.182  bwd_extra 0.768  peak 4.222
[memsplit] iter 44120  persist 0.547  bb 2.724  head 0.182  bwd_extra 0.768  peak 4.222
[memsplit] iter 44140  persist 0.547  bb 2.724  head 0.182  bwd_extra 0.768  peak 4.222
[memsplit] iter 44160  persist 0.347  bb 2.727  head 0.181  bwd_extra 0.876  peak 4.131
[memsplit] iter 44180  persist 0.547  bb 2.724  head 0.182  bwd_extra 0.768  peak 4.222
[mem] iter  44200 win_alloc 4.222 win_res 5.814 cur_res 5.814 retries 0
[memsplit] iter 44200  persist 0.547  bb 2.724  head 0.182  bwd_extra 0.768  peak 4.222
[memsplit] iter 44220  persist 0.547  bb 2.724  head 0.182  bwd_extra 0.768  peak 4.222
[memsplit] iter 44240  persist 0.347  bb 2.727  head 0.181  bwd_extra 0.876  peak 4.131
[memsplit] iter 44260  persist 0.547  bb 2.724  head 0.182  bwd_extra 0.768  peak 4.222
[memsplit] iter 44280  persist 0.547  bb 2.724  head 0.182  bwd_extra 0.768  peak 4.222
[mem] iter  44300 win_alloc 4.222 win_res 5.814 cur_res 5.814 retries 0
[memsplit] iter 44300  persist 0.547  bb 2.724  head 0.182  bwd_extra 0.768  peak 4.222
[memsplit] iter 44320  persist 0.348  bb 2.727  head 0.181  bwd_extra 0.876  peak 4.131
[memsplit] iter 44340  persist 0.547  bb 2.724  head 0.182  bwd_extra 0.768  peak 4.222
[memsplit] iter 44360  persist 0.547  bb 2.724  head 0.182  bwd_extra 0.768  peak 4.222
[memsplit] iter 44380  persist 0.547  bb 2.724  head 0.182  bwd_extra 0.768  peak 4.222
[mem] iter  44400 win_alloc 4.222 win_res 5.814 cur_res 5.814 retries 0
[memsplit] iter 44400  persist 0.348  bb 2.727  head 0.181  bwd_extra 0.876  peak 4.131
[memsplit] iter 44420  persist 0.547  bb 2.724  head 0.182  bwd_extra 0.768  peak 4.222
[memsplit] iter 44440  persist 0.547  bb 2.724  head 0.182  bwd_extra 0.768  peak 4.222
[memsplit] iter 44460  persist 0.547  bb 2.724  head 0.182  bwd_extra 0.768  peak 4.222
[memsplit] iter 44480  persist 0.348  bb 2.727  head 0.181  bwd_extra 0.876  peak 4.131
[mem] iter  44500 win_alloc 4.222 win_res 5.814 cur_res 5.814 retries 0
[memsplit] iter 44500  persist 0.547  bb 2.724  head 0.182  bwd_extra 0.768  peak 4.222
[memsplit] iter 44520  persist 0.547  bb 2.724  head 0.182  bwd_extra 0.768  peak 4.222
[memsplit] iter 44540  persist 0.547  bb 2.724  head 0.182  bwd_extra 0.768  peak 4.222
[memsplit] iter 44560  persist 0.348  bb 2.727  head 0.181  bwd_extra 0.876  peak 4.132
[memsplit] iter 44580  persist 0.547  bb 2.724  head 0.182  bwd_extra 0.768  peak 4.222
[mem] iter  44600 win_alloc 4.222 win_res 5.814 cur_res 5.814 retries 0
[memsplit] iter 44600  persist 0.547  bb 2.724  head 0.182  bwd_extra 0.768  peak 4.222
[memsplit] iter 44620  persist 0.548  bb 2.724  head 0.182  bwd_extra 0.768  peak 4.222
[memsplit] iter 44640  persist 0.348  bb 2.727  head 0.181  bwd_extra 0.876  peak 4.132
[memsplit] iter 44660  persist 0.548  bb 2.724  head 0.182  bwd_extra 0.768  peak 4.222
[memsplit] iter 44680  persist 0.548  bb 2.724  head 0.182  bwd_extra 0.768  peak 4.222
[mem] iter  44700 win_alloc 4.222 win_res 5.814 cur_res 5.814 retries 0
[memsplit] iter 44700  persist 0.548  bb 2.724  head 0.182  bwd_extra 0.768  peak 4.222
[memsplit] iter 44720  persist 0.348  bb 2.727  head 0.181  bwd_extra 0.876  peak 4.132
[memsplit] iter 44740  persist 0.548  bb 2.724  head 0.182  bwd_extra 0.768  peak 4.222
[memsplit] iter 44760  persist 0.548  bb 2.724  head 0.182  bwd_extra 0.768  peak 4.223
[memsplit] iter 44780  persist 0.548  bb 2.724  head 0.182  bwd_extra 0.768  peak 4.223
[mem] iter  44800 win_alloc 4.223 win_res 5.814 cur_res 5.814 retries 0
[memsplit] iter 44800  persist 0.348  bb 2.727  head 0.181  bwd_extra 0.876  peak 4.132
[memsplit] iter 44820  persist 0.548  bb 2.724  head 0.182  bwd_extra 0.768  peak 4.223
[memsplit] iter 44840  persist 0.548  bb 2.724  head 0.182  bwd_extra 0.768  peak 4.223
[memsplit] iter 44860  persist 0.548  bb 2.724  head 0.182  bwd_extra 0.768  peak 4.223
[memsplit] iter 44880  persist 0.348  bb 2.727  head 0.181  bwd_extra 0.876  peak 4.132
[mem] iter  44900 win_alloc 4.223 win_res 5.814 cur_res 5.814 retries 0
[memsplit] iter 44900  persist 0.548  bb 2.724  head 0.182  bwd_extra 0.768  peak 4.223
[memsplit] iter 44920  persist 0.548  bb 2.724  head 0.182  bwd_extra 0.768  peak 4.223
[memsplit] iter 44940  persist 0.548  bb 2.724  head 0.182  bwd_extra 0.768  peak 4.223
[memsplit] iter 44960  persist 0.348  bb 2.727  head 0.181  bwd_extra 0.876  peak 4.132
[memsplit] iter 44980  persist 0.548  bb 2.724  head 0.182  bwd_extra 0.768  peak 4.223
[mem] iter  45000 win_alloc 4.223 win_res 5.814 cur_res 5.814 retries 0
Task [45000/100020], Train Loss: 0.0133739, Train Accuracy: 0.9966400
[memsplit] iter 45000  persist 0.547  bb 2.724  head 0.182  bwd_extra 0.768  peak 4.222
[memsplit] iter 45020  persist 0.547  bb 2.724  head 0.182  bwd_extra 0.768  peak 4.222
[memsplit] iter 45040  persist 0.347  bb 2.727  head 0.181  bwd_extra 0.876  peak 4.131
[memsplit] iter 45060  persist 0.547  bb 2.724  head 0.182  bwd_extra 0.768  peak 4.222
[memsplit] iter 45080  persist 0.547  bb 2.724  head 0.182  bwd_extra 0.768  peak 4.222
[mem] iter  45100 win_alloc 4.222 win_res 5.814 cur_res 5.814 retries 0
[memsplit] iter 45100  persist 0.547  bb 2.724  head 0.182  bwd_extra 0.768  peak 4.222
[memsplit] iter 45120  persist 0.347  bb 2.727  head 0.181  bwd_extra 0.876  peak 4.131
[memsplit] iter 45140  persist 0.547  bb 2.724  head 0.182  bwd_extra 0.768  peak 4.222
[memsplit] iter 45160  persist 0.547  bb 2.724  head 0.182  bwd_extra 0.768  peak 4.222
[memsplit] iter 45180  persist 0.547  bb 2.724  head 0.182  bwd_extra 0.768  peak 4.222
[mem] iter  45200 win_alloc 4.222 win_res 5.814 cur_res 5.814 retries 0
[memsplit] iter 45200  persist 0.347  bb 2.727  head 0.181  bwd_extra 0.876  peak 4.131
[memsplit] iter 45220  persist 0.547  bb 2.724  head 0.182  bwd_extra 0.768  peak 4.222
[memsplit] iter 45240  persist 0.547  bb 2.724  head 0.182  bwd_extra 0.768  peak 4.222
[memsplit] iter 45260  persist 0.547  bb 2.724  head 0.182  bwd_extra 0.768  peak 4.222
[memsplit] iter 45280  persist 0.348  bb 2.727  head 0.181  bwd_extra 0.876  peak 4.131
[mem] iter  45300 win_alloc 4.222 win_res 5.814 cur_res 5.814 retries 0
[memsplit] iter 45300  persist 0.547  bb 2.724  head 0.182  bwd_extra 0.768  peak 4.222
[memsplit] iter 45320  persist 0.547  bb 2.724  head 0.182  bwd_extra 0.768  peak 4.222
[memsplit] iter 45340  persist 0.547  bb 2.724  head 0.182  bwd_extra 0.768  peak 4.222
[memsplit] iter 45360  persist 0.348  bb 2.727  head 0.181  bwd_extra 0.876  peak 4.131
[memsplit] iter 45380  persist 0.547  bb 2.724  head 0.182  bwd_extra 0.768  peak 4.222
[mem] iter  45400 win_alloc 4.222 win_res 5.814 cur_res 5.814 retries 0
[memsplit] iter 45400  persist 0.547  bb 2.724  head 0.182  bwd_extra 0.768  peak 4.222
[memsplit] iter 45420  persist 0.547  bb 2.724  head 0.182  bwd_extra 0.768  peak 4.222
[memsplit] iter 45440  persist 0.348  bb 2.727  head 0.181  bwd_extra 0.876  peak 4.131
[memsplit] iter 45460  persist 0.547  bb 2.724  head 0.182  bwd_extra 0.768  peak 4.222
[memsplit] iter 45480  persist 0.547  bb 2.724  head 0.182  bwd_extra 0.768  peak 4.222
[mem] iter  45500 win_alloc 4.222 win_res 5.814 cur_res 5.814 retries 0
[memsplit] iter 45500  persist 0.547  bb 2.724  head 0.182  bwd_extra 0.768  peak 4.222
[memsplit] iter 45520  persist 0.348  bb 2.727  head 0.181  bwd_extra 0.876  peak 4.131
[memsplit] iter 45540  persist 0.547  bb 2.724  head 0.182  bwd_extra 0.768  peak 4.222
[memsplit] iter 45560  persist 0.547  bb 2.724  head 0.182  bwd_extra 0.768  peak 4.222
[memsplit] iter 45580  persist 0.547  bb 2.724  head 0.182  bwd_extra 0.768  peak 4.222
[mem] iter  45600 win_alloc 4.222 win_res 5.814 cur_res 5.814 retries 0
[memsplit] iter 45600  persist 0.348  bb 2.727  head 0.181  bwd_extra 0.876  peak 4.132
[memsplit] iter 45620  persist 0.548  bb 2.724  head 0.182  bwd_extra 0.768  peak 4.222
[memsplit] iter 45640  persist 0.548  bb 2.724  head 0.182  bwd_extra 0.768  peak 4.222
[memsplit] iter 45660  persist 0.548  bb 2.724  head 0.182  bwd_extra 0.768  peak 4.222
[memsplit] iter 45680  persist 0.348  bb 2.727  head 0.181  bwd_extra 0.876  peak 4.132
[mem] iter  45700 win_alloc 4.222 win_res 5.814 cur_res 5.814 retries 0
[memsplit] iter 45700  persist 0.548  bb 2.724  head 0.182  bwd_extra 0.768  peak 4.222
[memsplit] iter 45720  persist 0.548  bb 2.724  head 0.182  bwd_extra 0.768  peak 4.222
[memsplit] iter 45740  persist 0.548  bb 2.724  head 0.182  bwd_extra 0.768  peak 4.222
[memsplit] iter 45760  persist 0.348  bb 2.727  head 0.181  bwd_extra 0.876  peak 4.132
[memsplit] iter 45780  persist 0.548  bb 2.724  head 0.182  bwd_extra 0.768  peak 4.223
[mem] iter  45800 win_alloc 4.223 win_res 5.814 cur_res 5.814 retries 0
[memsplit] iter 45800  persist 0.548  bb 2.724  head 0.182  bwd_extra 0.768  peak 4.223
[memsplit] iter 45820  persist 0.548  bb 2.724  head 0.182  bwd_extra 0.768  peak 4.223
[memsplit] iter 45840  persist 0.348  bb 2.727  head 0.181  bwd_extra 0.876  peak 4.132
[memsplit] iter 45860  persist 0.548  bb 2.724  head 0.182  bwd_extra 0.768  peak 4.223
[memsplit] iter 45880  persist 0.548  bb 2.724  head 0.182  bwd_extra 0.768  peak 4.223
[mem] iter  45900 win_alloc 4.223 win_res 5.814 cur_res 5.814 retries 0
[memsplit] iter 45900  persist 0.548  bb 2.724  head 0.182  bwd_extra 0.768  peak 4.223
[memsplit] iter 45920  persist 0.348  bb 2.727  head 0.181  bwd_extra 0.876  peak 4.132
[memsplit] iter 45940  persist 0.548  bb 2.724  head 0.182  bwd_extra 0.768  peak 4.223
[memsplit] iter 45960  persist 0.548  bb 2.724  head 0.182  bwd_extra 0.768  peak 4.223
[memsplit] iter 45980  persist 0.548  bb 2.724  head 0.182  bwd_extra 0.768  peak 4.223
[mem] iter  46000 win_alloc 4.223 win_res 5.814 cur_res 5.814 retries 0
Task [46000/100020], Train Loss: 0.0108775, Train Accuracy: 0.9975600
[memsplit] iter 46000  persist 0.347  bb 2.727  head 0.181  bwd_extra 0.876  peak 4.131
[memsplit] iter 46020  persist 0.547  bb 2.724  head 0.182  bwd_extra 0.768  peak 4.222
[memsplit] iter 46040  persist 0.547  bb 2.724  head 0.182  bwd_extra 0.768  peak 4.222
[memsplit] iter 46060  persist 0.547  bb 2.724  head 0.182  bwd_extra 0.768  peak 4.222
[memsplit] iter 46080  persist 0.347  bb 2.727  head 0.181  bwd_extra 0.876  peak 4.131
[mem] iter  46100 win_alloc 4.222 win_res 5.814 cur_res 5.814 retries 0
[memsplit] iter 46100  persist 0.547  bb 2.724  head 0.182  bwd_extra 0.768  peak 4.222
[memsplit] iter 46120  persist 0.547  bb 2.724  head 0.182  bwd_extra 0.768  peak 4.222
[memsplit] iter 46140  persist 0.547  bb 2.724  head 0.182  bwd_extra 0.768  peak 4.222
[memsplit] iter 46160  persist 0.347  bb 2.727  head 0.181  bwd_extra 0.876  peak 4.131
[memsplit] iter 46180  persist 0.547  bb 2.724  head 0.182  bwd_extra 0.768  peak 4.222
[mem] iter  46200 win_alloc 4.222 win_res 5.814 cur_res 5.814 retries 0
[memsplit] iter 46200  persist 0.547  bb 2.724  head 0.182  bwd_extra 0.768  peak 4.222
[memsplit] iter 46220  persist 0.547  bb 2.724  head 0.182  bwd_extra 0.768  peak 4.222
[memsplit] iter 46240  persist 0.347  bb 2.727  head 0.181  bwd_extra 0.876  peak 4.131
[memsplit] iter 46260  persist 0.547  bb 2.724  head 0.182  bwd_extra 0.768  peak 4.222
[memsplit] iter 46280  persist 0.547  bb 2.724  head 0.182  bwd_extra 0.768  peak 4.222
[mem] iter  46300 win_alloc 4.222 win_res 5.814 cur_res 5.814 retries 0
[memsplit] iter 46300  persist 0.547  bb 2.724  head 0.182  bwd_extra 0.768  peak 4.222
[memsplit] iter 46320  persist 0.348  bb 2.727  head 0.181  bwd_extra 0.876  peak 4.131
[memsplit] iter 46340  persist 0.547  bb 2.724  head 0.182  bwd_extra 0.768  peak 4.222
[memsplit] iter 46360  persist 0.547  bb 2.724  head 0.182  bwd_extra 0.768  peak 4.222
[memsplit] iter 46380  persist 0.547  bb 2.724  head 0.182  bwd_extra 0.768  peak 4.222
[mem] iter  46400 win_alloc 4.222 win_res 5.814 cur_res 5.814 retries 0
[memsplit] iter 46400  persist 0.348  bb 2.727  head 0.181  bwd_extra 0.876  peak 4.131
[memsplit] iter 46420  persist 0.547  bb 2.724  head 0.182  bwd_extra 0.768  peak 4.222
[memsplit] iter 46440  persist 0.547  bb 2.724  head 0.182  bwd_extra 0.768  peak 4.222
[memsplit] iter 46460  persist 0.547  bb 2.724  head 0.182  bwd_extra 0.768  peak 4.222
[memsplit] iter 46480  persist 0.348  bb 2.727  head 0.181  bwd_extra 0.876  peak 4.131
[mem] iter  46500 win_alloc 4.222 win_res 5.814 cur_res 5.814 retries 0
[memsplit] iter 46500  persist 0.547  bb 2.724  head 0.182  bwd_extra 0.768  peak 4.222
[memsplit] iter 46520  persist 0.547  bb 2.724  head 0.182  bwd_extra 0.768  peak 4.222
[memsplit] iter 46540  persist 0.547  bb 2.724  head 0.182  bwd_extra 0.768  peak 4.222
[memsplit] iter 46560  persist 0.348  bb 2.727  head 0.181  bwd_extra 0.876  peak 4.132
[memsplit] iter 46580  persist 0.547  bb 2.724  head 0.182  bwd_extra 0.768  peak 4.222
[mem] iter  46600 win_alloc 4.222 win_res 5.814 cur_res 5.814 retries 0
[memsplit] iter 46600  persist 0.547  bb 2.724  head 0.182  bwd_extra 0.768  peak 4.222
[memsplit] iter 46620  persist 0.548  bb 2.724  head 0.182  bwd_extra 0.768  peak 4.222
[memsplit] iter 46640  persist 0.348  bb 2.727  head 0.181  bwd_extra 0.876  peak 4.132
[memsplit] iter 46660  persist 0.548  bb 2.724  head 0.182  bwd_extra 0.768  peak 4.222
[memsplit] iter 46680  persist 0.548  bb 2.724  head 0.182  bwd_extra 0.768  peak 4.222
[mem] iter  46700 win_alloc 4.222 win_res 5.814 cur_res 5.814 retries 0
[memsplit] iter 46700  persist 0.548  bb 2.724  head 0.182  bwd_extra 0.768  peak 4.222
[memsplit] iter 46720  persist 0.348  bb 2.727  head 0.181  bwd_extra 0.876  peak 4.132
[memsplit] iter 46740  persist 0.548  bb 2.724  head 0.182  bwd_extra 0.768  peak 4.222
[memsplit] iter 46760  persist 0.548  bb 2.724  head 0.182  bwd_extra 0.768  peak 4.223
[memsplit] iter 46780  persist 0.548  bb 2.724  head 0.182  bwd_extra 0.768  peak 4.223
[mem] iter  46800 win_alloc 4.223 win_res 5.814 cur_res 5.814 retries 0
[memsplit] iter 46800  persist 0.348  bb 2.727  head 0.181  bwd_extra 0.876  peak 4.132
[memsplit] iter 46820  persist 0.548  bb 2.724  head 0.182  bwd_extra 0.768  peak 4.223
[memsplit] iter 46840  persist 0.548  bb 2.724  head 0.182  bwd_extra 0.768  peak 4.223
[memsplit] iter 46860  persist 0.548  bb 2.724  head 0.182  bwd_extra 0.768  peak 4.223
[memsplit] iter 46880  persist 0.348  bb 2.727  head 0.181  bwd_extra 0.876  peak 4.132
[mem] iter  46900 win_alloc 4.223 win_res 5.814 cur_res 5.814 retries 0
[memsplit] iter 46900  persist 0.548  bb 2.724  head 0.182  bwd_extra 0.768  peak 4.223
[memsplit] iter 46920  persist 0.548  bb 2.724  head 0.182  bwd_extra 0.768  peak 4.223
[memsplit] iter 46940  persist 0.548  bb 2.724  head 0.182  bwd_extra 0.768  peak 4.223
[memsplit] iter 46960  persist 0.348  bb 2.727  head 0.181  bwd_extra 0.876  peak 4.132
[memsplit] iter 46980  persist 0.548  bb 2.724  head 0.182  bwd_extra 0.768  peak 4.223
[mem] iter  47000 win_alloc 4.223 win_res 5.814 cur_res 5.814 retries 0
Task [47000/100020], Train Loss: 0.0166831, Train Accuracy: 0.9965200
[memsplit] iter 47000  persist 0.547  bb 2.724  head 0.182  bwd_extra 0.768  peak 4.222
[memsplit] iter 47020  persist 0.547  bb 2.724  head 0.182  bwd_extra 0.768  peak 4.222
[memsplit] iter 47040  persist 0.347  bb 2.727  head 0.181  bwd_extra 0.876  peak 4.131
[memsplit] iter 47060  persist 0.547  bb 2.724  head 0.182  bwd_extra 0.768  peak 4.222
[memsplit] iter 47080  persist 0.547  bb 2.724  head 0.182  bwd_extra 0.768  peak 4.222
[mem] iter  47100 win_alloc 4.222 win_res 5.814 cur_res 5.814 retries 0
[memsplit] iter 47100  persist 0.547  bb 2.724  head 0.182  bwd_extra 0.768  peak 4.222
[memsplit] iter 47120  persist 0.347  bb 2.727  head 0.181  bwd_extra 0.876  peak 4.131
[memsplit] iter 47140  persist 0.547  bb 2.724  head 0.182  bwd_extra 0.768  peak 4.222
[memsplit] iter 47160  persist 0.547  bb 2.724  head 0.182  bwd_extra 0.768  peak 4.222
[memsplit] iter 47180  persist 0.547  bb 2.724  head 0.182  bwd_extra 0.768  peak 4.222
[mem] iter  47200 win_alloc 4.222 win_res 5.814 cur_res 5.814 retries 0
[memsplit] iter 47200  persist 0.347  bb 2.727  head 0.181  bwd_extra 0.876  peak 4.131
[memsplit] iter 47220  persist 0.547  bb 2.724  head 0.182  bwd_extra 0.768  peak 4.222
[memsplit] iter 47240  persist 0.547  bb 2.724  head 0.182  bwd_extra 0.768  peak 4.222
[memsplit] iter 47260  persist 0.547  bb 2.724  head 0.182  bwd_extra 0.768  peak 4.222
[memsplit] iter 47280  persist 0.348  bb 2.727  head 0.181  bwd_extra 0.876  peak 4.131
[mem] iter  47300 win_alloc 4.222 win_res 5.814 cur_res 5.814 retries 0
[memsplit] iter 47300  persist 0.547  bb 2.724  head 0.182  bwd_extra 0.768  peak 4.222
[memsplit] iter 47320  persist 0.547  bb 2.724  head 0.182  bwd_extra 0.768  peak 4.222
[memsplit] iter 47340  persist 0.547  bb 2.724  head 0.182  bwd_extra 0.768  peak 4.222
[memsplit] iter 47360  persist 0.348  bb 2.727  head 0.181  bwd_extra 0.876  peak 4.131
[memsplit] iter 47380  persist 0.547  bb 2.724  head 0.182  bwd_extra 0.768  peak 4.222
[mem] iter  47400 win_alloc 4.222 win_res 5.814 cur_res 5.814 retries 0
[memsplit] iter 47400  persist 0.547  bb 2.724  head 0.182  bwd_extra 0.768  peak 4.222
[memsplit] iter 47420  persist 0.547  bb 2.724  head 0.182  bwd_extra 0.768  peak 4.222
[memsplit] iter 47440  persist 0.348  bb 2.727  head 0.181  bwd_extra 0.876  peak 4.131
[memsplit] iter 47460  persist 0.547  bb 2.724  head 0.182  bwd_extra 0.768  peak 4.222
[memsplit] iter 47480  persist 0.547  bb 2.724  head 0.182  bwd_extra 0.768  peak 4.222
[mem] iter  47500 win_alloc 4.222 win_res 5.814 cur_res 5.814 retries 0
[memsplit] iter 47500  persist 0.547  bb 2.724  head 0.182  bwd_extra 0.768  peak 4.222
[memsplit] iter 47520  persist 0.348  bb 2.727  head 0.181  bwd_extra 0.876  peak 4.131
[memsplit] iter 47540  persist 0.547  bb 2.724  head 0.182  bwd_extra 0.768  peak 4.222
[memsplit] iter 47560  persist 0.547  bb 2.724  head 0.182  bwd_extra 0.768  peak 4.222
[memsplit] iter 47580  persist 0.547  bb 2.724  head 0.182  bwd_extra 0.768  peak 4.222
[mem] iter  47600 win_alloc 4.222 win_res 5.814 cur_res 5.814 retries 0
[memsplit] iter 47600  persist 0.348  bb 2.727  head 0.181  bwd_extra 0.876  peak 4.132
[memsplit] iter 47620  persist 0.548  bb 2.724  head 0.182  bwd_extra 0.768  peak 4.222
[memsplit] iter 47640  persist 0.548  bb 2.724  head 0.182  bwd_extra 0.768  peak 4.222
[memsplit] iter 47660  persist 0.548  bb 2.724  head 0.182  bwd_extra 0.768  peak 4.222
[memsplit] iter 47680  persist 0.348  bb 2.727  head 0.181  bwd_extra 0.876  peak 4.132
[mem] iter  47700 win_alloc 4.222 win_res 5.814 cur_res 5.814 retries 0
[memsplit] iter 47700  persist 0.548  bb 2.724  head 0.182  bwd_extra 0.768  peak 4.222
[memsplit] iter 47720  persist 0.548  bb 2.724  head 0.182  bwd_extra 0.768  peak 4.222
[memsplit] iter 47740  persist 0.548  bb 2.724  head 0.182  bwd_extra 0.768  peak 4.222
[memsplit] iter 47760  persist 0.348  bb 2.727  head 0.181  bwd_extra 0.876  peak 4.132
[memsplit] iter 47780  persist 0.548  bb 2.724  head 0.182  bwd_extra 0.768  peak 4.223
[mem] iter  47800 win_alloc 4.223 win_res 5.814 cur_res 5.814 retries 0
[memsplit] iter 47800  persist 0.548  bb 2.724  head 0.182  bwd_extra 0.768  peak 4.223
[memsplit] iter 47820  persist 0.548  bb 2.724  head 0.182  bwd_extra 0.768  peak 4.223
[memsplit] iter 47840  persist 0.348  bb 2.727  head 0.181  bwd_extra 0.876  peak 4.132
[memsplit] iter 47860  persist 0.548  bb 2.724  head 0.182  bwd_extra 0.768  peak 4.223
[memsplit] iter 47880  persist 0.548  bb 2.724  head 0.182  bwd_extra 0.768  peak 4.223
[mem] iter  47900 win_alloc 4.223 win_res 5.814 cur_res 5.814 retries 0
[memsplit] iter 47900  persist 0.548  bb 2.724  head 0.182  bwd_extra 0.768  peak 4.223
[memsplit] iter 47920  persist 0.348  bb 2.727  head 0.181  bwd_extra 0.876  peak 4.132
[memsplit] iter 47940  persist 0.548  bb 2.724  head 0.182  bwd_extra 0.768  peak 4.223
[memsplit] iter 47960  persist 0.548  bb 2.724  head 0.182  bwd_extra 0.768  peak 4.223
[memsplit] iter 47980  persist 0.548  bb 2.724  head 0.182  bwd_extra 0.768  peak 4.223
[mem] iter  48000 win_alloc 4.223 win_res 5.814 cur_res 5.814 retries 0
Task [48000/100020], Train Loss: 0.0150788, Train Accuracy: 0.9966800
[memsplit] iter 48000  persist 0.347  bb 2.727  head 0.181  bwd_extra 0.876  peak 4.131
[memsplit] iter 48020  persist 0.547  bb 2.724  head 0.182  bwd_extra 0.768  peak 4.222
[memsplit] iter 48040  persist 0.547  bb 2.724  head 0.182  bwd_extra 0.768  peak 4.222
[memsplit] iter 48060  persist 0.547  bb 2.724  head 0.182  bwd_extra 0.768  peak 4.222
[memsplit] iter 48080  persist 0.347  bb 2.727  head 0.181  bwd_extra 0.876  peak 4.131
[mem] iter  48100 win_alloc 4.222 win_res 5.814 cur_res 5.814 retries 0
[memsplit] iter 48100  persist 0.547  bb 2.724  head 0.182  bwd_extra 0.768  peak 4.222
[memsplit] iter 48120  persist 0.547  bb 2.724  head 0.182  bwd_extra 0.768  peak 4.222
[memsplit] iter 48140  persist 0.547  bb 2.724  head 0.182  bwd_extra 0.768  peak 4.222
[memsplit] iter 48160  persist 0.347  bb 2.727  head 0.181  bwd_extra 0.876  peak 4.131
[memsplit] iter 48180  persist 0.547  bb 2.724  head 0.182  bwd_extra 0.768  peak 4.222
[mem] iter  48200 win_alloc 4.222 win_res 5.814 cur_res 5.814 retries 0
[memsplit] iter 48200  persist 0.547  bb 2.724  head 0.182  bwd_extra 0.768  peak 4.222
[memsplit] iter 48220  persist 0.547  bb 2.724  head 0.182  bwd_extra 0.768  peak 4.222
[memsplit] iter 48240  persist 0.347  bb 2.727  head 0.181  bwd_extra 0.876  peak 4.131
[memsplit] iter 48260  persist 0.547  bb 2.724  head 0.182  bwd_extra 0.768  peak 4.222
[memsplit] iter 48280  persist 0.547  bb 2.724  head 0.182  bwd_extra 0.768  peak 4.222
[mem] iter  48300 win_alloc 4.222 win_res 5.814 cur_res 5.814 retries 0
[memsplit] iter 48300  persist 0.547  bb 2.724  head 0.182  bwd_extra 0.768  peak 4.222
[memsplit] iter 48320  persist 0.348  bb 2.727  head 0.181  bwd_extra 0.876  peak 4.131
[memsplit] iter 48340  persist 0.547  bb 2.724  head 0.182  bwd_extra 0.768  peak 4.222
[memsplit] iter 48360  persist 0.547  bb 2.724  head 0.182  bwd_extra 0.768  peak 4.222
[memsplit] iter 48380  persist 0.547  bb 2.724  head 0.182  bwd_extra 0.768  peak 4.222
[mem] iter  48400 win_alloc 4.222 win_res 5.814 cur_res 5.814 retries 0
[memsplit] iter 48400  persist 0.348  bb 2.727  head 0.181  bwd_extra 0.876  peak 4.131
[memsplit] iter 48420  persist 0.547  bb 2.724  head 0.182  bwd_extra 0.768  peak 4.222
[memsplit] iter 48440  persist 0.547  bb 2.724  head 0.182  bwd_extra 0.768  peak 4.222
[memsplit] iter 48460  persist 0.547  bb 2.724  head 0.182  bwd_extra 0.768  peak 4.222
[memsplit] iter 48480  persist 0.348  bb 2.727  head 0.181  bwd_extra 0.876  peak 4.131
[mem] iter  48500 win_alloc 4.222 win_res 5.814 cur_res 5.814 retries 0
[memsplit] iter 48500  persist 0.547  bb 2.724  head 0.182  bwd_extra 0.768  peak 4.222
[memsplit] iter 48520  persist 0.547  bb 2.724  head 0.182  bwd_extra 0.768  peak 4.222
[memsplit] iter 48540  persist 0.547  bb 2.724  head 0.182  bwd_extra 0.768  peak 4.222
[memsplit] iter 48560  persist 0.348  bb 2.727  head 0.181  bwd_extra 0.876  peak 4.132
[memsplit] iter 48580  persist 0.547  bb 2.724  head 0.182  bwd_extra 0.768  peak 4.222
[mem] iter  48600 win_alloc 4.222 win_res 5.814 cur_res 5.814 retries 0
[memsplit] iter 48600  persist 0.547  bb 2.724  head 0.182  bwd_extra 0.768  peak 4.222
[memsplit] iter 48620  persist 0.548  bb 2.724  head 0.182  bwd_extra 0.768  peak 4.222
[memsplit] iter 48640  persist 0.348  bb 2.727  head 0.181  bwd_extra 0.876  peak 4.132
[memsplit] iter 48660  persist 0.548  bb 2.724  head 0.182  bwd_extra 0.768  peak 4.222
[memsplit] iter 48680  persist 0.548  bb 2.724  head 0.182  bwd_extra 0.768  peak 4.222
[mem] iter  48700 win_alloc 4.222 win_res 5.814 cur_res 5.814 retries 0
[memsplit] iter 48700  persist 0.548  bb 2.724  head 0.182  bwd_extra 0.768  peak 4.222
[memsplit] iter 48720  persist 0.348  bb 2.727  head 0.181  bwd_extra 0.876  peak 4.132
[memsplit] iter 48740  persist 0.548  bb 2.724  head 0.182  bwd_extra 0.768  peak 4.222
[memsplit] iter 48760  persist 0.548  bb 2.724  head 0.182  bwd_extra 0.768  peak 4.223
[memsplit] iter 48780  persist 0.548  bb 2.724  head 0.182  bwd_extra 0.768  peak 4.223
[mem] iter  48800 win_alloc 4.223 win_res 5.814 cur_res 5.814 retries 0
[memsplit] iter 48800  persist 0.348  bb 2.727  head 0.181  bwd_extra 0.876  peak 4.132
[memsplit] iter 48820  persist 0.548  bb 2.724  head 0.182  bwd_extra 0.768  peak 4.223
[memsplit] iter 48840  persist 0.548  bb 2.724  head 0.182  bwd_extra 0.768  peak 4.223
[memsplit] iter 48860  persist 0.548  bb 2.724  head 0.182  bwd_extra 0.768  peak 4.223
[memsplit] iter 48880  persist 0.348  bb 2.727  head 0.181  bwd_extra 0.876  peak 4.132
[mem] iter  48900 win_alloc 4.223 win_res 5.814 cur_res 5.814 retries 0
[memsplit] iter 48900  persist 0.548  bb 2.724  head 0.182  bwd_extra 0.768  peak 4.223
[memsplit] iter 48920  persist 0.548  bb 2.724  head 0.182  bwd_extra 0.768  peak 4.223
[memsplit] iter 48940  persist 0.548  bb 2.724  head 0.182  bwd_extra 0.768  peak 4.223
[memsplit] iter 48960  persist 0.348  bb 2.727  head 0.181  bwd_extra 0.876  peak 4.132
[memsplit] iter 48980  persist 0.548  bb 2.724  head 0.182  bwd_extra 0.768  peak 4.223
[mem] iter  49000 win_alloc 4.223 win_res 5.814 cur_res 5.814 retries 0
Task [49000/100020], Train Loss: 0.0119206, Train Accuracy: 0.9974000
[memsplit] iter 49000  persist 0.547  bb 2.724  head 0.182  bwd_extra 0.768  peak 4.222
[memsplit] iter 49020  persist 0.547  bb 2.724  head 0.182  bwd_extra 0.768  peak 4.222
[memsplit] iter 49040  persist 0.347  bb 2.727  head 0.181  bwd_extra 0.876  peak 4.131
[memsplit] iter 49060  persist 0.547  bb 2.724  head 0.182  bwd_extra 0.768  peak 4.222
[memsplit] iter 49080  persist 0.547  bb 2.724  head 0.182  bwd_extra 0.768  peak 4.222
[mem] iter  49100 win_alloc 4.222 win_res 5.814 cur_res 5.814 retries 0
[memsplit] iter 49100  persist 0.547  bb 2.724  head 0.182  bwd_extra 0.768  peak 4.222
[memsplit] iter 49120  persist 0.347  bb 2.727  head 0.181  bwd_extra 0.876  peak 4.131
[memsplit] iter 49140  persist 0.547  bb 2.724  head 0.182  bwd_extra 0.768  peak 4.222
[memsplit] iter 49160  persist 0.547  bb 2.724  head 0.182  bwd_extra 0.768  peak 4.222
[memsplit] iter 49180  persist 0.547  bb 2.724  head 0.182  bwd_extra 0.768  peak 4.222
[mem] iter  49200 win_alloc 4.222 win_res 5.814 cur_res 5.814 retries 0
[memsplit] iter 49200  persist 0.347  bb 2.727  head 0.181  bwd_extra 0.876  peak 4.131
[memsplit] iter 49220  persist 0.547  bb 2.724  head 0.182  bwd_extra 0.768  peak 4.222
[memsplit] iter 49240  persist 0.547  bb 2.724  head 0.182  bwd_extra 0.768  peak 4.222
[memsplit] iter 49260  persist 0.547  bb 2.724  head 0.182  bwd_extra 0.768  peak 4.222
[memsplit] iter 49280  persist 0.348  bb 2.727  head 0.181  bwd_extra 0.876  peak 4.131
[mem] iter  49300 win_alloc 4.222 win_res 5.814 cur_res 5.814 retries 0
[memsplit] iter 49300  persist 0.547  bb 2.724  head 0.182  bwd_extra 0.768  peak 4.222
[memsplit] iter 49320  persist 0.547  bb 2.724  head 0.182  bwd_extra 0.768  peak 4.222
[memsplit] iter 49340  persist 0.547  bb 2.724  head 0.182  bwd_extra 0.768  peak 4.222
[memsplit] iter 49360  persist 0.348  bb 2.727  head 0.181  bwd_extra 0.876  peak 4.131
[memsplit] iter 49380  persist 0.547  bb 2.724  head 0.182  bwd_extra 0.768  peak 4.222
[mem] iter  49400 win_alloc 4.222 win_res 5.814 cur_res 5.814 retries 0
[memsplit] iter 49400  persist 0.547  bb 2.724  head 0.182  bwd_extra 0.768  peak 4.222
[memsplit] iter 49420  persist 0.547  bb 2.724  head 0.182  bwd_extra 0.768  peak 4.222
[memsplit] iter 49440  persist 0.348  bb 2.727  head 0.181  bwd_extra 0.876  peak 4.131
[memsplit] iter 49460  persist 0.547  bb 2.724  head 0.182  bwd_extra 0.768  peak 4.222
[memsplit] iter 49480  persist 0.547  bb 2.724  head 0.182  bwd_extra 0.768  peak 4.222
[mem] iter  49500 win_alloc 4.222 win_res 5.814 cur_res 5.814 retries 0
[memsplit] iter 49500  persist 0.547  bb 2.724  head 0.182  bwd_extra 0.768  peak 4.222
[memsplit] iter 49520  persist 0.348  bb 2.727  head 0.181  bwd_extra 0.876  peak 4.131
[memsplit] iter 49540  persist 0.547  bb 2.724  head 0.182  bwd_extra 0.768  peak 4.222
[memsplit] iter 49560  persist 0.547  bb 2.724  head 0.182  bwd_extra 0.768  peak 4.222
[memsplit] iter 49580  persist 0.547  bb 2.724  head 0.182  bwd_extra 0.768  peak 4.222
[mem] iter  49600 win_alloc 4.222 win_res 5.814 cur_res 5.814 retries 0
[memsplit] iter 49600  persist 0.348  bb 2.727  head 0.181  bwd_extra 0.876  peak 4.132
[memsplit] iter 49620  persist 0.548  bb 2.724  head 0.182  bwd_extra 0.768  peak 4.222
[memsplit] iter 49640  persist 0.548  bb 2.724  head 0.182  bwd_extra 0.768  peak 4.222
[memsplit] iter 49660  persist 0.548  bb 2.724  head 0.182  bwd_extra 0.768  peak 4.222
[memsplit] iter 49680  persist 0.348  bb 2.727  head 0.181  bwd_extra 0.876  peak 4.132
[mem] iter  49700 win_alloc 4.222 win_res 5.814 cur_res 5.814 retries 0
[memsplit] iter 49700  persist 0.548  bb 2.724  head 0.182  bwd_extra 0.768  peak 4.222
[memsplit] iter 49720  persist 0.548  bb 2.724  head 0.182  bwd_extra 0.768  peak 4.222
[memsplit] iter 49740  persist 0.548  bb 2.724  head 0.182  bwd_extra 0.768  peak 4.222
[memsplit] iter 49760  persist 0.348  bb 2.727  head 0.181  bwd_extra 0.876  peak 4.132
[memsplit] iter 49780  persist 0.548  bb 2.724  head 0.182  bwd_extra 0.768  peak 4.223
[mem] iter  49800 win_alloc 4.223 win_res 5.814 cur_res 5.814 retries 0
[memsplit] iter 49800  persist 0.548  bb 2.724  head 0.182  bwd_extra 0.768  peak 4.223
[memsplit] iter 49820  persist 0.548  bb 2.724  head 0.182  bwd_extra 0.768  peak 4.223
[memsplit] iter 49840  persist 0.348  bb 2.727  head 0.181  bwd_extra 0.876  peak 4.132
[memsplit] iter 49860  persist 0.548  bb 2.724  head 0.182  bwd_extra 0.768  peak 4.223
[memsplit] iter 49880  persist 0.548  bb 2.724  head 0.182  bwd_extra 0.768  peak 4.223
[mem] iter  49900 win_alloc 4.223 win_res 5.814 cur_res 5.814 retries 0
[memsplit] iter 49900  persist 0.548  bb 2.724  head 0.182  bwd_extra 0.768  peak 4.223
[memsplit] iter 49920  persist 0.348  bb 2.727  head 0.181  bwd_extra 0.876  peak 4.132
[memsplit] iter 49940  persist 0.548  bb 2.724  head 0.182  bwd_extra 0.768  peak 4.223
[memsplit] iter 49960  persist 0.548  bb 2.724  head 0.182  bwd_extra 0.768  peak 4.223
[memsplit] iter 49980  persist 0.548  bb 2.724  head 0.182  bwd_extra 0.768  peak 4.223
[mem] iter  50000 win_alloc 4.223 win_res 5.814 cur_res 5.814 retries 0
Task [50000/100020], Train Loss: 0.0130225, Train Accuracy: 0.9970400
[mem][pre-eval] iter  50000 win_alloc 4.223 win_res 5.814 cur_res 5.814 retries 0
[mem][post-eval] iter  50000 win_alloc 4.223 win_res 5.814 cur_res 5.814 retries 0
{'hmdb': {'accuracy': 50.70000119835139, 'confidence': 0.4271496215460999}}

Test Accuracies:
hmdb: 50.7+/-0.4

[mem] profiling run — 跳過 results.csv 寫入
[memsplit] iter 50000  persist 0.347  bb 2.727  head 0.181  bwd_extra 0.876  peak 4.131
[memsplit] iter 50020  persist 0.547  bb 2.724  head 0.182  bwd_extra 0.768  peak 4.222
[memsplit] iter 50040  persist 0.547  bb 2.724  head 0.182  bwd_extra 0.768  peak 4.222
[memsplit] iter 50060  persist 0.547  bb 2.724  head 0.182  bwd_extra 0.768  peak 4.222
[memsplit] iter 50080  persist 0.347  bb 2.727  head 0.181  bwd_extra 0.876  peak 4.131
[mem] iter  50100 win_alloc 4.222 win_res 5.814 cur_res 5.814 retries 0
[memsplit] iter 50100  persist 0.547  bb 2.724  head 0.182  bwd_extra 0.768  peak 4.222
[memsplit] iter 50120  persist 0.547  bb 2.724  head 0.182  bwd_extra 0.768  peak 4.222
[memsplit] iter 50140  persist 0.547  bb 2.724  head 0.182  bwd_extra 0.768  peak 4.222
[memsplit] iter 50160  persist 0.347  bb 2.727  head 0.181  bwd_extra 0.876  peak 4.131
[memsplit] iter 50180  persist 0.547  bb 2.724  head 0.182  bwd_extra 0.768  peak 4.222
[mem] iter  50200 win_alloc 4.222 win_res 5.814 cur_res 5.814 retries 0
[memsplit] iter 50200  persist 0.547  bb 2.724  head 0.182  bwd_extra 0.768  peak 4.222
[memsplit] iter 50220  persist 0.547  bb 2.724  head 0.182  bwd_extra 0.768  peak 4.222
[memsplit] iter 50240  persist 0.347  bb 2.727  head 0.181  bwd_extra 0.876  peak 4.131
[memsplit] iter 50260  persist 0.547  bb 2.724  head 0.182  bwd_extra 0.768  peak 4.222
[memsplit] iter 50280  persist 0.547  bb 2.724  head 0.182  bwd_extra 0.768  peak 4.222
[mem] iter  50300 win_alloc 4.222 win_res 5.814 cur_res 5.814 retries 0
[memsplit] iter 50300  persist 0.547  bb 2.724  head 0.182  bwd_extra 0.768  peak 4.222
[memsplit] iter 50320  persist 0.348  bb 2.727  head 0.181  bwd_extra 0.876  peak 4.131
[memsplit] iter 50340  persist 0.547  bb 2.724  head 0.182  bwd_extra 0.768  peak 4.222
[memsplit] iter 50360  persist 0.547  bb 2.724  head 0.182  bwd_extra 0.768  peak 4.222
[memsplit] iter 50380  persist 0.547  bb 2.724  head 0.182  bwd_extra 0.768  peak 4.222
[mem] iter  50400 win_alloc 4.222 win_res 5.814 cur_res 5.814 retries 0
[memsplit] iter 50400  persist 0.348  bb 2.727  head 0.181  bwd_extra 0.876  peak 4.131
[memsplit] iter 50420  persist 0.547  bb 2.724  head 0.182  bwd_extra 0.768  peak 4.222
[memsplit] iter 50440  persist 0.547  bb 2.724  head 0.182  bwd_extra 0.768  peak 4.222
[memsplit] iter 50460  persist 0.547  bb 2.724  head 0.182  bwd_extra 0.768  peak 4.222
[memsplit] iter 50480  persist 0.348  bb 2.727  head 0.181  bwd_extra 0.876  peak 4.131
[mem] iter  50500 win_alloc 4.222 win_res 5.814 cur_res 5.814 retries 0
[memsplit] iter 50500  persist 0.547  bb 2.724  head 0.182  bwd_extra 0.768  peak 4.222
[memsplit] iter 50520  persist 0.547  bb 2.724  head 0.182  bwd_extra 0.768  peak 4.222
[memsplit] iter 50540  persist 0.547  bb 2.724  head 0.182  bwd_extra 0.768  peak 4.222
[memsplit] iter 50560  persist 0.348  bb 2.727  head 0.181  bwd_extra 0.876  peak 4.132
[memsplit] iter 50580  persist 0.547  bb 2.724  head 0.182  bwd_extra 0.768  peak 4.222
[mem] iter  50600 win_alloc 4.222 win_res 5.814 cur_res 5.814 retries 0
[memsplit] iter 50600  persist 0.547  bb 2.724  head 0.182  bwd_extra 0.768  peak 4.222
[memsplit] iter 50620  persist 0.548  bb 2.724  head 0.182  bwd_extra 0.768  peak 4.222
[memsplit] iter 50640  persist 0.348  bb 2.727  head 0.181  bwd_extra 0.876  peak 4.132
[memsplit] iter 50660  persist 0.548  bb 2.724  head 0.182  bwd_extra 0.768  peak 4.222
[memsplit] iter 50680  persist 0.548  bb 2.724  head 0.182  bwd_extra 0.768  peak 4.222
[mem] iter  50700 win_alloc 4.222 win_res 5.814 cur_res 5.814 retries 0
[memsplit] iter 50700  persist 0.548  bb 2.724  head 0.182  bwd_extra 0.768  peak 4.222
[memsplit] iter 50720  persist 0.348  bb 2.727  head 0.181  bwd_extra 0.876  peak 4.132
[memsplit] iter 50740  persist 0.548  bb 2.724  head 0.182  bwd_extra 0.768  peak 4.222
[memsplit] iter 50760  persist 0.548  bb 2.724  head 0.182  bwd_extra 0.768  peak 4.223
[memsplit] iter 50780  persist 0.548  bb 2.724  head 0.182  bwd_extra 0.768  peak 4.223
[mem] iter  50800 win_alloc 4.223 win_res 5.814 cur_res 5.814 retries 0
[memsplit] iter 50800  persist 0.348  bb 2.727  head 0.181  bwd_extra 0.876  peak 4.132
[memsplit] iter 50820  persist 0.548  bb 2.724  head 0.182  bwd_extra 0.768  peak 4.223
[memsplit] iter 50840  persist 0.548  bb 2.724  head 0.182  bwd_extra 0.768  peak 4.223
[memsplit] iter 50860  persist 0.548  bb 2.724  head 0.182  bwd_extra 0.768  peak 4.223
[memsplit] iter 50880  persist 0.348  bb 2.727  head 0.181  bwd_extra 0.876  peak 4.132
[mem] iter  50900 win_alloc 4.223 win_res 5.814 cur_res 5.814 retries 0
[memsplit] iter 50900  persist 0.548  bb 2.724  head 0.182  bwd_extra 0.768  peak 4.223
[memsplit] iter 50920  persist 0.548  bb 2.724  head 0.182  bwd_extra 0.768  peak 4.223
[memsplit] iter 50940  persist 0.548  bb 2.724  head 0.182  bwd_extra 0.768  peak 4.223
[memsplit] iter 50960  persist 0.348  bb 2.727  head 0.181  bwd_extra 0.876  peak 4.132
[memsplit] iter 50980  persist 0.548  bb 2.724  head 0.182  bwd_extra 0.768  peak 4.223
[mem] iter  51000 win_alloc 4.223 win_res 5.814 cur_res 5.814 retries 0
Task [51000/100020], Train Loss: 0.0126146, Train Accuracy: 0.9973200
[memsplit] iter 51000  persist 0.547  bb 2.724  head 0.182  bwd_extra 0.768  peak 4.222
[memsplit] iter 51020  persist 0.547  bb 2.724  head 0.182  bwd_extra 0.768  peak 4.222
[memsplit] iter 51040  persist 0.347  bb 2.727  head 0.181  bwd_extra 0.876  peak 4.131
[memsplit] iter 51060  persist 0.547  bb 2.724  head 0.182  bwd_extra 0.768  peak 4.222
[memsplit] iter 51080  persist 0.547  bb 2.724  head 0.182  bwd_extra 0.768  peak 4.222
[mem] iter  51100 win_alloc 4.222 win_res 5.814 cur_res 5.814 retries 0
[memsplit] iter 51100  persist 0.547  bb 2.724  head 0.182  bwd_extra 0.768  peak 4.222
[memsplit] iter 51120  persist 0.347  bb 2.727  head 0.181  bwd_extra 0.876  peak 4.131
[memsplit] iter 51140  persist 0.547  bb 2.724  head 0.182  bwd_extra 0.768  peak 4.222
[memsplit] iter 51160  persist 0.547  bb 2.724  head 0.182  bwd_extra 0.768  peak 4.222
[memsplit] iter 51180  persist 0.547  bb 2.724  head 0.182  bwd_extra 0.768  peak 4.222
[mem] iter  51200 win_alloc 4.222 win_res 5.814 cur_res 5.814 retries 0
[memsplit] iter 51200  persist 0.347  bb 2.727  head 0.181  bwd_extra 0.876  peak 4.131
[memsplit] iter 51220  persist 0.547  bb 2.724  head 0.182  bwd_extra 0.768  peak 4.222
[memsplit] iter 51240  persist 0.547  bb 2.724  head 0.182  bwd_extra 0.768  peak 4.222
[memsplit] iter 51260  persist 0.547  bb 2.724  head 0.182  bwd_extra 0.768  peak 4.222
[memsplit] iter 51280  persist 0.348  bb 2.727  head 0.181  bwd_extra 0.876  peak 4.131
[mem] iter  51300 win_alloc 4.222 win_res 5.814 cur_res 5.814 retries 0
[memsplit] iter 51300  persist 0.547  bb 2.724  head 0.182  bwd_extra 0.768  peak 4.222
[memsplit] iter 51320  persist 0.547  bb 2.724  head 0.182  bwd_extra 0.768  peak 4.222
[memsplit] iter 51340  persist 0.547  bb 2.724  head 0.182  bwd_extra 0.768  peak 4.222
[memsplit] iter 51360  persist 0.348  bb 2.727  head 0.181  bwd_extra 0.876  peak 4.131
[memsplit] iter 51380  persist 0.547  bb 2.724  head 0.182  bwd_extra 0.768  peak 4.222
[mem] iter  51400 win_alloc 4.222 win_res 5.814 cur_res 5.814 retries 0
[memsplit] iter 51400  persist 0.547  bb 2.724  head 0.182  bwd_extra 0.768  peak 4.222
[memsplit] iter 51420  persist 0.547  bb 2.724  head 0.182  bwd_extra 0.768  peak 4.222
[memsplit] iter 51440  persist 0.348  bb 2.727  head 0.181  bwd_extra 0.876  peak 4.131
[memsplit] iter 51460  persist 0.547  bb 2.724  head 0.182  bwd_extra 0.768  peak 4.222
[memsplit] iter 51480  persist 0.547  bb 2.724  head 0.182  bwd_extra 0.768  peak 4.222
[mem] iter  51500 win_alloc 4.222 win_res 5.814 cur_res 5.814 retries 0
[memsplit] iter 51500  persist 0.547  bb 2.724  head 0.182  bwd_extra 0.768  peak 4.222
[memsplit] iter 51520  persist 0.348  bb 2.727  head 0.181  bwd_extra 0.876  peak 4.131
[memsplit] iter 51540  persist 0.547  bb 2.724  head 0.182  bwd_extra 0.768  peak 4.222
[memsplit] iter 51560  persist 0.547  bb 2.724  head 0.182  bwd_extra 0.768  peak 4.222
[memsplit] iter 51580  persist 0.547  bb 2.724  head 0.182  bwd_extra 0.768  peak 4.222
[mem] iter  51600 win_alloc 4.222 win_res 5.814 cur_res 5.814 retries 0
[memsplit] iter 51600  persist 0.348  bb 2.727  head 0.181  bwd_extra 0.876  peak 4.132
[memsplit] iter 51620  persist 0.548  bb 2.724  head 0.182  bwd_extra 0.768  peak 4.222
[memsplit] iter 51640  persist 0.548  bb 2.724  head 0.182  bwd_extra 0.768  peak 4.222
[memsplit] iter 51660  persist 0.548  bb 2.724  head 0.182  bwd_extra 0.768  peak 4.222
[memsplit] iter 51680  persist 0.348  bb 2.727  head 0.181  bwd_extra 0.876  peak 4.132
[mem] iter  51700 win_alloc 4.222 win_res 5.814 cur_res 5.814 retries 0
[memsplit] iter 51700  persist 0.548  bb 2.724  head 0.182  bwd_extra 0.768  peak 4.222
[memsplit] iter 51720  persist 0.548  bb 2.724  head 0.182  bwd_extra 0.768  peak 4.222
[memsplit] iter 51740  persist 0.548  bb 2.724  head 0.182  bwd_extra 0.768  peak 4.222
[memsplit] iter 51760  persist 0.348  bb 2.727  head 0.181  bwd_extra 0.876  peak 4.132
[memsplit] iter 51780  persist 0.548  bb 2.724  head 0.182  bwd_extra 0.768  peak 4.223
[mem] iter  51800 win_alloc 4.223 win_res 5.814 cur_res 5.814 retries 0
[memsplit] iter 51800  persist 0.548  bb 2.724  head 0.182  bwd_extra 0.768  peak 4.223
[memsplit] iter 51820  persist 0.548  bb 2.724  head 0.182  bwd_extra 0.768  peak 4.223
[memsplit] iter 51840  persist 0.348  bb 2.727  head 0.181  bwd_extra 0.876  peak 4.132
[memsplit] iter 51860  persist 0.548  bb 2.724  head 0.182  bwd_extra 0.768  peak 4.223
[memsplit] iter 51880  persist 0.548  bb 2.724  head 0.182  bwd_extra 0.768  peak 4.223
[mem] iter  51900 win_alloc 4.223 win_res 5.814 cur_res 5.814 retries 0
[memsplit] iter 51900  persist 0.548  bb 2.724  head 0.182  bwd_extra 0.768  peak 4.223
[memsplit] iter 51920  persist 0.348  bb 2.727  head 0.181  bwd_extra 0.876  peak 4.132
[memsplit] iter 51940  persist 0.548  bb 2.724  head 0.182  bwd_extra 0.768  peak 4.223
[memsplit] iter 51960  persist 0.548  bb 2.724  head 0.182  bwd_extra 0.768  peak 4.223
[memsplit] iter 51980  persist 0.548  bb 2.724  head 0.182  bwd_extra 0.768  peak 4.223
[mem] iter  52000 win_alloc 4.223 win_res 5.814 cur_res 5.814 retries 0
Task [52000/100020], Train Loss: 0.0123769, Train Accuracy: 0.9973200
[memsplit] iter 52000  persist 0.347  bb 2.727  head 0.181  bwd_extra 0.876  peak 4.131
[memsplit] iter 52020  persist 0.547  bb 2.724  head 0.182  bwd_extra 0.768  peak 4.222
[memsplit] iter 52040  persist 0.547  bb 2.724  head 0.182  bwd_extra 0.768  peak 4.222
[memsplit] iter 52060  persist 0.547  bb 2.724  head 0.182  bwd_extra 0.768  peak 4.222
[memsplit] iter 52080  persist 0.347  bb 2.727  head 0.181  bwd_extra 0.876  peak 4.131
[mem] iter  52100 win_alloc 4.222 win_res 5.814 cur_res 5.814 retries 0
[memsplit] iter 52100  persist 0.547  bb 2.724  head 0.182  bwd_extra 0.768  peak 4.222
[memsplit] iter 52120  persist 0.547  bb 2.724  head 0.182  bwd_extra 0.768  peak 4.222
[memsplit] iter 52140  persist 0.547  bb 2.724  head 0.182  bwd_extra 0.768  peak 4.222
[memsplit] iter 52160  persist 0.347  bb 2.727  head 0.181  bwd_extra 0.876  peak 4.131
[memsplit] iter 52180  persist 0.547  bb 2.724  head 0.182  bwd_extra 0.768  peak 4.222
[mem] iter  52200 win_alloc 4.222 win_res 5.814 cur_res 5.814 retries 0
[memsplit] iter 52200  persist 0.547  bb 2.724  head 0.182  bwd_extra 0.768  peak 4.222
[memsplit] iter 52220  persist 0.547  bb 2.724  head 0.182  bwd_extra 0.768  peak 4.222
[memsplit] iter 52240  persist 0.347  bb 2.727  head 0.181  bwd_extra 0.876  peak 4.131
[memsplit] iter 52260  persist 0.547  bb 2.724  head 0.182  bwd_extra 0.768  peak 4.222
[memsplit] iter 52280  persist 0.547  bb 2.724  head 0.182  bwd_extra 0.768  peak 4.222
[mem] iter  52300 win_alloc 4.222 win_res 5.814 cur_res 5.814 retries 0
[memsplit] iter 52300  persist 0.547  bb 2.724  head 0.182  bwd_extra 0.768  peak 4.222
[memsplit] iter 52320  persist 0.348  bb 2.727  head 0.181  bwd_extra 0.876  peak 4.131
[memsplit] iter 52340  persist 0.547  bb 2.724  head 0.182  bwd_extra 0.768  peak 4.222
[memsplit] iter 52360  persist 0.547  bb 2.724  head 0.182  bwd_extra 0.768  peak 4.222
[memsplit] iter 52380  persist 0.547  bb 2.724  head 0.182  bwd_extra 0.768  peak 4.222
[mem] iter  52400 win_alloc 4.222 win_res 5.814 cur_res 5.814 retries 0
[memsplit] iter 52400  persist 0.348  bb 2.727  head 0.181  bwd_extra 0.876  peak 4.131
[memsplit] iter 52420  persist 0.547  bb 2.724  head 0.182  bwd_extra 0.768  peak 4.222
[memsplit] iter 52440  persist 0.547  bb 2.724  head 0.182  bwd_extra 0.768  peak 4.222
[memsplit] iter 52460  persist 0.547  bb 2.724  head 0.182  bwd_extra 0.768  peak 4.222
[memsplit] iter 52480  persist 0.348  bb 2.727  head 0.181  bwd_extra 0.876  peak 4.131
[mem] iter  52500 win_alloc 4.222 win_res 5.814 cur_res 5.814 retries 0
[memsplit] iter 52500  persist 0.547  bb 2.724  head 0.182  bwd_extra 0.768  peak 4.222
[memsplit] iter 52520  persist 0.547  bb 2.724  head 0.182  bwd_extra 0.768  peak 4.222
[memsplit] iter 52540  persist 0.547  bb 2.724  head 0.182  bwd_extra 0.768  peak 4.222
[memsplit] iter 52560  persist 0.348  bb 2.727  head 0.181  bwd_extra 0.876  peak 4.132
[memsplit] iter 52580  persist 0.547  bb 2.724  head 0.182  bwd_extra 0.768  peak 4.222
[mem] iter  52600 win_alloc 4.222 win_res 5.814 cur_res 5.814 retries 0
[memsplit] iter 52600  persist 0.547  bb 2.724  head 0.182  bwd_extra 0.768  peak 4.222
[memsplit] iter 52620  persist 0.548  bb 2.724  head 0.182  bwd_extra 0.768  peak 4.222
[memsplit] iter 52640  persist 0.348  bb 2.727  head 0.181  bwd_extra 0.876  peak 4.132
[memsplit] iter 52660  persist 0.548  bb 2.724  head 0.182  bwd_extra 0.768  peak 4.222
[memsplit] iter 52680  persist 0.548  bb 2.724  head 0.182  bwd_extra 0.768  peak 4.222
[mem] iter  52700 win_alloc 4.222 win_res 5.814 cur_res 5.814 retries 0
[memsplit] iter 52700  persist 0.548  bb 2.724  head 0.182  bwd_extra 0.768  peak 4.222
[memsplit] iter 52720  persist 0.348  bb 2.727  head 0.181  bwd_extra 0.876  peak 4.132
[memsplit] iter 52740  persist 0.548  bb 2.724  head 0.182  bwd_extra 0.768  peak 4.222
[memsplit] iter 52760  persist 0.548  bb 2.724  head 0.182  bwd_extra 0.768  peak 4.223
[memsplit] iter 52780  persist 0.548  bb 2.724  head 0.182  bwd_extra 0.768  peak 4.223
[mem] iter  52800 win_alloc 4.223 win_res 5.814 cur_res 5.814 retries 0
[memsplit] iter 52800  persist 0.348  bb 2.727  head 0.181  bwd_extra 0.876  peak 4.132
[memsplit] iter 52820  persist 0.548  bb 2.724  head 0.182  bwd_extra 0.768  peak 4.223
[memsplit] iter 52840  persist 0.548  bb 2.724  head 0.182  bwd_extra 0.768  peak 4.223
[memsplit] iter 52860  persist 0.548  bb 2.724  head 0.182  bwd_extra 0.768  peak 4.223
[memsplit] iter 52880  persist 0.348  bb 2.727  head 0.181  bwd_extra 0.876  peak 4.132
[mem] iter  52900 win_alloc 4.223 win_res 5.814 cur_res 5.814 retries 0
[memsplit] iter 52900  persist 0.548  bb 2.724  head 0.182  bwd_extra 0.768  peak 4.223
[memsplit] iter 52920  persist 0.548  bb 2.724  head 0.182  bwd_extra 0.768  peak 4.223
[memsplit] iter 52940  persist 0.548  bb 2.724  head 0.182  bwd_extra 0.768  peak 4.223
[memsplit] iter 52960  persist 0.348  bb 2.727  head 0.181  bwd_extra 0.876  peak 4.132
[memsplit] iter 52980  persist 0.548  bb 2.724  head 0.182  bwd_extra 0.768  peak 4.223
[mem] iter  53000 win_alloc 4.223 win_res 5.814 cur_res 5.814 retries 0
Task [53000/100020], Train Loss: 0.0133167, Train Accuracy: 0.9968399
[memsplit] iter 53000  persist 0.547  bb 2.724  head 0.182  bwd_extra 0.768  peak 4.222
[memsplit] iter 53020  persist 0.547  bb 2.724  head 0.182  bwd_extra 0.768  peak 4.222
[memsplit] iter 53040  persist 0.347  bb 2.727  head 0.181  bwd_extra 0.876  peak 4.131
[memsplit] iter 53060  persist 0.547  bb 2.724  head 0.182  bwd_extra 0.768  peak 4.222
[memsplit] iter 53080  persist 0.547  bb 2.724  head 0.182  bwd_extra 0.768  peak 4.222
[mem] iter  53100 win_alloc 4.222 win_res 5.814 cur_res 5.814 retries 0
[memsplit] iter 53100  persist 0.547  bb 2.724  head 0.182  bwd_extra 0.768  peak 4.222
[memsplit] iter 53120  persist 0.347  bb 2.727  head 0.181  bwd_extra 0.876  peak 4.131
[memsplit] iter 53140  persist 0.547  bb 2.724  head 0.182  bwd_extra 0.768  peak 4.222
[memsplit] iter 53160  persist 0.547  bb 2.724  head 0.182  bwd_extra 0.768  peak 4.222
[memsplit] iter 53180  persist 0.547  bb 2.724  head 0.182  bwd_extra 0.768  peak 4.222
[mem] iter  53200 win_alloc 4.222 win_res 5.814 cur_res 5.814 retries 0
[memsplit] iter 53200  persist 0.347  bb 2.727  head 0.181  bwd_extra 0.876  peak 4.131
[memsplit] iter 53220  persist 0.547  bb 2.724  head 0.182  bwd_extra 0.768  peak 4.222
[memsplit] iter 53240  persist 0.547  bb 2.724  head 0.182  bwd_extra 0.768  peak 4.222
[memsplit] iter 53260  persist 0.547  bb 2.724  head 0.182  bwd_extra 0.768  peak 4.222
[memsplit] iter 53280  persist 0.348  bb 2.727  head 0.181  bwd_extra 0.876  peak 4.131
[mem] iter  53300 win_alloc 4.222 win_res 5.814 cur_res 5.814 retries 0
[memsplit] iter 53300  persist 0.547  bb 2.724  head 0.182  bwd_extra 0.768  peak 4.222
[memsplit] iter 53320  persist 0.547  bb 2.724  head 0.182  bwd_extra 0.768  peak 4.222
[memsplit] iter 53340  persist 0.547  bb 2.724  head 0.182  bwd_extra 0.768  peak 4.222
[memsplit] iter 53360  persist 0.348  bb 2.727  head 0.181  bwd_extra 0.876  peak 4.131
[memsplit] iter 53380  persist 0.547  bb 2.724  head 0.182  bwd_extra 0.768  peak 4.222
[mem] iter  53400 win_alloc 4.222 win_res 5.814 cur_res 5.814 retries 0
[memsplit] iter 53400  persist 0.547  bb 2.724  head 0.182  bwd_extra 0.768  peak 4.222
[memsplit] iter 53420  persist 0.547  bb 2.724  head 0.182  bwd_extra 0.768  peak 4.222
[memsplit] iter 53440  persist 0.348  bb 2.727  head 0.181  bwd_extra 0.876  peak 4.131
[memsplit] iter 53460  persist 0.547  bb 2.724  head 0.182  bwd_extra 0.768  peak 4.222
[memsplit] iter 53480  persist 0.547  bb 2.724  head 0.182  bwd_extra 0.768  peak 4.222
[mem] iter  53500 win_alloc 4.222 win_res 5.814 cur_res 5.814 retries 0
[memsplit] iter 53500  persist 0.547  bb 2.724  head 0.182  bwd_extra 0.768  peak 4.222
[memsplit] iter 53520  persist 0.348  bb 2.727  head 0.181  bwd_extra 0.876  peak 4.131
[memsplit] iter 53540  persist 0.547  bb 2.724  head 0.182  bwd_extra 0.768  peak 4.222
[memsplit] iter 53560  persist 0.547  bb 2.724  head 0.182  bwd_extra 0.768  peak 4.222
[memsplit] iter 53580  persist 0.547  bb 2.724  head 0.182  bwd_extra 0.768  peak 4.222
[mem] iter  53600 win_alloc 4.222 win_res 5.814 cur_res 5.814 retries 0
[memsplit] iter 53600  persist 0.348  bb 2.727  head 0.181  bwd_extra 0.876  peak 4.132
[memsplit] iter 53620  persist 0.548  bb 2.724  head 0.182  bwd_extra 0.768  peak 4.222
[memsplit] iter 53640  persist 0.548  bb 2.724  head 0.182  bwd_extra 0.768  peak 4.222
[memsplit] iter 53660  persist 0.548  bb 2.724  head 0.182  bwd_extra 0.768  peak 4.222
[memsplit] iter 53680  persist 0.348  bb 2.727  head 0.181  bwd_extra 0.876  peak 4.132
[mem] iter  53700 win_alloc 4.222 win_res 5.814 cur_res 5.814 retries 0
[memsplit] iter 53700  persist 0.548  bb 2.724  head 0.182  bwd_extra 0.768  peak 4.222
[memsplit] iter 53720  persist 0.548  bb 2.724  head 0.182  bwd_extra 0.768  peak 4.222
[memsplit] iter 53740  persist 0.548  bb 2.724  head 0.182  bwd_extra 0.768  peak 4.222
[memsplit] iter 53760  persist 0.348  bb 2.727  head 0.181  bwd_extra 0.876  peak 4.132
[memsplit] iter 53780  persist 0.548  bb 2.724  head 0.182  bwd_extra 0.768  peak 4.223
[mem] iter  53800 win_alloc 4.223 win_res 5.814 cur_res 5.814 retries 0
[memsplit] iter 53800  persist 0.548  bb 2.724  head 0.182  bwd_extra 0.768  peak 4.223
[memsplit] iter 53820  persist 0.548  bb 2.724  head 0.182  bwd_extra 0.768  peak 4.223
[memsplit] iter 53840  persist 0.348  bb 2.727  head 0.181  bwd_extra 0.876  peak 4.132
[memsplit] iter 53860  persist 0.548  bb 2.724  head 0.182  bwd_extra 0.768  peak 4.223
[memsplit] iter 53880  persist 0.548  bb 2.724  head 0.182  bwd_extra 0.768  peak 4.223
[mem] iter  53900 win_alloc 4.223 win_res 5.814 cur_res 5.814 retries 0
[memsplit] iter 53900  persist 0.548  bb 2.724  head 0.182  bwd_extra 0.768  peak 4.223
[memsplit] iter 53920  persist 0.348  bb 2.727  head 0.181  bwd_extra 0.876  peak 4.132
[memsplit] iter 53940  persist 0.548  bb 2.724  head 0.182  bwd_extra 0.768  peak 4.223
[memsplit] iter 53960  persist 0.548  bb 2.724  head 0.182  bwd_extra 0.768  peak 4.223
[memsplit] iter 53980  persist 0.548  bb 2.724  head 0.182  bwd_extra 0.768  peak 4.223
[mem] iter  54000 win_alloc 4.223 win_res 5.814 cur_res 5.814 retries 0
Task [54000/100020], Train Loss: 0.0134638, Train Accuracy: 0.9970400
[memsplit] iter 54000  persist 0.347  bb 2.727  head 0.181  bwd_extra 0.876  peak 4.131
[memsplit] iter 54020  persist 0.547  bb 2.724  head 0.182  bwd_extra 0.768  peak 4.222
[memsplit] iter 54040  persist 0.547  bb 2.724  head 0.182  bwd_extra 0.768  peak 4.222
[memsplit] iter 54060  persist 0.547  bb 2.724  head 0.182  bwd_extra 0.768  peak 4.222
[memsplit] iter 54080  persist 0.347  bb 2.727  head 0.181  bwd_extra 0.876  peak 4.131
[mem] iter  54100 win_alloc 4.222 win_res 5.814 cur_res 5.814 retries 0
[memsplit] iter 54100  persist 0.547  bb 2.724  head 0.182  bwd_extra 0.768  peak 4.222
[memsplit] iter 54120  persist 0.547  bb 2.724  head 0.182  bwd_extra 0.768  peak 4.222
[memsplit] iter 54140  persist 0.547  bb 2.724  head 0.182  bwd_extra 0.768  peak 4.222
[memsplit] iter 54160  persist 0.347  bb 2.727  head 0.181  bwd_extra 0.876  peak 4.131
[memsplit] iter 54180  persist 0.547  bb 2.724  head 0.182  bwd_extra 0.768  peak 4.222
[mem] iter  54200 win_alloc 4.222 win_res 5.814 cur_res 5.814 retries 0
[memsplit] iter 54200  persist 0.547  bb 2.724  head 0.182  bwd_extra 0.768  peak 4.222
[memsplit] iter 54220  persist 0.547  bb 2.724  head 0.182  bwd_extra 0.768  peak 4.222
[memsplit] iter 54240  persist 0.347  bb 2.727  head 0.181  bwd_extra 0.876  peak 4.131
[memsplit] iter 54260  persist 0.547  bb 2.724  head 0.182  bwd_extra 0.768  peak 4.222
[memsplit] iter 54280  persist 0.547  bb 2.724  head 0.182  bwd_extra 0.768  peak 4.222
[mem] iter  54300 win_alloc 4.222 win_res 5.814 cur_res 5.814 retries 0
[memsplit] iter 54300  persist 0.547  bb 2.724  head 0.182  bwd_extra 0.768  peak 4.222
[memsplit] iter 54320  persist 0.348  bb 2.727  head 0.181  bwd_extra 0.876  peak 4.131
[memsplit] iter 54340  persist 0.547  bb 2.724  head 0.182  bwd_extra 0.768  peak 4.222
[memsplit] iter 54360  persist 0.547  bb 2.724  head 0.182  bwd_extra 0.768  peak 4.222
[memsplit] iter 54380  persist 0.547  bb 2.724  head 0.182  bwd_extra 0.768  peak 4.222
[mem] iter  54400 win_alloc 4.222 win_res 5.814 cur_res 5.814 retries 0
[memsplit] iter 54400  persist 0.348  bb 2.727  head 0.181  bwd_extra 0.876  peak 4.131
[memsplit] iter 54420  persist 0.547  bb 2.724  head 0.182  bwd_extra 0.768  peak 4.222
[memsplit] iter 54440  persist 0.547  bb 2.724  head 0.182  bwd_extra 0.768  peak 4.222
[memsplit] iter 54460  persist 0.547  bb 2.724  head 0.182  bwd_extra 0.768  peak 4.222
[memsplit] iter 54480  persist 0.348  bb 2.727  head 0.181  bwd_extra 0.876  peak 4.131
[mem] iter  54500 win_alloc 4.222 win_res 5.814 cur_res 5.814 retries 0
[memsplit] iter 54500  persist 0.547  bb 2.724  head 0.182  bwd_extra 0.768  peak 4.222
[memsplit] iter 54520  persist 0.547  bb 2.724  head 0.182  bwd_extra 0.768  peak 4.222
[memsplit] iter 54540  persist 0.547  bb 2.724  head 0.182  bwd_extra 0.768  peak 4.222
[memsplit] iter 54560  persist 0.348  bb 2.727  head 0.181  bwd_extra 0.876  peak 4.132
[memsplit] iter 54580  persist 0.547  bb 2.724  head 0.182  bwd_extra 0.768  peak 4.222
[mem] iter  54600 win_alloc 4.222 win_res 5.814 cur_res 5.814 retries 0
[memsplit] iter 54600  persist 0.547  bb 2.724  head 0.182  bwd_extra 0.768  peak 4.222
[memsplit] iter 54620  persist 0.548  bb 2.724  head 0.182  bwd_extra 0.768  peak 4.222
[memsplit] iter 54640  persist 0.348  bb 2.727  head 0.181  bwd_extra 0.876  peak 4.132
[memsplit] iter 54660  persist 0.548  bb 2.724  head 0.182  bwd_extra 0.768  peak 4.222
[memsplit] iter 54680  persist 0.548  bb 2.724  head 0.182  bwd_extra 0.768  peak 4.222
[mem] iter  54700 win_alloc 4.222 win_res 5.814 cur_res 5.814 retries 0
[memsplit] iter 54700  persist 0.548  bb 2.724  head 0.182  bwd_extra 0.768  peak 4.222
[memsplit] iter 54720  persist 0.348  bb 2.727  head 0.181  bwd_extra 0.876  peak 4.132
[memsplit] iter 54740  persist 0.548  bb 2.724  head 0.182  bwd_extra 0.768  peak 4.222
[memsplit] iter 54760  persist 0.548  bb 2.724  head 0.182  bwd_extra 0.768  peak 4.223
[memsplit] iter 54780  persist 0.548  bb 2.724  head 0.182  bwd_extra 0.768  peak 4.223
[mem] iter  54800 win_alloc 4.223 win_res 5.814 cur_res 5.814 retries 0
[memsplit] iter 54800  persist 0.348  bb 2.727  head 0.181  bwd_extra 0.876  peak 4.132
[memsplit] iter 54820  persist 0.548  bb 2.724  head 0.182  bwd_extra 0.768  peak 4.223
[memsplit] iter 54840  persist 0.548  bb 2.724  head 0.182  bwd_extra 0.768  peak 4.223
[memsplit] iter 54860  persist 0.548  bb 2.724  head 0.182  bwd_extra 0.768  peak 4.223
[memsplit] iter 54880  persist 0.348  bb 2.727  head 0.181  bwd_extra 0.876  peak 4.132
[mem] iter  54900 win_alloc 4.223 win_res 5.814 cur_res 5.814 retries 0
[memsplit] iter 54900  persist 0.548  bb 2.724  head 0.182  bwd_extra 0.768  peak 4.223
[memsplit] iter 54920  persist 0.548  bb 2.724  head 0.182  bwd_extra 0.768  peak 4.223
[memsplit] iter 54940  persist 0.548  bb 2.724  head 0.182  bwd_extra 0.768  peak 4.223
[memsplit] iter 54960  persist 0.348  bb 2.727  head 0.181  bwd_extra 0.876  peak 4.132
[memsplit] iter 54980  persist 0.548  bb 2.724  head 0.182  bwd_extra 0.768  peak 4.223
[mem] iter  55000 win_alloc 4.223 win_res 5.814 cur_res 5.814 retries 0
Task [55000/100020], Train Loss: 0.0104687, Train Accuracy: 0.9980000
[memsplit] iter 55000  persist 0.547  bb 2.724  head 0.182  bwd_extra 0.768  peak 4.222
[memsplit] iter 55020  persist 0.547  bb 2.724  head 0.182  bwd_extra 0.768  peak 4.222
[memsplit] iter 55040  persist 0.347  bb 2.727  head 0.181  bwd_extra 0.876  peak 4.131
[memsplit] iter 55060  persist 0.547  bb 2.724  head 0.182  bwd_extra 0.768  peak 4.222
[memsplit] iter 55080  persist 0.547  bb 2.724  head 0.182  bwd_extra 0.768  peak 4.222
[mem] iter  55100 win_alloc 4.222 win_res 5.814 cur_res 5.814 retries 0
[memsplit] iter 55100  persist 0.547  bb 2.724  head 0.182  bwd_extra 0.768  peak 4.222
[memsplit] iter 55120  persist 0.347  bb 2.727  head 0.181  bwd_extra 0.876  peak 4.131
[memsplit] iter 55140  persist 0.547  bb 2.724  head 0.182  bwd_extra 0.768  peak 4.222
[memsplit] iter 55160  persist 0.547  bb 2.724  head 0.182  bwd_extra 0.768  peak 4.222
[memsplit] iter 55180  persist 0.547  bb 2.724  head 0.182  bwd_extra 0.768  peak 4.222
[mem] iter  55200 win_alloc 4.222 win_res 5.814 cur_res 5.814 retries 0
[memsplit] iter 55200  persist 0.347  bb 2.727  head 0.181  bwd_extra 0.876  peak 4.131
[memsplit] iter 55220  persist 0.547  bb 2.724  head 0.182  bwd_extra 0.768  peak 4.222
[memsplit] iter 55240  persist 0.547  bb 2.724  head 0.182  bwd_extra 0.768  peak 4.222
[memsplit] iter 55260  persist 0.547  bb 2.724  head 0.182  bwd_extra 0.768  peak 4.222
[memsplit] iter 55280  persist 0.348  bb 2.727  head 0.181  bwd_extra 0.876  peak 4.131
[mem] iter  55300 win_alloc 4.222 win_res 5.814 cur_res 5.814 retries 0
[memsplit] iter 55300  persist 0.547  bb 2.724  head 0.182  bwd_extra 0.768  peak 4.222
[memsplit] iter 55320  persist 0.547  bb 2.724  head 0.182  bwd_extra 0.768  peak 4.222
[memsplit] iter 55340  persist 0.547  bb 2.724  head 0.182  bwd_extra 0.768  peak 4.222
[memsplit] iter 55360  persist 0.348  bb 2.727  head 0.181  bwd_extra 0.876  peak 4.131
[memsplit] iter 55380  persist 0.547  bb 2.724  head 0.182  bwd_extra 0.768  peak 4.222
[mem] iter  55400 win_alloc 4.222 win_res 5.814 cur_res 5.814 retries 0
[memsplit] iter 55400  persist 0.547  bb 2.724  head 0.182  bwd_extra 0.768  peak 4.222
[memsplit] iter 55420  persist 0.547  bb 2.724  head 0.182  bwd_extra 0.768  peak 4.222
[memsplit] iter 55440  persist 0.348  bb 2.727  head 0.181  bwd_extra 0.876  peak 4.131
[memsplit] iter 55460  persist 0.547  bb 2.724  head 0.182  bwd_extra 0.768  peak 4.222
[memsplit] iter 55480  persist 0.547  bb 2.724  head 0.182  bwd_extra 0.768  peak 4.222
[mem] iter  55500 win_alloc 4.222 win_res 5.814 cur_res 5.814 retries 0
[memsplit] iter 55500  persist 0.547  bb 2.724  head 0.182  bwd_extra 0.768  peak 4.222
[memsplit] iter 55520  persist 0.348  bb 2.727  head 0.181  bwd_extra 0.876  peak 4.131
[memsplit] iter 55540  persist 0.547  bb 2.724  head 0.182  bwd_extra 0.768  peak 4.222
[memsplit] iter 55560  persist 0.547  bb 2.724  head 0.182  bwd_extra 0.768  peak 4.222
[memsplit] iter 55580  persist 0.547  bb 2.724  head 0.182  bwd_extra 0.768  peak 4.222
[mem] iter  55600 win_alloc 4.222 win_res 5.814 cur_res 5.814 retries 0
[memsplit] iter 55600  persist 0.348  bb 2.727  head 0.181  bwd_extra 0.876  peak 4.132
[memsplit] iter 55620  persist 0.548  bb 2.724  head 0.182  bwd_extra 0.768  peak 4.222
[memsplit] iter 55640  persist 0.548  bb 2.724  head 0.182  bwd_extra 0.768  peak 4.222
[memsplit] iter 55660  persist 0.548  bb 2.724  head 0.182  bwd_extra 0.768  peak 4.222
[memsplit] iter 55680  persist 0.348  bb 2.727  head 0.181  bwd_extra 0.876  peak 4.132
[mem] iter  55700 win_alloc 4.222 win_res 5.814 cur_res 5.814 retries 0
[memsplit] iter 55700  persist 0.548  bb 2.724  head 0.182  bwd_extra 0.768  peak 4.222
[memsplit] iter 55720  persist 0.548  bb 2.724  head 0.182  bwd_extra 0.768  peak 4.222
[memsplit] iter 55740  persist 0.548  bb 2.724  head 0.182  bwd_extra 0.768  peak 4.222
[memsplit] iter 55760  persist 0.348  bb 2.727  head 0.181  bwd_extra 0.876  peak 4.132
[memsplit] iter 55780  persist 0.548  bb 2.724  head 0.182  bwd_extra 0.768  peak 4.223
[mem] iter  55800 win_alloc 4.223 win_res 5.814 cur_res 5.814 retries 0
[memsplit] iter 55800  persist 0.548  bb 2.724  head 0.182  bwd_extra 0.768  peak 4.223
[memsplit] iter 55820  persist 0.548  bb 2.724  head 0.182  bwd_extra 0.768  peak 4.223
[memsplit] iter 55840  persist 0.348  bb 2.727  head 0.181  bwd_extra 0.876  peak 4.132
[memsplit] iter 55860  persist 0.548  bb 2.724  head 0.182  bwd_extra 0.768  peak 4.223
[memsplit] iter 55880  persist 0.548  bb 2.724  head 0.182  bwd_extra 0.768  peak 4.223
[mem] iter  55900 win_alloc 4.223 win_res 5.814 cur_res 5.814 retries 0
[memsplit] iter 55900  persist 0.548  bb 2.724  head 0.182  bwd_extra 0.768  peak 4.223
[memsplit] iter 55920  persist 0.348  bb 2.727  head 0.181  bwd_extra 0.876  peak 4.132
[memsplit] iter 55940  persist 0.548  bb 2.724  head 0.182  bwd_extra 0.768  peak 4.223
[memsplit] iter 55960  persist 0.548  bb 2.724  head 0.182  bwd_extra 0.768  peak 4.223
[memsplit] iter 55980  persist 0.548  bb 2.724  head 0.182  bwd_extra 0.768  peak 4.223
[mem] iter  56000 win_alloc 4.223 win_res 5.814 cur_res 5.814 retries 0
Task [56000/100020], Train Loss: 0.0089766, Train Accuracy: 0.9980400
[memsplit] iter 56000  persist 0.347  bb 2.727  head 0.181  bwd_extra 0.876  peak 4.131
[memsplit] iter 56020  persist 0.547  bb 2.724  head 0.182  bwd_extra 0.768  peak 4.222
[memsplit] iter 56040  persist 0.547  bb 2.724  head 0.182  bwd_extra 0.768  peak 4.222
[memsplit] iter 56060  persist 0.547  bb 2.724  head 0.182  bwd_extra 0.768  peak 4.222
[memsplit] iter 56080  persist 0.347  bb 2.727  head 0.181  bwd_extra 0.876  peak 4.131
[mem] iter  56100 win_alloc 4.222 win_res 5.814 cur_res 5.814 retries 0
[memsplit] iter 56100  persist 0.547  bb 2.724  head 0.182  bwd_extra 0.768  peak 4.222
[memsplit] iter 56120  persist 0.547  bb 2.724  head 0.182  bwd_extra 0.768  peak 4.222
[memsplit] iter 56140  persist 0.547  bb 2.724  head 0.182  bwd_extra 0.768  peak 4.222
[memsplit] iter 56160  persist 0.347  bb 2.727  head 0.181  bwd_extra 0.876  peak 4.131
[memsplit] iter 56180  persist 0.547  bb 2.724  head 0.182  bwd_extra 0.768  peak 4.222
[mem] iter  56200 win_alloc 4.222 win_res 5.814 cur_res 5.814 retries 0
[memsplit] iter 56200  persist 0.547  bb 2.724  head 0.182  bwd_extra 0.768  peak 4.222
[memsplit] iter 56220  persist 0.547  bb 2.724  head 0.182  bwd_extra 0.768  peak 4.222
[memsplit] iter 56240  persist 0.347  bb 2.727  head 0.181  bwd_extra 0.876  peak 4.131
[memsplit] iter 56260  persist 0.547  bb 2.724  head 0.182  bwd_extra 0.768  peak 4.222
[memsplit] iter 56280  persist 0.547  bb 2.724  head 0.182  bwd_extra 0.768  peak 4.222
[mem] iter  56300 win_alloc 4.222 win_res 5.814 cur_res 5.814 retries 0
[memsplit] iter 56300  persist 0.547  bb 2.724  head 0.182  bwd_extra 0.768  peak 4.222
[memsplit] iter 56320  persist 0.348  bb 2.727  head 0.181  bwd_extra 0.876  peak 4.131
[memsplit] iter 56340  persist 0.547  bb 2.724  head 0.182  bwd_extra 0.768  peak 4.222
[memsplit] iter 56360  persist 0.547  bb 2.724  head 0.182  bwd_extra 0.768  peak 4.222
[memsplit] iter 56380  persist 0.547  bb 2.724  head 0.182  bwd_extra 0.768  peak 4.222
[mem] iter  56400 win_alloc 4.222 win_res 5.814 cur_res 5.814 retries 0
[memsplit] iter 56400  persist 0.348  bb 2.727  head 0.181  bwd_extra 0.876  peak 4.131
[memsplit] iter 56420  persist 0.547  bb 2.724  head 0.182  bwd_extra 0.768  peak 4.222
[memsplit] iter 56440  persist 0.547  bb 2.724  head 0.182  bwd_extra 0.768  peak 4.222
[memsplit] iter 56460  persist 0.547  bb 2.724  head 0.182  bwd_extra 0.768  peak 4.222
[memsplit] iter 56480  persist 0.348  bb 2.727  head 0.181  bwd_extra 0.876  peak 4.131
[mem] iter  56500 win_alloc 4.222 win_res 5.814 cur_res 5.814 retries 0
[memsplit] iter 56500  persist 0.547  bb 2.724  head 0.182  bwd_extra 0.768  peak 4.222
[memsplit] iter 56520  persist 0.547  bb 2.724  head 0.182  bwd_extra 0.768  peak 4.222
[memsplit] iter 56540  persist 0.547  bb 2.724  head 0.182  bwd_extra 0.768  peak 4.222
[memsplit] iter 56560  persist 0.348  bb 2.727  head 0.181  bwd_extra 0.876  peak 4.132
[memsplit] iter 56580  persist 0.547  bb 2.724  head 0.182  bwd_extra 0.768  peak 4.222
[mem] iter  56600 win_alloc 4.222 win_res 5.814 cur_res 5.814 retries 0
[memsplit] iter 56600  persist 0.547  bb 2.724  head 0.182  bwd_extra 0.768  peak 4.222
[memsplit] iter 56620  persist 0.548  bb 2.724  head 0.182  bwd_extra 0.768  peak 4.222
[memsplit] iter 56640  persist 0.348  bb 2.727  head 0.181  bwd_extra 0.876  peak 4.132
[memsplit] iter 56660  persist 0.548  bb 2.724  head 0.182  bwd_extra 0.768  peak 4.222
[memsplit] iter 56680  persist 0.548  bb 2.724  head 0.182  bwd_extra 0.768  peak 4.222
[mem] iter  56700 win_alloc 4.222 win_res 5.814 cur_res 5.814 retries 0
[memsplit] iter 56700  persist 0.548  bb 2.724  head 0.182  bwd_extra 0.768  peak 4.222
[memsplit] iter 56720  persist 0.348  bb 2.727  head 0.181  bwd_extra 0.876  peak 4.132
[memsplit] iter 56740  persist 0.548  bb 2.724  head 0.182  bwd_extra 0.768  peak 4.222
[memsplit] iter 56760  persist 0.548  bb 2.724  head 0.182  bwd_extra 0.768  peak 4.223
[memsplit] iter 56780  persist 0.548  bb 2.724  head 0.182  bwd_extra 0.768  peak 4.223
[mem] iter  56800 win_alloc 4.223 win_res 5.814 cur_res 5.814 retries 0
[memsplit] iter 56800  persist 0.348  bb 2.727  head 0.181  bwd_extra 0.876  peak 4.132
[memsplit] iter 56820  persist 0.548  bb 2.724  head 0.182  bwd_extra 0.768  peak 4.223
[memsplit] iter 56840  persist 0.548  bb 2.724  head 0.182  bwd_extra 0.768  peak 4.223
[memsplit] iter 56860  persist 0.548  bb 2.724  head 0.182  bwd_extra 0.768  peak 4.223
[memsplit] iter 56880  persist 0.348  bb 2.727  head 0.181  bwd_extra 0.876  peak 4.132
[mem] iter  56900 win_alloc 4.223 win_res 5.814 cur_res 5.814 retries 0
[memsplit] iter 56900  persist 0.548  bb 2.724  head 0.182  bwd_extra 0.768  peak 4.223
[memsplit] iter 56920  persist 0.548  bb 2.724  head 0.182  bwd_extra 0.768  peak 4.223
[memsplit] iter 56940  persist 0.548  bb 2.724  head 0.182  bwd_extra 0.768  peak 4.223
[memsplit] iter 56960  persist 0.348  bb 2.727  head 0.181  bwd_extra 0.876  peak 4.132
[memsplit] iter 56980  persist 0.548  bb 2.724  head 0.182  bwd_extra 0.768  peak 4.223
[mem] iter  57000 win_alloc 4.223 win_res 5.814 cur_res 5.814 retries 0
Task [57000/100020], Train Loss: 0.0126360, Train Accuracy: 0.9972000
[memsplit] iter 57000  persist 0.547  bb 2.724  head 0.182  bwd_extra 0.768  peak 4.222
[memsplit] iter 57020  persist 0.547  bb 2.724  head 0.182  bwd_extra 0.768  peak 4.222
[memsplit] iter 57040  persist 0.347  bb 2.727  head 0.181  bwd_extra 0.876  peak 4.131
[memsplit] iter 57060  persist 0.547  bb 2.724  head 0.182  bwd_extra 0.768  peak 4.222
[memsplit] iter 57080  persist 0.547  bb 2.724  head 0.182  bwd_extra 0.768  peak 4.222
[mem] iter  57100 win_alloc 4.222 win_res 5.814 cur_res 5.814 retries 0
[memsplit] iter 57100  persist 0.547  bb 2.724  head 0.182  bwd_extra 0.768  peak 4.222
[memsplit] iter 57120  persist 0.347  bb 2.727  head 0.181  bwd_extra 0.876  peak 4.131
[memsplit] iter 57140  persist 0.547  bb 2.724  head 0.182  bwd_extra 0.768  peak 4.222
[memsplit] iter 57160  persist 0.547  bb 2.724  head 0.182  bwd_extra 0.768  peak 4.222
[memsplit] iter 57180  persist 0.547  bb 2.724  head 0.182  bwd_extra 0.768  peak 4.222
[mem] iter  57200 win_alloc 4.222 win_res 5.814 cur_res 5.814 retries 0
[memsplit] iter 57200  persist 0.347  bb 2.727  head 0.181  bwd_extra 0.876  peak 4.131
[memsplit] iter 57220  persist 0.547  bb 2.724  head 0.182  bwd_extra 0.768  peak 4.222
[memsplit] iter 57240  persist 0.547  bb 2.724  head 0.182  bwd_extra 0.768  peak 4.222
[memsplit] iter 57260  persist 0.547  bb 2.724  head 0.182  bwd_extra 0.768  peak 4.222
[memsplit] iter 57280  persist 0.348  bb 2.727  head 0.181  bwd_extra 0.876  peak 4.131
[mem] iter  57300 win_alloc 4.222 win_res 5.814 cur_res 5.814 retries 0
[memsplit] iter 57300  persist 0.547  bb 2.724  head 0.182  bwd_extra 0.768  peak 4.222
[memsplit] iter 57320  persist 0.547  bb 2.724  head 0.182  bwd_extra 0.768  peak 4.222
[memsplit] iter 57340  persist 0.547  bb 2.724  head 0.182  bwd_extra 0.768  peak 4.222
[memsplit] iter 57360  persist 0.348  bb 2.727  head 0.181  bwd_extra 0.876  peak 4.131
[memsplit] iter 57380  persist 0.547  bb 2.724  head 0.182  bwd_extra 0.768  peak 4.222
[mem] iter  57400 win_alloc 4.222 win_res 5.814 cur_res 5.814 retries 0
[memsplit] iter 57400  persist 0.547  bb 2.724  head 0.182  bwd_extra 0.768  peak 4.222
[memsplit] iter 57420  persist 0.547  bb 2.724  head 0.182  bwd_extra 0.768  peak 4.222
[memsplit] iter 57440  persist 0.348  bb 2.727  head 0.181  bwd_extra 0.876  peak 4.131
[memsplit] iter 57460  persist 0.547  bb 2.724  head 0.182  bwd_extra 0.768  peak 4.222
[memsplit] iter 57480  persist 0.547  bb 2.724  head 0.182  bwd_extra 0.768  peak 4.222
[mem] iter  57500 win_alloc 4.222 win_res 5.814 cur_res 5.814 retries 0
[memsplit] iter 57500  persist 0.547  bb 2.724  head 0.182  bwd_extra 0.768  peak 4.222
[memsplit] iter 57520  persist 0.348  bb 2.727  head 0.181  bwd_extra 0.876  peak 4.131
[memsplit] iter 57540  persist 0.547  bb 2.724  head 0.182  bwd_extra 0.768  peak 4.222
[memsplit] iter 57560  persist 0.547  bb 2.724  head 0.182  bwd_extra 0.768  peak 4.222
[memsplit] iter 57580  persist 0.547  bb 2.724  head 0.182  bwd_extra 0.768  peak 4.222
[mem] iter  57600 win_alloc 4.222 win_res 5.814 cur_res 5.814 retries 0
[memsplit] iter 57600  persist 0.348  bb 2.727  head 0.181  bwd_extra 0.876  peak 4.132
[memsplit] iter 57620  persist 0.548  bb 2.724  head 0.182  bwd_extra 0.768  peak 4.222
[memsplit] iter 57640  persist 0.548  bb 2.724  head 0.182  bwd_extra 0.768  peak 4.222
[memsplit] iter 57660  persist 0.548  bb 2.724  head 0.182  bwd_extra 0.768  peak 4.222
[memsplit] iter 57680  persist 0.348  bb 2.727  head 0.181  bwd_extra 0.876  peak 4.132
[mem] iter  57700 win_alloc 4.222 win_res 5.814 cur_res 5.814 retries 0
[memsplit] iter 57700  persist 0.548  bb 2.724  head 0.182  bwd_extra 0.768  peak 4.222
[memsplit] iter 57720  persist 0.548  bb 2.724  head 0.182  bwd_extra 0.768  peak 4.222
[memsplit] iter 57740  persist 0.548  bb 2.724  head 0.182  bwd_extra 0.768  peak 4.222
[memsplit] iter 57760  persist 0.348  bb 2.727  head 0.181  bwd_extra 0.876  peak 4.132
[memsplit] iter 57780  persist 0.548  bb 2.724  head 0.182  bwd_extra 0.768  peak 4.223
[mem] iter  57800 win_alloc 4.223 win_res 5.814 cur_res 5.814 retries 0
[memsplit] iter 57800  persist 0.548  bb 2.724  head 0.182  bwd_extra 0.768  peak 4.223
[memsplit] iter 57820  persist 0.548  bb 2.724  head 0.182  bwd_extra 0.768  peak 4.223
[memsplit] iter 57840  persist 0.348  bb 2.727  head 0.181  bwd_extra 0.876  peak 4.132
[memsplit] iter 57860  persist 0.548  bb 2.724  head 0.182  bwd_extra 0.768  peak 4.223
[memsplit] iter 57880  persist 0.548  bb 2.724  head 0.182  bwd_extra 0.768  peak 4.223
[mem] iter  57900 win_alloc 4.223 win_res 5.814 cur_res 5.814 retries 0
[memsplit] iter 57900  persist 0.548  bb 2.724  head 0.182  bwd_extra 0.768  peak 4.223
[memsplit] iter 57920  persist 0.348  bb 2.727  head 0.181  bwd_extra 0.876  peak 4.132
[memsplit] iter 57940  persist 0.548  bb 2.724  head 0.182  bwd_extra 0.768  peak 4.223
[memsplit] iter 57960  persist 0.548  bb 2.724  head 0.182  bwd_extra 0.768  peak 4.223
[memsplit] iter 57980  persist 0.548  bb 2.724  head 0.182  bwd_extra 0.768  peak 4.223
[mem] iter  58000 win_alloc 4.223 win_res 5.814 cur_res 5.814 retries 0
Task [58000/100020], Train Loss: 0.0201739, Train Accuracy: 0.9962800
[memsplit] iter 58000  persist 0.347  bb 2.727  head 0.181  bwd_extra 0.876  peak 4.131
[memsplit] iter 58020  persist 0.547  bb 2.724  head 0.182  bwd_extra 0.768  peak 4.222
[memsplit] iter 58040  persist 0.547  bb 2.724  head 0.182  bwd_extra 0.768  peak 4.222
[memsplit] iter 58060  persist 0.547  bb 2.724  head 0.182  bwd_extra 0.768  peak 4.222
[memsplit] iter 58080  persist 0.347  bb 2.727  head 0.181  bwd_extra 0.876  peak 4.131
[mem] iter  58100 win_alloc 4.222 win_res 5.814 cur_res 5.814 retries 0
[memsplit] iter 58100  persist 0.547  bb 2.724  head 0.182  bwd_extra 0.768  peak 4.222
[memsplit] iter 58120  persist 0.547  bb 2.724  head 0.182  bwd_extra 0.768  peak 4.222
[memsplit] iter 58140  persist 0.547  bb 2.724  head 0.182  bwd_extra 0.768  peak 4.222
[memsplit] iter 58160  persist 0.347  bb 2.727  head 0.181  bwd_extra 0.876  peak 4.131
[memsplit] iter 58180  persist 0.547  bb 2.724  head 0.182  bwd_extra 0.768  peak 4.222
[mem] iter  58200 win_alloc 4.222 win_res 5.814 cur_res 5.814 retries 0
[memsplit] iter 58200  persist 0.547  bb 2.724  head 0.182  bwd_extra 0.768  peak 4.222
[memsplit] iter 58220  persist 0.547  bb 2.724  head 0.182  bwd_extra 0.768  peak 4.222
[memsplit] iter 58240  persist 0.347  bb 2.727  head 0.181  bwd_extra 0.876  peak 4.131
[memsplit] iter 58260  persist 0.547  bb 2.724  head 0.182  bwd_extra 0.768  peak 4.222
[memsplit] iter 58280  persist 0.547  bb 2.724  head 0.182  bwd_extra 0.768  peak 4.222
[mem] iter  58300 win_alloc 4.222 win_res 5.814 cur_res 5.814 retries 0
[memsplit] iter 58300  persist 0.547  bb 2.724  head 0.182  bwd_extra 0.768  peak 4.222
[memsplit] iter 58320  persist 0.348  bb 2.727  head 0.181  bwd_extra 0.876  peak 4.131
[memsplit] iter 58340  persist 0.547  bb 2.724  head 0.182  bwd_extra 0.768  peak 4.222
[memsplit] iter 58360  persist 0.547  bb 2.724  head 0.182  bwd_extra 0.768  peak 4.222
[memsplit] iter 58380  persist 0.547  bb 2.724  head 0.182  bwd_extra 0.768  peak 4.222
[mem] iter  58400 win_alloc 4.222 win_res 5.814 cur_res 5.814 retries 0
[memsplit] iter 58400  persist 0.348  bb 2.727  head 0.181  bwd_extra 0.876  peak 4.131
[memsplit] iter 58420  persist 0.547  bb 2.724  head 0.182  bwd_extra 0.768  peak 4.222
[memsplit] iter 58440  persist 0.547  bb 2.724  head 0.182  bwd_extra 0.768  peak 4.222
[memsplit] iter 58460  persist 0.547  bb 2.724  head 0.182  bwd_extra 0.768  peak 4.222
[memsplit] iter 58480  persist 0.348  bb 2.727  head 0.181  bwd_extra 0.876  peak 4.131
[mem] iter  58500 win_alloc 4.222 win_res 5.814 cur_res 5.814 retries 0
[memsplit] iter 58500  persist 0.547  bb 2.724  head 0.182  bwd_extra 0.768  peak 4.222
[memsplit] iter 58520  persist 0.547  bb 2.724  head 0.182  bwd_extra 0.768  peak 4.222
[memsplit] iter 58540  persist 0.547  bb 2.724  head 0.182  bwd_extra 0.768  peak 4.222
[memsplit] iter 58560  persist 0.348  bb 2.727  head 0.181  bwd_extra 0.876  peak 4.132
[memsplit] iter 58580  persist 0.547  bb 2.724  head 0.182  bwd_extra 0.768  peak 4.222
[mem] iter  58600 win_alloc 4.222 win_res 5.814 cur_res 5.814 retries 0
[memsplit] iter 58600  persist 0.547  bb 2.724  head 0.182  bwd_extra 0.768  peak 4.222
[memsplit] iter 58620  persist 0.548  bb 2.724  head 0.182  bwd_extra 0.768  peak 4.222
[memsplit] iter 58640  persist 0.348  bb 2.727  head 0.181  bwd_extra 0.876  peak 4.132
[memsplit] iter 58660  persist 0.548  bb 2.724  head 0.182  bwd_extra 0.768  peak 4.222
[memsplit] iter 58680  persist 0.548  bb 2.724  head 0.182  bwd_extra 0.768  peak 4.222
[mem] iter  58700 win_alloc 4.222 win_res 5.814 cur_res 5.814 retries 0
[memsplit] iter 58700  persist 0.548  bb 2.724  head 0.182  bwd_extra 0.768  peak 4.222
[memsplit] iter 58720  persist 0.348  bb 2.727  head 0.181  bwd_extra 0.876  peak 4.132
[memsplit] iter 58740  persist 0.548  bb 2.724  head 0.182  bwd_extra 0.768  peak 4.222
[memsplit] iter 58760  persist 0.548  bb 2.724  head 0.182  bwd_extra 0.768  peak 4.223
[memsplit] iter 58780  persist 0.548  bb 2.724  head 0.182  bwd_extra 0.768  peak 4.223
[mem] iter  58800 win_alloc 4.223 win_res 5.814 cur_res 5.814 retries 0
[memsplit] iter 58800  persist 0.348  bb 2.727  head 0.181  bwd_extra 0.876  peak 4.132
[memsplit] iter 58820  persist 0.548  bb 2.724  head 0.182  bwd_extra 0.768  peak 4.223
[memsplit] iter 58840  persist 0.548  bb 2.724  head 0.182  bwd_extra 0.768  peak 4.223
[memsplit] iter 58860  persist 0.548  bb 2.724  head 0.182  bwd_extra 0.768  peak 4.223
[memsplit] iter 58880  persist 0.348  bb 2.727  head 0.181  bwd_extra 0.876  peak 4.132
[mem] iter  58900 win_alloc 4.223 win_res 5.814 cur_res 5.814 retries 0
[memsplit] iter 58900  persist 0.548  bb 2.724  head 0.182  bwd_extra 0.768  peak 4.223
[memsplit] iter 58920  persist 0.548  bb 2.724  head 0.182  bwd_extra 0.768  peak 4.223
[memsplit] iter 58940  persist 0.548  bb 2.724  head 0.182  bwd_extra 0.768  peak 4.223
[memsplit] iter 58960  persist 0.348  bb 2.727  head 0.181  bwd_extra 0.876  peak 4.132
[memsplit] iter 58980  persist 0.548  bb 2.724  head 0.182  bwd_extra 0.768  peak 4.223
[mem] iter  59000 win_alloc 4.223 win_res 5.814 cur_res 5.814 retries 0
Task [59000/100020], Train Loss: 0.0098955, Train Accuracy: 0.9980000
[memsplit] iter 59000  persist 0.547  bb 2.724  head 0.182  bwd_extra 0.768  peak 4.222
[memsplit] iter 59020  persist 0.547  bb 2.724  head 0.182  bwd_extra 0.768  peak 4.222
[memsplit] iter 59040  persist 0.347  bb 2.727  head 0.181  bwd_extra 0.876  peak 4.131
[memsplit] iter 59060  persist 0.547  bb 2.724  head 0.182  bwd_extra 0.768  peak 4.222
[memsplit] iter 59080  persist 0.547  bb 2.724  head 0.182  bwd_extra 0.768  peak 4.222
[mem] iter  59100 win_alloc 4.222 win_res 5.814 cur_res 5.814 retries 0
[memsplit] iter 59100  persist 0.547  bb 2.724  head 0.182  bwd_extra 0.768  peak 4.222
[memsplit] iter 59120  persist 0.347  bb 2.727  head 0.181  bwd_extra 0.876  peak 4.131
[memsplit] iter 59140  persist 0.547  bb 2.724  head 0.182  bwd_extra 0.768  peak 4.222
[memsplit] iter 59160  persist 0.547  bb 2.724  head 0.182  bwd_extra 0.768  peak 4.222
[memsplit] iter 59180  persist 0.547  bb 2.724  head 0.182  bwd_extra 0.768  peak 4.222
[mem] iter  59200 win_alloc 4.222 win_res 5.814 cur_res 5.814 retries 0
[memsplit] iter 59200  persist 0.347  bb 2.727  head 0.181  bwd_extra 0.876  peak 4.131
[memsplit] iter 59220  persist 0.547  bb 2.724  head 0.182  bwd_extra 0.768  peak 4.222
[memsplit] iter 59240  persist 0.547  bb 2.724  head 0.182  bwd_extra 0.768  peak 4.222
[memsplit] iter 59260  persist 0.547  bb 2.724  head 0.182  bwd_extra 0.768  peak 4.222
[memsplit] iter 59280  persist 0.348  bb 2.727  head 0.181  bwd_extra 0.876  peak 4.131
[mem] iter  59300 win_alloc 4.222 win_res 5.814 cur_res 5.814 retries 0
[memsplit] iter 59300  persist 0.547  bb 2.724  head 0.182  bwd_extra 0.768  peak 4.222
[memsplit] iter 59320  persist 0.547  bb 2.724  head 0.182  bwd_extra 0.768  peak 4.222
[memsplit] iter 59340  persist 0.547  bb 2.724  head 0.182  bwd_extra 0.768  peak 4.222
[memsplit] iter 59360  persist 0.348  bb 2.727  head 0.181  bwd_extra 0.876  peak 4.131
[memsplit] iter 59380  persist 0.547  bb 2.724  head 0.182  bwd_extra 0.768  peak 4.222
[mem] iter  59400 win_alloc 4.222 win_res 5.814 cur_res 5.814 retries 0
[memsplit] iter 59400  persist 0.547  bb 2.724  head 0.182  bwd_extra 0.768  peak 4.222
[memsplit] iter 59420  persist 0.547  bb 2.724  head 0.182  bwd_extra 0.768  peak 4.222
[memsplit] iter 59440  persist 0.348  bb 2.727  head 0.181  bwd_extra 0.876  peak 4.131
[memsplit] iter 59460  persist 0.547  bb 2.724  head 0.182  bwd_extra 0.768  peak 4.222
[memsplit] iter 59480  persist 0.547  bb 2.724  head 0.182  bwd_extra 0.768  peak 4.222
[mem] iter  59500 win_alloc 4.222 win_res 5.814 cur_res 5.814 retries 0
[memsplit] iter 59500  persist 0.547  bb 2.724  head 0.182  bwd_extra 0.768  peak 4.222
[memsplit] iter 59520  persist 0.348  bb 2.727  head 0.181  bwd_extra 0.876  peak 4.131
[memsplit] iter 59540  persist 0.547  bb 2.724  head 0.182  bwd_extra 0.768  peak 4.222
[memsplit] iter 59560  persist 0.547  bb 2.724  head 0.182  bwd_extra 0.768  peak 4.222
[memsplit] iter 59580  persist 0.547  bb 2.724  head 0.182  bwd_extra 0.768  peak 4.222
[mem] iter  59600 win_alloc 4.222 win_res 5.814 cur_res 5.814 retries 0
[memsplit] iter 59600  persist 0.348  bb 2.727  head 0.181  bwd_extra 0.876  peak 4.132
[memsplit] iter 59620  persist 0.548  bb 2.724  head 0.182  bwd_extra 0.768  peak 4.222
[memsplit] iter 59640  persist 0.548  bb 2.724  head 0.182  bwd_extra 0.768  peak 4.222
[memsplit] iter 59660  persist 0.548  bb 2.724  head 0.182  bwd_extra 0.768  peak 4.222
[memsplit] iter 59680  persist 0.348  bb 2.727  head 0.181  bwd_extra 0.876  peak 4.132
[mem] iter  59700 win_alloc 4.222 win_res 5.814 cur_res 5.814 retries 0
[memsplit] iter 59700  persist 0.548  bb 2.724  head 0.182  bwd_extra 0.768  peak 4.222
[memsplit] iter 59720  persist 0.548  bb 2.724  head 0.182  bwd_extra 0.768  peak 4.222
[memsplit] iter 59740  persist 0.548  bb 2.724  head 0.182  bwd_extra 0.768  peak 4.222
[memsplit] iter 59760  persist 0.348  bb 2.727  head 0.181  bwd_extra 0.876  peak 4.132
[memsplit] iter 59780  persist 0.548  bb 2.724  head 0.182  bwd_extra 0.768  peak 4.223
[mem] iter  59800 win_alloc 4.223 win_res 5.814 cur_res 5.814 retries 0
[memsplit] iter 59800  persist 0.548  bb 2.724  head 0.182  bwd_extra 0.768  peak 4.223
[memsplit] iter 59820  persist 0.548  bb 2.724  head 0.182  bwd_extra 0.768  peak 4.223
[memsplit] iter 59840  persist 0.348  bb 2.727  head 0.181  bwd_extra 0.876  peak 4.132
[memsplit] iter 59860  persist 0.548  bb 2.724  head 0.182  bwd_extra 0.768  peak 4.223
[memsplit] iter 59880  persist 0.548  bb 2.724  head 0.182  bwd_extra 0.768  peak 4.223
[mem] iter  59900 win_alloc 4.223 win_res 5.814 cur_res 5.814 retries 0
[memsplit] iter 59900  persist 0.548  bb 2.724  head 0.182  bwd_extra 0.768  peak 4.223
[memsplit] iter 59920  persist 0.348  bb 2.727  head 0.181  bwd_extra 0.876  peak 4.132
[memsplit] iter 59940  persist 0.548  bb 2.724  head 0.182  bwd_extra 0.768  peak 4.223
[memsplit] iter 59960  persist 0.548  bb 2.724  head 0.182  bwd_extra 0.768  peak 4.223
[memsplit] iter 59980  persist 0.548  bb 2.724  head 0.182  bwd_extra 0.768  peak 4.223
[mem] iter  60000 win_alloc 4.223 win_res 5.814 cur_res 5.814 retries 0
Task [60000/100020], Train Loss: 0.0077176, Train Accuracy: 0.9984000
[memsplit] iter 60000  persist 0.347  bb 2.727  head 0.181  bwd_extra 0.876  peak 4.131
[memsplit] iter 60020  persist 0.547  bb 2.724  head 0.182  bwd_extra 0.768  peak 4.222
[memsplit] iter 60040  persist 0.547  bb 2.724  head 0.182  bwd_extra 0.768  peak 4.222
[memsplit] iter 60060  persist 0.547  bb 2.724  head 0.182  bwd_extra 0.768  peak 4.222
[memsplit] iter 60080  persist 0.347  bb 2.727  head 0.181  bwd_extra 0.876  peak 4.131
[mem] iter  60100 win_alloc 4.222 win_res 5.814 cur_res 5.814 retries 0
[memsplit] iter 60100  persist 0.547  bb 2.724  head 0.182  bwd_extra 0.768  peak 4.222
[memsplit] iter 60120  persist 0.547  bb 2.724  head 0.182  bwd_extra 0.768  peak 4.222
[memsplit] iter 60140  persist 0.547  bb 2.724  head 0.182  bwd_extra 0.768  peak 4.222
[memsplit] iter 60160  persist 0.347  bb 2.727  head 0.181  bwd_extra 0.876  peak 4.131
[memsplit] iter 60180  persist 0.547  bb 2.724  head 0.182  bwd_extra 0.768  peak 4.222
[mem] iter  60200 win_alloc 4.222 win_res 5.814 cur_res 5.814 retries 0
[memsplit] iter 60200  persist 0.547  bb 2.724  head 0.182  bwd_extra 0.768  peak 4.222
[memsplit] iter 60220  persist 0.547  bb 2.724  head 0.182  bwd_extra 0.768  peak 4.222
[memsplit] iter 60240  persist 0.347  bb 2.727  head 0.181  bwd_extra 0.876  peak 4.131
[memsplit] iter 60260  persist 0.547  bb 2.724  head 0.182  bwd_extra 0.768  peak 4.222
[memsplit] iter 60280  persist 0.547  bb 2.724  head 0.182  bwd_extra 0.768  peak 4.222
[mem] iter  60300 win_alloc 4.222 win_res 5.814 cur_res 5.814 retries 0
[memsplit] iter 60300  persist 0.547  bb 2.724  head 0.182  bwd_extra 0.768  peak 4.222
[memsplit] iter 60320  persist 0.348  bb 2.727  head 0.181  bwd_extra 0.876  peak 4.131
[memsplit] iter 60340  persist 0.547  bb 2.724  head 0.182  bwd_extra 0.768  peak 4.222
[memsplit] iter 60360  persist 0.547  bb 2.724  head 0.182  bwd_extra 0.768  peak 4.222
[memsplit] iter 60380  persist 0.547  bb 2.724  head 0.182  bwd_extra 0.768  peak 4.222
[mem] iter  60400 win_alloc 4.222 win_res 5.814 cur_res 5.814 retries 0
[memsplit] iter 60400  persist 0.348  bb 2.727  head 0.181  bwd_extra 0.876  peak 4.131
[memsplit] iter 60420  persist 0.547  bb 2.724  head 0.182  bwd_extra 0.768  peak 4.222
[memsplit] iter 60440  persist 0.547  bb 2.724  head 0.182  bwd_extra 0.768  peak 4.222
[memsplit] iter 60460  persist 0.547  bb 2.724  head 0.182  bwd_extra 0.768  peak 4.222
[memsplit] iter 60480  persist 0.348  bb 2.727  head 0.181  bwd_extra 0.876  peak 4.131
[mem] iter  60500 win_alloc 4.222 win_res 5.814 cur_res 5.814 retries 0
[memsplit] iter 60500  persist 0.547  bb 2.724  head 0.182  bwd_extra 0.768  peak 4.222
[memsplit] iter 60520  persist 0.547  bb 2.724  head 0.182  bwd_extra 0.768  peak 4.222
[memsplit] iter 60540  persist 0.547  bb 2.724  head 0.182  bwd_extra 0.768  peak 4.222
[memsplit] iter 60560  persist 0.348  bb 2.727  head 0.181  bwd_extra 0.876  peak 4.132
[memsplit] iter 60580  persist 0.547  bb 2.724  head 0.182  bwd_extra 0.768  peak 4.222
[mem] iter  60600 win_alloc 4.222 win_res 5.814 cur_res 5.814 retries 0
[memsplit] iter 60600  persist 0.547  bb 2.724  head 0.182  bwd_extra 0.768  peak 4.222
[memsplit] iter 60620  persist 0.548  bb 2.724  head 0.182  bwd_extra 0.768  peak 4.222
[memsplit] iter 60640  persist 0.348  bb 2.727  head 0.181  bwd_extra 0.876  peak 4.132
[memsplit] iter 60660  persist 0.548  bb 2.724  head 0.182  bwd_extra 0.768  peak 4.222
[memsplit] iter 60680  persist 0.548  bb 2.724  head 0.182  bwd_extra 0.768  peak 4.222
[mem] iter  60700 win_alloc 4.222 win_res 5.814 cur_res 5.814 retries 0
[memsplit] iter 60700  persist 0.548  bb 2.724  head 0.182  bwd_extra 0.768  peak 4.222
[memsplit] iter 60720  persist 0.348  bb 2.727  head 0.181  bwd_extra 0.876  peak 4.132
[memsplit] iter 60740  persist 0.548  bb 2.724  head 0.182  bwd_extra 0.768  peak 4.222
[memsplit] iter 60760  persist 0.548  bb 2.724  head 0.182  bwd_extra 0.768  peak 4.223
[memsplit] iter 60780  persist 0.548  bb 2.724  head 0.182  bwd_extra 0.768  peak 4.223
[mem] iter  60800 win_alloc 4.223 win_res 5.814 cur_res 5.814 retries 0
[memsplit] iter 60800  persist 0.348  bb 2.727  head 0.181  bwd_extra 0.876  peak 4.132
[memsplit] iter 60820  persist 0.548  bb 2.724  head 0.182  bwd_extra 0.768  peak 4.223
[memsplit] iter 60840  persist 0.548  bb 2.724  head 0.182  bwd_extra 0.768  peak 4.223
[memsplit] iter 60860  persist 0.548  bb 2.724  head 0.182  bwd_extra 0.768  peak 4.223
[memsplit] iter 60880  persist 0.348  bb 2.727  head 0.181  bwd_extra 0.876  peak 4.132
[mem] iter  60900 win_alloc 4.223 win_res 5.814 cur_res 5.814 retries 0
[memsplit] iter 60900  persist 0.548  bb 2.724  head 0.182  bwd_extra 0.768  peak 4.223
[memsplit] iter 60920  persist 0.548  bb 2.724  head 0.182  bwd_extra 0.768  peak 4.223
[memsplit] iter 60940  persist 0.548  bb 2.724  head 0.182  bwd_extra 0.768  peak 4.223
[memsplit] iter 60960  persist 0.348  bb 2.727  head 0.181  bwd_extra 0.876  peak 4.132
[memsplit] iter 60980  persist 0.548  bb 2.724  head 0.182  bwd_extra 0.768  peak 4.223
[mem] iter  61000 win_alloc 4.223 win_res 5.814 cur_res 5.814 retries 0
Task [61000/100020], Train Loss: 0.0079325, Train Accuracy: 0.9984000
[memsplit] iter 61000  persist 0.547  bb 2.724  head 0.182  bwd_extra 0.768  peak 4.222
[memsplit] iter 61020  persist 0.547  bb 2.724  head 0.182  bwd_extra 0.768  peak 4.222
[memsplit] iter 61040  persist 0.347  bb 2.727  head 0.181  bwd_extra 0.876  peak 4.131
[memsplit] iter 61060  persist 0.547  bb 2.724  head 0.182  bwd_extra 0.768  peak 4.222
[memsplit] iter 61080  persist 0.547  bb 2.724  head 0.182  bwd_extra 0.768  peak 4.222
[mem] iter  61100 win_alloc 4.222 win_res 5.814 cur_res 5.814 retries 0
[memsplit] iter 61100  persist 0.547  bb 2.724  head 0.182  bwd_extra 0.768  peak 4.222
[memsplit] iter 61120  persist 0.347  bb 2.727  head 0.181  bwd_extra 0.876  peak 4.131
[memsplit] iter 61140  persist 0.547  bb 2.724  head 0.182  bwd_extra 0.768  peak 4.222
[memsplit] iter 61160  persist 0.547  bb 2.724  head 0.182  bwd_extra 0.768  peak 4.222
[memsplit] iter 61180  persist 0.547  bb 2.724  head 0.182  bwd_extra 0.768  peak 4.222
[mem] iter  61200 win_alloc 4.222 win_res 5.814 cur_res 5.814 retries 0
[memsplit] iter 61200  persist 0.347  bb 2.727  head 0.181  bwd_extra 0.876  peak 4.131
[memsplit] iter 61220  persist 0.547  bb 2.724  head 0.182  bwd_extra 0.768  peak 4.222
[memsplit] iter 61240  persist 0.547  bb 2.724  head 0.182  bwd_extra 0.768  peak 4.222
[memsplit] iter 61260  persist 0.547  bb 2.724  head 0.182  bwd_extra 0.768  peak 4.222
[memsplit] iter 61280  persist 0.348  bb 2.727  head 0.181  bwd_extra 0.876  peak 4.131
[mem] iter  61300 win_alloc 4.222 win_res 5.814 cur_res 5.814 retries 0
[memsplit] iter 61300  persist 0.547  bb 2.724  head 0.182  bwd_extra 0.768  peak 4.222
[memsplit] iter 61320  persist 0.547  bb 2.724  head 0.182  bwd_extra 0.768  peak 4.222
[memsplit] iter 61340  persist 0.547  bb 2.724  head 0.182  bwd_extra 0.768  peak 4.222
[memsplit] iter 61360  persist 0.348  bb 2.727  head 0.181  bwd_extra 0.876  peak 4.131
[memsplit] iter 61380  persist 0.547  bb 2.724  head 0.182  bwd_extra 0.768  peak 4.222
[mem] iter  61400 win_alloc 4.222 win_res 5.814 cur_res 5.814 retries 0
[memsplit] iter 61400  persist 0.547  bb 2.724  head 0.182  bwd_extra 0.768  peak 4.222
[memsplit] iter 61420  persist 0.547  bb 2.724  head 0.182  bwd_extra 0.768  peak 4.222
[memsplit] iter 61440  persist 0.348  bb 2.727  head 0.181  bwd_extra 0.876  peak 4.131
[memsplit] iter 61460  persist 0.547  bb 2.724  head 0.182  bwd_extra 0.768  peak 4.222
[memsplit] iter 61480  persist 0.547  bb 2.724  head 0.182  bwd_extra 0.768  peak 4.222
[mem] iter  61500 win_alloc 4.222 win_res 5.814 cur_res 5.814 retries 0
[memsplit] iter 61500  persist 0.547  bb 2.724  head 0.182  bwd_extra 0.768  peak 4.222
[memsplit] iter 61520  persist 0.348  bb 2.727  head 0.181  bwd_extra 0.876  peak 4.131
[memsplit] iter 61540  persist 0.547  bb 2.724  head 0.182  bwd_extra 0.768  peak 4.222
[memsplit] iter 61560  persist 0.547  bb 2.724  head 0.182  bwd_extra 0.768  peak 4.222
[memsplit] iter 61580  persist 0.547  bb 2.724  head 0.182  bwd_extra 0.768  peak 4.222
[mem] iter  61600 win_alloc 4.222 win_res 5.814 cur_res 5.814 retries 0
[memsplit] iter 61600  persist 0.348  bb 2.727  head 0.181  bwd_extra 0.876  peak 4.132
[memsplit] iter 61620  persist 0.548  bb 2.724  head 0.182  bwd_extra 0.768  peak 4.222
[memsplit] iter 61640  persist 0.548  bb 2.724  head 0.182  bwd_extra 0.768  peak 4.222
[memsplit] iter 61660  persist 0.548  bb 2.724  head 0.182  bwd_extra 0.768  peak 4.222
[memsplit] iter 61680  persist 0.348  bb 2.727  head 0.181  bwd_extra 0.876  peak 4.132
[mem] iter  61700 win_alloc 4.222 win_res 5.814 cur_res 5.814 retries 0
[memsplit] iter 61700  persist 0.548  bb 2.724  head 0.182  bwd_extra 0.768  peak 4.222
[memsplit] iter 61720  persist 0.548  bb 2.724  head 0.182  bwd_extra 0.768  peak 4.222
[memsplit] iter 61740  persist 0.548  bb 2.724  head 0.182  bwd_extra 0.768  peak 4.222
[memsplit] iter 61760  persist 0.348  bb 2.727  head 0.181  bwd_extra 0.876  peak 4.132
[memsplit] iter 61780  persist 0.548  bb 2.724  head 0.182  bwd_extra 0.768  peak 4.223
[mem] iter  61800 win_alloc 4.223 win_res 5.814 cur_res 5.814 retries 0
[memsplit] iter 61800  persist 0.548  bb 2.724  head 0.182  bwd_extra 0.768  peak 4.223
[memsplit] iter 61820  persist 0.548  bb 2.724  head 0.182  bwd_extra 0.768  peak 4.223
[memsplit] iter 61840  persist 0.348  bb 2.727  head 0.181  bwd_extra 0.876  peak 4.132
[memsplit] iter 61860  persist 0.548  bb 2.724  head 0.182  bwd_extra 0.768  peak 4.223
[memsplit] iter 61880  persist 0.548  bb 2.724  head 0.182  bwd_extra 0.768  peak 4.223
[mem] iter  61900 win_alloc 4.223 win_res 5.814 cur_res 5.814 retries 0
[memsplit] iter 61900  persist 0.548  bb 2.724  head 0.182  bwd_extra 0.768  peak 4.223
[memsplit] iter 61920  persist 0.348  bb 2.727  head 0.181  bwd_extra 0.876  peak 4.132
[memsplit] iter 61940  persist 0.548  bb 2.724  head 0.182  bwd_extra 0.768  peak 4.223
[memsplit] iter 61960  persist 0.548  bb 2.724  head 0.182  bwd_extra 0.768  peak 4.223
[memsplit] iter 61980  persist 0.548  bb 2.724  head 0.182  bwd_extra 0.768  peak 4.223
[mem] iter  62000 win_alloc 4.223 win_res 5.814 cur_res 5.814 retries 0
Task [62000/100020], Train Loss: 0.0085251, Train Accuracy: 0.9981999
[memsplit] iter 62000  persist 0.347  bb 2.727  head 0.181  bwd_extra 0.876  peak 4.131
[memsplit] iter 62020  persist 0.547  bb 2.724  head 0.182  bwd_extra 0.768  peak 4.222
[memsplit] iter 62040  persist 0.547  bb 2.724  head 0.182  bwd_extra 0.768  peak 4.222
[memsplit] iter 62060  persist 0.547  bb 2.724  head 0.182  bwd_extra 0.768  peak 4.222
[memsplit] iter 62080  persist 0.347  bb 2.727  head 0.181  bwd_extra 0.876  peak 4.131
[mem] iter  62100 win_alloc 4.222 win_res 5.814 cur_res 5.814 retries 0
[memsplit] iter 62100  persist 0.547  bb 2.724  head 0.182  bwd_extra 0.768  peak 4.222
[memsplit] iter 62120  persist 0.547  bb 2.724  head 0.182  bwd_extra 0.768  peak 4.222
[memsplit] iter 62140  persist 0.547  bb 2.724  head 0.182  bwd_extra 0.768  peak 4.222
[memsplit] iter 62160  persist 0.347  bb 2.727  head 0.181  bwd_extra 0.876  peak 4.131
[memsplit] iter 62180  persist 0.547  bb 2.724  head 0.182  bwd_extra 0.768  peak 4.222
[mem] iter  62200 win_alloc 4.222 win_res 5.814 cur_res 5.814 retries 0
[memsplit] iter 62200  persist 0.547  bb 2.724  head 0.182  bwd_extra 0.768  peak 4.222
[memsplit] iter 62220  persist 0.547  bb 2.724  head 0.182  bwd_extra 0.768  peak 4.222
[memsplit] iter 62240  persist 0.347  bb 2.727  head 0.181  bwd_extra 0.876  peak 4.131
[memsplit] iter 62260  persist 0.547  bb 2.724  head 0.182  bwd_extra 0.768  peak 4.222
[memsplit] iter 62280  persist 0.547  bb 2.724  head 0.182  bwd_extra 0.768  peak 4.222
[mem] iter  62300 win_alloc 4.222 win_res 5.814 cur_res 5.814 retries 0
[memsplit] iter 62300  persist 0.547  bb 2.724  head 0.182  bwd_extra 0.768  peak 4.222
[memsplit] iter 62320  persist 0.348  bb 2.727  head 0.181  bwd_extra 0.876  peak 4.131
[memsplit] iter 62340  persist 0.547  bb 2.724  head 0.182  bwd_extra 0.768  peak 4.222
[memsplit] iter 62360  persist 0.547  bb 2.724  head 0.182  bwd_extra 0.768  peak 4.222
[memsplit] iter 62380  persist 0.547  bb 2.724  head 0.182  bwd_extra 0.768  peak 4.222
[mem] iter  62400 win_alloc 4.222 win_res 5.814 cur_res 5.814 retries 0
[memsplit] iter 62400  persist 0.348  bb 2.727  head 0.181  bwd_extra 0.876  peak 4.131
[memsplit] iter 62420  persist 0.547  bb 2.724  head 0.182  bwd_extra 0.768  peak 4.222
[memsplit] iter 62440  persist 0.547  bb 2.724  head 0.182  bwd_extra 0.768  peak 4.222
[memsplit] iter 62460  persist 0.547  bb 2.724  head 0.182  bwd_extra 0.768  peak 4.222
[memsplit] iter 62480  persist 0.348  bb 2.727  head 0.181  bwd_extra 0.876  peak 4.131
[mem] iter  62500 win_alloc 4.222 win_res 5.814 cur_res 5.814 retries 0
[memsplit] iter 62500  persist 0.547  bb 2.724  head 0.182  bwd_extra 0.768  peak 4.222
[memsplit] iter 62520  persist 0.547  bb 2.724  head 0.182  bwd_extra 0.768  peak 4.222
[memsplit] iter 62540  persist 0.547  bb 2.724  head 0.182  bwd_extra 0.768  peak 4.222
[memsplit] iter 62560  persist 0.348  bb 2.727  head 0.181  bwd_extra 0.876  peak 4.132
[memsplit] iter 62580  persist 0.547  bb 2.724  head 0.182  bwd_extra 0.768  peak 4.222
[mem] iter  62600 win_alloc 4.222 win_res 5.814 cur_res 5.814 retries 0
[memsplit] iter 62600  persist 0.547  bb 2.724  head 0.182  bwd_extra 0.768  peak 4.222
[memsplit] iter 62620  persist 0.548  bb 2.724  head 0.182  bwd_extra 0.768  peak 4.222
[memsplit] iter 62640  persist 0.348  bb 2.727  head 0.181  bwd_extra 0.876  peak 4.132
[memsplit] iter 62660  persist 0.548  bb 2.724  head 0.182  bwd_extra 0.768  peak 4.222
[memsplit] iter 62680  persist 0.548  bb 2.724  head 0.182  bwd_extra 0.768  peak 4.222
[mem] iter  62700 win_alloc 4.222 win_res 5.814 cur_res 5.814 retries 0
[memsplit] iter 62700  persist 0.548  bb 2.724  head 0.182  bwd_extra 0.768  peak 4.222
[memsplit] iter 62720  persist 0.348  bb 2.727  head 0.181  bwd_extra 0.876  peak 4.132
[memsplit] iter 62740  persist 0.548  bb 2.724  head 0.182  bwd_extra 0.768  peak 4.222
[memsplit] iter 62760  persist 0.548  bb 2.724  head 0.182  bwd_extra 0.768  peak 4.223
[memsplit] iter 62780  persist 0.548  bb 2.724  head 0.182  bwd_extra 0.768  peak 4.223
[mem] iter  62800 win_alloc 4.223 win_res 5.814 cur_res 5.814 retries 0
[memsplit] iter 62800  persist 0.348  bb 2.727  head 0.181  bwd_extra 0.876  peak 4.132
[memsplit] iter 62820  persist 0.548  bb 2.724  head 0.182  bwd_extra 0.768  peak 4.223
[memsplit] iter 62840  persist 0.548  bb 2.724  head 0.182  bwd_extra 0.768  peak 4.223
[memsplit] iter 62860  persist 0.548  bb 2.724  head 0.182  bwd_extra 0.768  peak 4.223
[memsplit] iter 62880  persist 0.348  bb 2.727  head 0.181  bwd_extra 0.876  peak 4.132
[mem] iter  62900 win_alloc 4.223 win_res 5.814 cur_res 5.814 retries 0
[memsplit] iter 62900  persist 0.548  bb 2.724  head 0.182  bwd_extra 0.768  peak 4.223
[memsplit] iter 62920  persist 0.548  bb 2.724  head 0.182  bwd_extra 0.768  peak 4.223
[memsplit] iter 62940  persist 0.548  bb 2.724  head 0.182  bwd_extra 0.768  peak 4.223
[memsplit] iter 62960  persist 0.348  bb 2.727  head 0.181  bwd_extra 0.876  peak 4.132
[memsplit] iter 62980  persist 0.548  bb 2.724  head 0.182  bwd_extra 0.768  peak 4.223
[mem] iter  63000 win_alloc 4.223 win_res 5.814 cur_res 5.814 retries 0
Task [63000/100020], Train Loss: 0.0095177, Train Accuracy: 0.9978400
[memsplit] iter 63000  persist 0.547  bb 2.724  head 0.182  bwd_extra 0.768  peak 4.222
[memsplit] iter 63020  persist 0.547  bb 2.724  head 0.182  bwd_extra 0.768  peak 4.222
[memsplit] iter 63040  persist 0.347  bb 2.727  head 0.181  bwd_extra 0.876  peak 4.131
[memsplit] iter 63060  persist 0.547  bb 2.724  head 0.182  bwd_extra 0.768  peak 4.222
[memsplit] iter 63080  persist 0.547  bb 2.724  head 0.182  bwd_extra 0.768  peak 4.222
[mem] iter  63100 win_alloc 4.222 win_res 5.814 cur_res 5.814 retries 0
[memsplit] iter 63100  persist 0.547  bb 2.724  head 0.182  bwd_extra 0.768  peak 4.222
[memsplit] iter 63120  persist 0.347  bb 2.727  head 0.181  bwd_extra 0.876  peak 4.131
[memsplit] iter 63140  persist 0.547  bb 2.724  head 0.182  bwd_extra 0.768  peak 4.222
[memsplit] iter 63160  persist 0.547  bb 2.724  head 0.182  bwd_extra 0.768  peak 4.222
[memsplit] iter 63180  persist 0.547  bb 2.724  head 0.182  bwd_extra 0.768  peak 4.222
[mem] iter  63200 win_alloc 4.222 win_res 5.814 cur_res 5.814 retries 0
[memsplit] iter 63200  persist 0.347  bb 2.727  head 0.181  bwd_extra 0.876  peak 4.131
[memsplit] iter 63220  persist 0.547  bb 2.724  head 0.182  bwd_extra 0.768  peak 4.222
[memsplit] iter 63240  persist 0.547  bb 2.724  head 0.182  bwd_extra 0.768  peak 4.222
[memsplit] iter 63260  persist 0.547  bb 2.724  head 0.182  bwd_extra 0.768  peak 4.222
[memsplit] iter 63280  persist 0.348  bb 2.727  head 0.181  bwd_extra 0.876  peak 4.131
[mem] iter  63300 win_alloc 4.222 win_res 5.814 cur_res 5.814 retries 0
[memsplit] iter 63300  persist 0.547  bb 2.724  head 0.182  bwd_extra 0.768  peak 4.222
[memsplit] iter 63320  persist 0.547  bb 2.724  head 0.182  bwd_extra 0.768  peak 4.222
[memsplit] iter 63340  persist 0.547  bb 2.724  head 0.182  bwd_extra 0.768  peak 4.222
[memsplit] iter 63360  persist 0.348  bb 2.727  head 0.181  bwd_extra 0.876  peak 4.131
[memsplit] iter 63380  persist 0.547  bb 2.724  head 0.182  bwd_extra 0.768  peak 4.222
[mem] iter  63400 win_alloc 4.222 win_res 5.814 cur_res 5.814 retries 0
[memsplit] iter 63400  persist 0.547  bb 2.724  head 0.182  bwd_extra 0.768  peak 4.222
[memsplit] iter 63420  persist 0.547  bb 2.724  head 0.182  bwd_extra 0.768  peak 4.222
[memsplit] iter 63440  persist 0.348  bb 2.727  head 0.181  bwd_extra 0.876  peak 4.131
[memsplit] iter 63460  persist 0.547  bb 2.724  head 0.182  bwd_extra 0.768  peak 4.222
[memsplit] iter 63480  persist 0.547  bb 2.724  head 0.182  bwd_extra 0.768  peak 4.222
[mem] iter  63500 win_alloc 4.222 win_res 5.814 cur_res 5.814 retries 0
[memsplit] iter 63500  persist 0.547  bb 2.724  head 0.182  bwd_extra 0.768  peak 4.222
[memsplit] iter 63520  persist 0.348  bb 2.727  head 0.181  bwd_extra 0.876  peak 4.131
[memsplit] iter 63540  persist 0.547  bb 2.724  head 0.182  bwd_extra 0.768  peak 4.222
[memsplit] iter 63560  persist 0.547  bb 2.724  head 0.182  bwd_extra 0.768  peak 4.222
[memsplit] iter 63580  persist 0.547  bb 2.724  head 0.182  bwd_extra 0.768  peak 4.222
[mem] iter  63600 win_alloc 4.222 win_res 5.814 cur_res 5.814 retries 0
[memsplit] iter 63600  persist 0.348  bb 2.727  head 0.181  bwd_extra 0.876  peak 4.132
[memsplit] iter 63620  persist 0.548  bb 2.724  head 0.182  bwd_extra 0.768  peak 4.222
[memsplit] iter 63640  persist 0.548  bb 2.724  head 0.182  bwd_extra 0.768  peak 4.222
[memsplit] iter 63660  persist 0.548  bb 2.724  head 0.182  bwd_extra 0.768  peak 4.222
[memsplit] iter 63680  persist 0.348  bb 2.727  head 0.181  bwd_extra 0.876  peak 4.132
[mem] iter  63700 win_alloc 4.222 win_res 5.814 cur_res 5.814 retries 0
[memsplit] iter 63700  persist 0.548  bb 2.724  head 0.182  bwd_extra 0.768  peak 4.222
[memsplit] iter 63720  persist 0.548  bb 2.724  head 0.182  bwd_extra 0.768  peak 4.222
[memsplit] iter 63740  persist 0.548  bb 2.724  head 0.182  bwd_extra 0.768  peak 4.222
[memsplit] iter 63760  persist 0.348  bb 2.727  head 0.181  bwd_extra 0.876  peak 4.132
[memsplit] iter 63780  persist 0.548  bb 2.724  head 0.182  bwd_extra 0.768  peak 4.223
[mem] iter  63800 win_alloc 4.223 win_res 5.814 cur_res 5.814 retries 0
[memsplit] iter 63800  persist 0.548  bb 2.724  head 0.182  bwd_extra 0.768  peak 4.223
[memsplit] iter 63820  persist 0.548  bb 2.724  head 0.182  bwd_extra 0.768  peak 4.223
[memsplit] iter 63840  persist 0.348  bb 2.727  head 0.181  bwd_extra 0.876  peak 4.132
[memsplit] iter 63860  persist 0.548  bb 2.724  head 0.182  bwd_extra 0.768  peak 4.223
[memsplit] iter 63880  persist 0.548  bb 2.724  head 0.182  bwd_extra 0.768  peak 4.223
[mem] iter  63900 win_alloc 4.223 win_res 5.814 cur_res 5.814 retries 0
[memsplit] iter 63900  persist 0.548  bb 2.724  head 0.182  bwd_extra 0.768  peak 4.223
[memsplit] iter 63920  persist 0.348  bb 2.727  head 0.181  bwd_extra 0.876  peak 4.132
[memsplit] iter 63940  persist 0.548  bb 2.724  head 0.182  bwd_extra 0.768  peak 4.223
[memsplit] iter 63960  persist 0.548  bb 2.724  head 0.182  bwd_extra 0.768  peak 4.223
[memsplit] iter 63980  persist 0.548  bb 2.724  head 0.182  bwd_extra 0.768  peak 4.223
[mem] iter  64000 win_alloc 4.223 win_res 5.814 cur_res 5.814 retries 0
Task [64000/100020], Train Loss: 0.0074711, Train Accuracy: 0.9982800
[memsplit] iter 64000  persist 0.347  bb 2.727  head 0.181  bwd_extra 0.876  peak 4.131
[memsplit] iter 64020  persist 0.547  bb 2.724  head 0.182  bwd_extra 0.768  peak 4.222
[memsplit] iter 64040  persist 0.547  bb 2.724  head 0.182  bwd_extra 0.768  peak 4.222
[memsplit] iter 64060  persist 0.547  bb 2.724  head 0.182  bwd_extra 0.768  peak 4.222
[memsplit] iter 64080  persist 0.347  bb 2.727  head 0.181  bwd_extra 0.876  peak 4.131
[mem] iter  64100 win_alloc 4.222 win_res 5.814 cur_res 5.814 retries 0
[memsplit] iter 64100  persist 0.547  bb 2.724  head 0.182  bwd_extra 0.768  peak 4.222
[memsplit] iter 64120  persist 0.547  bb 2.724  head 0.182  bwd_extra 0.768  peak 4.222
[memsplit] iter 64140  persist 0.547  bb 2.724  head 0.182  bwd_extra 0.768  peak 4.222
[memsplit] iter 64160  persist 0.347  bb 2.727  head 0.181  bwd_extra 0.876  peak 4.131
[memsplit] iter 64180  persist 0.547  bb 2.724  head 0.182  bwd_extra 0.768  peak 4.222
[mem] iter  64200 win_alloc 4.222 win_res 5.814 cur_res 5.814 retries 0
[memsplit] iter 64200  persist 0.547  bb 2.724  head 0.182  bwd_extra 0.768  peak 4.222
[memsplit] iter 64220  persist 0.547  bb 2.724  head 0.182  bwd_extra 0.768  peak 4.222
[memsplit] iter 64240  persist 0.347  bb 2.727  head 0.181  bwd_extra 0.876  peak 4.131
[memsplit] iter 64260  persist 0.547  bb 2.724  head 0.182  bwd_extra 0.768  peak 4.222
[memsplit] iter 64280  persist 0.547  bb 2.724  head 0.182  bwd_extra 0.768  peak 4.222
[mem] iter  64300 win_alloc 4.222 win_res 5.814 cur_res 5.814 retries 0
[memsplit] iter 64300  persist 0.547  bb 2.724  head 0.182  bwd_extra 0.768  peak 4.222
[memsplit] iter 64320  persist 0.348  bb 2.727  head 0.181  bwd_extra 0.876  peak 4.131
[memsplit] iter 64340  persist 0.547  bb 2.724  head 0.182  bwd_extra 0.768  peak 4.222
[memsplit] iter 64360  persist 0.547  bb 2.724  head 0.182  bwd_extra 0.768  peak 4.222
[memsplit] iter 64380  persist 0.547  bb 2.724  head 0.182  bwd_extra 0.768  peak 4.222
[mem] iter  64400 win_alloc 4.222 win_res 5.814 cur_res 5.814 retries 0
[memsplit] iter 64400  persist 0.348  bb 2.727  head 0.181  bwd_extra 0.876  peak 4.131
[memsplit] iter 64420  persist 0.547  bb 2.724  head 0.182  bwd_extra 0.768  peak 4.222
[memsplit] iter 64440  persist 0.547  bb 2.724  head 0.182  bwd_extra 0.768  peak 4.222
[memsplit] iter 64460  persist 0.547  bb 2.724  head 0.182  bwd_extra 0.768  peak 4.222
[memsplit] iter 64480  persist 0.348  bb 2.727  head 0.181  bwd_extra 0.876  peak 4.131
[mem] iter  64500 win_alloc 4.222 win_res 5.814 cur_res 5.814 retries 0
[memsplit] iter 64500  persist 0.547  bb 2.724  head 0.182  bwd_extra 0.768  peak 4.222
[memsplit] iter 64520  persist 0.547  bb 2.724  head 0.182  bwd_extra 0.768  peak 4.222
[memsplit] iter 64540  persist 0.547  bb 2.724  head 0.182  bwd_extra 0.768  peak 4.222
[memsplit] iter 64560  persist 0.348  bb 2.727  head 0.181  bwd_extra 0.876  peak 4.132
[memsplit] iter 64580  persist 0.547  bb 2.724  head 0.182  bwd_extra 0.768  peak 4.222
[mem] iter  64600 win_alloc 4.222 win_res 5.814 cur_res 5.814 retries 0
[memsplit] iter 64600  persist 0.547  bb 2.724  head 0.182  bwd_extra 0.768  peak 4.222
[memsplit] iter 64620  persist 0.548  bb 2.724  head 0.182  bwd_extra 0.768  peak 4.222
[memsplit] iter 64640  persist 0.348  bb 2.727  head 0.181  bwd_extra 0.876  peak 4.132
[memsplit] iter 64660  persist 0.548  bb 2.724  head 0.182  bwd_extra 0.768  peak 4.222
[memsplit] iter 64680  persist 0.548  bb 2.724  head 0.182  bwd_extra 0.768  peak 4.222
[mem] iter  64700 win_alloc 4.222 win_res 5.814 cur_res 5.814 retries 0
[memsplit] iter 64700  persist 0.548  bb 2.724  head 0.182  bwd_extra 0.768  peak 4.222
[memsplit] iter 64720  persist 0.348  bb 2.727  head 0.181  bwd_extra 0.876  peak 4.132
[memsplit] iter 64740  persist 0.548  bb 2.724  head 0.182  bwd_extra 0.768  peak 4.222
[memsplit] iter 64760  persist 0.548  bb 2.724  head 0.182  bwd_extra 0.768  peak 4.223
[memsplit] iter 64780  persist 0.548  bb 2.724  head 0.182  bwd_extra 0.768  peak 4.223
[mem] iter  64800 win_alloc 4.223 win_res 5.814 cur_res 5.814 retries 0
[memsplit] iter 64800  persist 0.348  bb 2.727  head 0.181  bwd_extra 0.876  peak 4.132
[memsplit] iter 64820  persist 0.548  bb 2.724  head 0.182  bwd_extra 0.768  peak 4.223
[memsplit] iter 64840  persist 0.548  bb 2.724  head 0.182  bwd_extra 0.768  peak 4.223
[memsplit] iter 64860  persist 0.548  bb 2.724  head 0.182  bwd_extra 0.768  peak 4.223
[memsplit] iter 64880  persist 0.348  bb 2.727  head 0.181  bwd_extra 0.876  peak 4.132
[mem] iter  64900 win_alloc 4.223 win_res 5.814 cur_res 5.814 retries 0
[memsplit] iter 64900  persist 0.548  bb 2.724  head 0.182  bwd_extra 0.768  peak 4.223
[memsplit] iter 64920  persist 0.548  bb 2.724  head 0.182  bwd_extra 0.768  peak 4.223
[memsplit] iter 64940  persist 0.548  bb 2.724  head 0.182  bwd_extra 0.768  peak 4.223
[memsplit] iter 64960  persist 0.348  bb 2.727  head 0.181  bwd_extra 0.876  peak 4.132
[memsplit] iter 64980  persist 0.548  bb 2.724  head 0.182  bwd_extra 0.768  peak 4.223
[mem] iter  65000 win_alloc 4.223 win_res 5.814 cur_res 5.814 retries 0
Task [65000/100020], Train Loss: 0.0090455, Train Accuracy: 0.9978400
[memsplit] iter 65000  persist 0.547  bb 2.724  head 0.182  bwd_extra 0.768  peak 4.222
[memsplit] iter 65020  persist 0.547  bb 2.724  head 0.182  bwd_extra 0.768  peak 4.222
[memsplit] iter 65040  persist 0.347  bb 2.727  head 0.181  bwd_extra 0.876  peak 4.131
[memsplit] iter 65060  persist 0.547  bb 2.724  head 0.182  bwd_extra 0.768  peak 4.222
[memsplit] iter 65080  persist 0.547  bb 2.724  head 0.182  bwd_extra 0.768  peak 4.222
[mem] iter  65100 win_alloc 4.222 win_res 5.814 cur_res 5.814 retries 0
[memsplit] iter 65100  persist 0.547  bb 2.724  head 0.182  bwd_extra 0.768  peak 4.222
[memsplit] iter 65120  persist 0.347  bb 2.727  head 0.181  bwd_extra 0.876  peak 4.131
[memsplit] iter 65140  persist 0.547  bb 2.724  head 0.182  bwd_extra 0.768  peak 4.222
[memsplit] iter 65160  persist 0.547  bb 2.724  head 0.182  bwd_extra 0.768  peak 4.222
[memsplit] iter 65180  persist 0.547  bb 2.724  head 0.182  bwd_extra 0.768  peak 4.222
[mem] iter  65200 win_alloc 4.222 win_res 5.814 cur_res 5.814 retries 0
[memsplit] iter 65200  persist 0.347  bb 2.727  head 0.181  bwd_extra 0.876  peak 4.131
[memsplit] iter 65220  persist 0.547  bb 2.724  head 0.182  bwd_extra 0.768  peak 4.222
[memsplit] iter 65240  persist 0.547  bb 2.724  head 0.182  bwd_extra 0.768  peak 4.222
[memsplit] iter 65260  persist 0.547  bb 2.724  head 0.182  bwd_extra 0.768  peak 4.222
[memsplit] iter 65280  persist 0.348  bb 2.727  head 0.181  bwd_extra 0.876  peak 4.131
[mem] iter  65300 win_alloc 4.222 win_res 5.814 cur_res 5.814 retries 0
[memsplit] iter 65300  persist 0.547  bb 2.724  head 0.182  bwd_extra 0.768  peak 4.222
[memsplit] iter 65320  persist 0.547  bb 2.724  head 0.182  bwd_extra 0.768  peak 4.222
[memsplit] iter 65340  persist 0.547  bb 2.724  head 0.182  bwd_extra 0.768  peak 4.222
[memsplit] iter 65360  persist 0.348  bb 2.727  head 0.181  bwd_extra 0.876  peak 4.131
[memsplit] iter 65380  persist 0.547  bb 2.724  head 0.182  bwd_extra 0.768  peak 4.222
[mem] iter  65400 win_alloc 4.222 win_res 5.814 cur_res 5.814 retries 0
[memsplit] iter 65400  persist 0.547  bb 2.724  head 0.182  bwd_extra 0.768  peak 4.222
[memsplit] iter 65420  persist 0.547  bb 2.724  head 0.182  bwd_extra 0.768  peak 4.222
[memsplit] iter 65440  persist 0.348  bb 2.727  head 0.181  bwd_extra 0.876  peak 4.131
[memsplit] iter 65460  persist 0.547  bb 2.724  head 0.182  bwd_extra 0.768  peak 4.222
[memsplit] iter 65480  persist 0.547  bb 2.724  head 0.182  bwd_extra 0.768  peak 4.222
[mem] iter  65500 win_alloc 4.222 win_res 5.814 cur_res 5.814 retries 0
[memsplit] iter 65500  persist 0.547  bb 2.724  head 0.182  bwd_extra 0.768  peak 4.222
[memsplit] iter 65520  persist 0.348  bb 2.727  head 0.181  bwd_extra 0.876  peak 4.131
[memsplit] iter 65540  persist 0.547  bb 2.724  head 0.182  bwd_extra 0.768  peak 4.222
[memsplit] iter 65560  persist 0.547  bb 2.724  head 0.182  bwd_extra 0.768  peak 4.222
[memsplit] iter 65580  persist 0.547  bb 2.724  head 0.182  bwd_extra 0.768  peak 4.222
[mem] iter  65600 win_alloc 4.222 win_res 5.814 cur_res 5.814 retries 0
[memsplit] iter 65600  persist 0.348  bb 2.727  head 0.181  bwd_extra 0.876  peak 4.132
[memsplit] iter 65620  persist 0.548  bb 2.724  head 0.182  bwd_extra 0.768  peak 4.222
[memsplit] iter 65640  persist 0.548  bb 2.724  head 0.182  bwd_extra 0.768  peak 4.222
[memsplit] iter 65660  persist 0.548  bb 2.724  head 0.182  bwd_extra 0.768  peak 4.222
[memsplit] iter 65680  persist 0.348  bb 2.727  head 0.181  bwd_extra 0.876  peak 4.132
[mem] iter  65700 win_alloc 4.222 win_res 5.814 cur_res 5.814 retries 0
[memsplit] iter 65700  persist 0.548  bb 2.724  head 0.182  bwd_extra 0.768  peak 4.222
[memsplit] iter 65720  persist 0.548  bb 2.724  head 0.182  bwd_extra 0.768  peak 4.222
[memsplit] iter 65740  persist 0.548  bb 2.724  head 0.182  bwd_extra 0.768  peak 4.222
[memsplit] iter 65760  persist 0.348  bb 2.727  head 0.181  bwd_extra 0.876  peak 4.132
[memsplit] iter 65780  persist 0.548  bb 2.724  head 0.182  bwd_extra 0.768  peak 4.223
[mem] iter  65800 win_alloc 4.223 win_res 5.814 cur_res 5.814 retries 0
[memsplit] iter 65800  persist 0.548  bb 2.724  head 0.182  bwd_extra 0.768  peak 4.223
[memsplit] iter 65820  persist 0.548  bb 2.724  head 0.182  bwd_extra 0.768  peak 4.223
[memsplit] iter 65840  persist 0.348  bb 2.727  head 0.181  bwd_extra 0.876  peak 4.132
[memsplit] iter 65860  persist 0.548  bb 2.724  head 0.182  bwd_extra 0.768  peak 4.223
[memsplit] iter 65880  persist 0.548  bb 2.724  head 0.182  bwd_extra 0.768  peak 4.223
[mem] iter  65900 win_alloc 4.223 win_res 5.814 cur_res 5.814 retries 0
[memsplit] iter 65900  persist 0.548  bb 2.724  head 0.182  bwd_extra 0.768  peak 4.223
[memsplit] iter 65920  persist 0.348  bb 2.727  head 0.181  bwd_extra 0.876  peak 4.132
[memsplit] iter 65940  persist 0.548  bb 2.724  head 0.182  bwd_extra 0.768  peak 4.223
[memsplit] iter 65960  persist 0.548  bb 2.724  head 0.182  bwd_extra 0.768  peak 4.223
[memsplit] iter 65980  persist 0.548  bb 2.724  head 0.182  bwd_extra 0.768  peak 4.223
[mem] iter  66000 win_alloc 4.223 win_res 5.814 cur_res 5.814 retries 0
Task [66000/100020], Train Loss: 0.0063732, Train Accuracy: 0.9985601
[memsplit] iter 66000  persist 0.347  bb 2.727  head 0.181  bwd_extra 0.876  peak 4.131
[memsplit] iter 66020  persist 0.547  bb 2.724  head 0.182  bwd_extra 0.768  peak 4.222
[memsplit] iter 66040  persist 0.547  bb 2.724  head 0.182  bwd_extra 0.768  peak 4.222
[memsplit] iter 66060  persist 0.547  bb 2.724  head 0.182  bwd_extra 0.768  peak 4.222
[memsplit] iter 66080  persist 0.347  bb 2.727  head 0.181  bwd_extra 0.876  peak 4.131
[mem] iter  66100 win_alloc 4.222 win_res 5.814 cur_res 5.814 retries 0
[memsplit] iter 66100  persist 0.547  bb 2.724  head 0.182  bwd_extra 0.768  peak 4.222
[memsplit] iter 66120  persist 0.547  bb 2.724  head 0.182  bwd_extra 0.768  peak 4.222
[memsplit] iter 66140  persist 0.547  bb 2.724  head 0.182  bwd_extra 0.768  peak 4.222
[memsplit] iter 66160  persist 0.347  bb 2.727  head 0.181  bwd_extra 0.876  peak 4.131
[memsplit] iter 66180  persist 0.547  bb 2.724  head 0.182  bwd_extra 0.768  peak 4.222
[mem] iter  66200 win_alloc 4.222 win_res 5.814 cur_res 5.814 retries 0
[memsplit] iter 66200  persist 0.547  bb 2.724  head 0.182  bwd_extra 0.768  peak 4.222
[memsplit] iter 66220  persist 0.547  bb 2.724  head 0.182  bwd_extra 0.768  peak 4.222
[memsplit] iter 66240  persist 0.347  bb 2.727  head 0.181  bwd_extra 0.876  peak 4.131
[memsplit] iter 66260  persist 0.547  bb 2.724  head 0.182  bwd_extra 0.768  peak 4.222
[memsplit] iter 66280  persist 0.547  bb 2.724  head 0.182  bwd_extra 0.768  peak 4.222
[mem] iter  66300 win_alloc 4.222 win_res 5.814 cur_res 5.814 retries 0
[memsplit] iter 66300  persist 0.547  bb 2.724  head 0.182  bwd_extra 0.768  peak 4.222
[memsplit] iter 66320  persist 0.348  bb 2.727  head 0.181  bwd_extra 0.876  peak 4.131
[memsplit] iter 66340  persist 0.547  bb 2.724  head 0.182  bwd_extra 0.768  peak 4.222
[memsplit] iter 66360  persist 0.547  bb 2.724  head 0.182  bwd_extra 0.768  peak 4.222
[memsplit] iter 66380  persist 0.547  bb 2.724  head 0.182  bwd_extra 0.768  peak 4.222
[mem] iter  66400 win_alloc 4.222 win_res 5.814 cur_res 5.814 retries 0
[memsplit] iter 66400  persist 0.348  bb 2.727  head 0.181  bwd_extra 0.876  peak 4.131
[memsplit] iter 66420  persist 0.547  bb 2.724  head 0.182  bwd_extra 0.768  peak 4.222
[memsplit] iter 66440  persist 0.547  bb 2.724  head 0.182  bwd_extra 0.768  peak 4.222
[memsplit] iter 66460  persist 0.547  bb 2.724  head 0.182  bwd_extra 0.768  peak 4.222
[memsplit] iter 66480  persist 0.348  bb 2.727  head 0.181  bwd_extra 0.876  peak 4.131
[mem] iter  66500 win_alloc 4.222 win_res 5.814 cur_res 5.814 retries 0
[memsplit] iter 66500  persist 0.547  bb 2.724  head 0.182  bwd_extra 0.768  peak 4.222
[memsplit] iter 66520  persist 0.547  bb 2.724  head 0.182  bwd_extra 0.768  peak 4.222
[memsplit] iter 66540  persist 0.547  bb 2.724  head 0.182  bwd_extra 0.768  peak 4.222
[memsplit] iter 66560  persist 0.348  bb 2.727  head 0.181  bwd_extra 0.876  peak 4.132
[memsplit] iter 66580  persist 0.547  bb 2.724  head 0.182  bwd_extra 0.768  peak 4.222
[mem] iter  66600 win_alloc 4.222 win_res 5.814 cur_res 5.814 retries 0
[memsplit] iter 66600  persist 0.547  bb 2.724  head 0.182  bwd_extra 0.768  peak 4.222
[memsplit] iter 66620  persist 0.548  bb 2.724  head 0.182  bwd_extra 0.768  peak 4.222
[memsplit] iter 66640  persist 0.348  bb 2.727  head 0.181  bwd_extra 0.876  peak 4.132
[memsplit] iter 66660  persist 0.548  bb 2.724  head 0.182  bwd_extra 0.768  peak 4.222
[memsplit] iter 66680  persist 0.548  bb 2.724  head 0.182  bwd_extra 0.768  peak 4.222
[mem] iter  66700 win_alloc 4.222 win_res 5.814 cur_res 5.814 retries 0
[memsplit] iter 66700  persist 0.548  bb 2.724  head 0.182  bwd_extra 0.768  peak 4.222
[memsplit] iter 66720  persist 0.348  bb 2.727  head 0.181  bwd_extra 0.876  peak 4.132
[memsplit] iter 66740  persist 0.548  bb 2.724  head 0.182  bwd_extra 0.768  peak 4.222
[memsplit] iter 66760  persist 0.548  bb 2.724  head 0.182  bwd_extra 0.768  peak 4.223
[memsplit] iter 66780  persist 0.548  bb 2.724  head 0.182  bwd_extra 0.768  peak 4.223
[mem] iter  66800 win_alloc 4.223 win_res 5.814 cur_res 5.814 retries 0
[memsplit] iter 66800  persist 0.348  bb 2.727  head 0.181  bwd_extra 0.876  peak 4.132
[memsplit] iter 66820  persist 0.548  bb 2.724  head 0.182  bwd_extra 0.768  peak 4.223
[memsplit] iter 66840  persist 0.548  bb 2.724  head 0.182  bwd_extra 0.768  peak 4.223
[memsplit] iter 66860  persist 0.548  bb 2.724  head 0.182  bwd_extra 0.768  peak 4.223
[memsplit] iter 66880  persist 0.348  bb 2.727  head 0.181  bwd_extra 0.876  peak 4.132
[mem] iter  66900 win_alloc 4.223 win_res 5.814 cur_res 5.814 retries 0
[memsplit] iter 66900  persist 0.548  bb 2.724  head 0.182  bwd_extra 0.768  peak 4.223
[memsplit] iter 66920  persist 0.548  bb 2.724  head 0.182  bwd_extra 0.768  peak 4.223
[memsplit] iter 66940  persist 0.548  bb 2.724  head 0.182  bwd_extra 0.768  peak 4.223
[memsplit] iter 66960  persist 0.348  bb 2.727  head 0.181  bwd_extra 0.876  peak 4.132
[memsplit] iter 66980  persist 0.548  bb 2.724  head 0.182  bwd_extra 0.768  peak 4.223
[mem] iter  67000 win_alloc 4.223 win_res 5.814 cur_res 5.814 retries 0
Task [67000/100020], Train Loss: 0.0114826, Train Accuracy: 0.9975200
[memsplit] iter 67000  persist 0.547  bb 2.724  head 0.182  bwd_extra 0.768  peak 4.222
[memsplit] iter 67020  persist 0.547  bb 2.724  head 0.182  bwd_extra 0.768  peak 4.222
[memsplit] iter 67040  persist 0.347  bb 2.727  head 0.181  bwd_extra 0.876  peak 4.131
[memsplit] iter 67060  persist 0.547  bb 2.724  head 0.182  bwd_extra 0.768  peak 4.222
[memsplit] iter 67080  persist 0.547  bb 2.724  head 0.182  bwd_extra 0.768  peak 4.222
[mem] iter  67100 win_alloc 4.222 win_res 5.814 cur_res 5.814 retries 0
[memsplit] iter 67100  persist 0.547  bb 2.724  head 0.182  bwd_extra 0.768  peak 4.222
[memsplit] iter 67120  persist 0.347  bb 2.727  head 0.181  bwd_extra 0.876  peak 4.131
[memsplit] iter 67140  persist 0.547  bb 2.724  head 0.182  bwd_extra 0.768  peak 4.222
[memsplit] iter 67160  persist 0.547  bb 2.724  head 0.182  bwd_extra 0.768  peak 4.222
[memsplit] iter 67180  persist 0.547  bb 2.724  head 0.182  bwd_extra 0.768  peak 4.222
[mem] iter  67200 win_alloc 4.222 win_res 5.814 cur_res 5.814 retries 0
[memsplit] iter 67200  persist 0.347  bb 2.727  head 0.181  bwd_extra 0.876  peak 4.131
[memsplit] iter 67220  persist 0.547  bb 2.724  head 0.182  bwd_extra 0.768  peak 4.222
[memsplit] iter 67240  persist 0.547  bb 2.724  head 0.182  bwd_extra 0.768  peak 4.222
[memsplit] iter 67260  persist 0.547  bb 2.724  head 0.182  bwd_extra 0.768  peak 4.222
[memsplit] iter 67280  persist 0.348  bb 2.727  head 0.181  bwd_extra 0.876  peak 4.131
[mem] iter  67300 win_alloc 4.222 win_res 5.814 cur_res 5.814 retries 0
[memsplit] iter 67300  persist 0.547  bb 2.724  head 0.182  bwd_extra 0.768  peak 4.222
[memsplit] iter 67320  persist 0.547  bb 2.724  head 0.182  bwd_extra 0.768  peak 4.222
[memsplit] iter 67340  persist 0.547  bb 2.724  head 0.182  bwd_extra 0.768  peak 4.222
[memsplit] iter 67360  persist 0.348  bb 2.727  head 0.181  bwd_extra 0.876  peak 4.131
[memsplit] iter 67380  persist 0.547  bb 2.724  head 0.182  bwd_extra 0.768  peak 4.222
[mem] iter  67400 win_alloc 4.222 win_res 5.814 cur_res 5.814 retries 0
[memsplit] iter 67400  persist 0.547  bb 2.724  head 0.182  bwd_extra 0.768  peak 4.222
[memsplit] iter 67420  persist 0.547  bb 2.724  head 0.182  bwd_extra 0.768  peak 4.222
[memsplit] iter 67440  persist 0.348  bb 2.727  head 0.181  bwd_extra 0.876  peak 4.131
[memsplit] iter 67460  persist 0.547  bb 2.724  head 0.182  bwd_extra 0.768  peak 4.222
[memsplit] iter 67480  persist 0.547  bb 2.724  head 0.182  bwd_extra 0.768  peak 4.222
[mem] iter  67500 win_alloc 4.222 win_res 5.814 cur_res 5.814 retries 0
[memsplit] iter 67500  persist 0.547  bb 2.724  head 0.182  bwd_extra 0.768  peak 4.222
[memsplit] iter 67520  persist 0.348  bb 2.727  head 0.181  bwd_extra 0.876  peak 4.131
[memsplit] iter 67540  persist 0.547  bb 2.724  head 0.182  bwd_extra 0.768  peak 4.222
[memsplit] iter 67560  persist 0.547  bb 2.724  head 0.182  bwd_extra 0.768  peak 4.222
[memsplit] iter 67580  persist 0.547  bb 2.724  head 0.182  bwd_extra 0.768  peak 4.222
[mem] iter  67600 win_alloc 4.222 win_res 5.814 cur_res 5.814 retries 0
[memsplit] iter 67600  persist 0.348  bb 2.727  head 0.181  bwd_extra 0.876  peak 4.132
[memsplit] iter 67620  persist 0.548  bb 2.724  head 0.182  bwd_extra 0.768  peak 4.222
[memsplit] iter 67640  persist 0.548  bb 2.724  head 0.182  bwd_extra 0.768  peak 4.222
[memsplit] iter 67660  persist 0.548  bb 2.724  head 0.182  bwd_extra 0.768  peak 4.222
[memsplit] iter 67680  persist 0.348  bb 2.727  head 0.181  bwd_extra 0.876  peak 4.132
[mem] iter  67700 win_alloc 4.222 win_res 5.814 cur_res 5.814 retries 0
[memsplit] iter 67700  persist 0.548  bb 2.724  head 0.182  bwd_extra 0.768  peak 4.222
[memsplit] iter 67720  persist 0.548  bb 2.724  head 0.182  bwd_extra 0.768  peak 4.222
[memsplit] iter 67740  persist 0.548  bb 2.724  head 0.182  bwd_extra 0.768  peak 4.222
[memsplit] iter 67760  persist 0.348  bb 2.727  head 0.181  bwd_extra 0.876  peak 4.132
[memsplit] iter 67780  persist 0.548  bb 2.724  head 0.182  bwd_extra 0.768  peak 4.223
[mem] iter  67800 win_alloc 4.223 win_res 5.814 cur_res 5.814 retries 0
[memsplit] iter 67800  persist 0.548  bb 2.724  head 0.182  bwd_extra 0.768  peak 4.223
[memsplit] iter 67820  persist 0.548  bb 2.724  head 0.182  bwd_extra 0.768  peak 4.223
[memsplit] iter 67840  persist 0.348  bb 2.727  head 0.181  bwd_extra 0.876  peak 4.132
[memsplit] iter 67860  persist 0.548  bb 2.724  head 0.182  bwd_extra 0.768  peak 4.223
[memsplit] iter 67880  persist 0.548  bb 2.724  head 0.182  bwd_extra 0.768  peak 4.223
[mem] iter  67900 win_alloc 4.223 win_res 5.814 cur_res 5.814 retries 0
[memsplit] iter 67900  persist 0.548  bb 2.724  head 0.182  bwd_extra 0.768  peak 4.223
[memsplit] iter 67920  persist 0.348  bb 2.727  head 0.181  bwd_extra 0.876  peak 4.132
[memsplit] iter 67940  persist 0.548  bb 2.724  head 0.182  bwd_extra 0.768  peak 4.223
[memsplit] iter 67960  persist 0.548  bb 2.724  head 0.182  bwd_extra 0.768  peak 4.223
[memsplit] iter 67980  persist 0.548  bb 2.724  head 0.182  bwd_extra 0.768  peak 4.223
[mem] iter  68000 win_alloc 4.223 win_res 5.814 cur_res 5.814 retries 0
Task [68000/100020], Train Loss: 0.0083860, Train Accuracy: 0.9980399
[memsplit] iter 68000  persist 0.347  bb 2.727  head 0.181  bwd_extra 0.876  peak 4.131
[memsplit] iter 68020  persist 0.547  bb 2.724  head 0.182  bwd_extra 0.768  peak 4.222
[memsplit] iter 68040  persist 0.547  bb 2.724  head 0.182  bwd_extra 0.768  peak 4.222
[memsplit] iter 68060  persist 0.547  bb 2.724  head 0.182  bwd_extra 0.768  peak 4.222
[memsplit] iter 68080  persist 0.347  bb 2.727  head 0.181  bwd_extra 0.876  peak 4.131
[mem] iter  68100 win_alloc 4.222 win_res 5.814 cur_res 5.814 retries 0
[memsplit] iter 68100  persist 0.547  bb 2.724  head 0.182  bwd_extra 0.768  peak 4.222
[memsplit] iter 68120  persist 0.547  bb 2.724  head 0.182  bwd_extra 0.768  peak 4.222
[memsplit] iter 68140  persist 0.547  bb 2.724  head 0.182  bwd_extra 0.768  peak 4.222
[memsplit] iter 68160  persist 0.347  bb 2.727  head 0.181  bwd_extra 0.876  peak 4.131
[memsplit] iter 68180  persist 0.547  bb 2.724  head 0.182  bwd_extra 0.768  peak 4.222
[mem] iter  68200 win_alloc 4.222 win_res 5.814 cur_res 5.814 retries 0
[memsplit] iter 68200  persist 0.547  bb 2.724  head 0.182  bwd_extra 0.768  peak 4.222
[memsplit] iter 68220  persist 0.547  bb 2.724  head 0.182  bwd_extra 0.768  peak 4.222
[memsplit] iter 68240  persist 0.347  bb 2.727  head 0.181  bwd_extra 0.876  peak 4.131
[memsplit] iter 68260  persist 0.547  bb 2.724  head 0.182  bwd_extra 0.768  peak 4.222
[memsplit] iter 68280  persist 0.547  bb 2.724  head 0.182  bwd_extra 0.768  peak 4.222
[mem] iter  68300 win_alloc 4.222 win_res 5.814 cur_res 5.814 retries 0
[memsplit] iter 68300  persist 0.547  bb 2.724  head 0.182  bwd_extra 0.768  peak 4.222
[memsplit] iter 68320  persist 0.348  bb 2.727  head 0.181  bwd_extra 0.876  peak 4.131
[memsplit] iter 68340  persist 0.547  bb 2.724  head 0.182  bwd_extra 0.768  peak 4.222
[memsplit] iter 68360  persist 0.547  bb 2.724  head 0.182  bwd_extra 0.768  peak 4.222
[memsplit] iter 68380  persist 0.547  bb 2.724  head 0.182  bwd_extra 0.768  peak 4.222
[mem] iter  68400 win_alloc 4.222 win_res 5.814 cur_res 5.814 retries 0
[memsplit] iter 68400  persist 0.348  bb 2.727  head 0.181  bwd_extra 0.876  peak 4.131
[memsplit] iter 68420  persist 0.547  bb 2.724  head 0.182  bwd_extra 0.768  peak 4.222
[memsplit] iter 68440  persist 0.547  bb 2.724  head 0.182  bwd_extra 0.768  peak 4.222
[memsplit] iter 68460  persist 0.547  bb 2.724  head 0.182  bwd_extra 0.768  peak 4.222
[memsplit] iter 68480  persist 0.348  bb 2.727  head 0.181  bwd_extra 0.876  peak 4.131
[mem] iter  68500 win_alloc 4.222 win_res 5.814 cur_res 5.814 retries 0
[memsplit] iter 68500  persist 0.547  bb 2.724  head 0.182  bwd_extra 0.768  peak 4.222
[memsplit] iter 68520  persist 0.547  bb 2.724  head 0.182  bwd_extra 0.768  peak 4.222
[memsplit] iter 68540  persist 0.547  bb 2.724  head 0.182  bwd_extra 0.768  peak 4.222
[memsplit] iter 68560  persist 0.348  bb 2.727  head 0.181  bwd_extra 0.876  peak 4.132
[memsplit] iter 68580  persist 0.547  bb 2.724  head 0.182  bwd_extra 0.768  peak 4.222
[mem] iter  68600 win_alloc 4.222 win_res 5.814 cur_res 5.814 retries 0
[memsplit] iter 68600  persist 0.547  bb 2.724  head 0.182  bwd_extra 0.768  peak 4.222
[memsplit] iter 68620  persist 0.548  bb 2.724  head 0.182  bwd_extra 0.768  peak 4.222
[memsplit] iter 68640  persist 0.348  bb 2.727  head 0.181  bwd_extra 0.876  peak 4.132
[memsplit] iter 68660  persist 0.548  bb 2.724  head 0.182  bwd_extra 0.768  peak 4.222
[memsplit] iter 68680  persist 0.548  bb 2.724  head 0.182  bwd_extra 0.768  peak 4.222
[mem] iter  68700 win_alloc 4.222 win_res 5.814 cur_res 5.814 retries 0
[memsplit] iter 68700  persist 0.548  bb 2.724  head 0.182  bwd_extra 0.768  peak 4.222
[memsplit] iter 68720  persist 0.348  bb 2.727  head 0.181  bwd_extra 0.876  peak 4.132
[memsplit] iter 68740  persist 0.548  bb 2.724  head 0.182  bwd_extra 0.768  peak 4.222
[memsplit] iter 68760  persist 0.548  bb 2.724  head 0.182  bwd_extra 0.768  peak 4.223
[memsplit] iter 68780  persist 0.548  bb 2.724  head 0.182  bwd_extra 0.768  peak 4.223
[mem] iter  68800 win_alloc 4.223 win_res 5.814 cur_res 5.814 retries 0
[memsplit] iter 68800  persist 0.348  bb 2.727  head 0.181  bwd_extra 0.876  peak 4.132
[memsplit] iter 68820  persist 0.548  bb 2.724  head 0.182  bwd_extra 0.768  peak 4.223
[memsplit] iter 68840  persist 0.548  bb 2.724  head 0.182  bwd_extra 0.768  peak 4.223
[memsplit] iter 68860  persist 0.548  bb 2.724  head 0.182  bwd_extra 0.768  peak 4.223
[memsplit] iter 68880  persist 0.348  bb 2.727  head 0.181  bwd_extra 0.876  peak 4.132
[mem] iter  68900 win_alloc 4.223 win_res 5.814 cur_res 5.814 retries 0
[memsplit] iter 68900  persist 0.548  bb 2.724  head 0.182  bwd_extra 0.768  peak 4.223
[memsplit] iter 68920  persist 0.548  bb 2.724  head 0.182  bwd_extra 0.768  peak 4.223
[memsplit] iter 68940  persist 0.548  bb 2.724  head 0.182  bwd_extra 0.768  peak 4.223
[memsplit] iter 68960  persist 0.348  bb 2.727  head 0.181  bwd_extra 0.876  peak 4.132
[memsplit] iter 68980  persist 0.548  bb 2.724  head 0.182  bwd_extra 0.768  peak 4.223
[mem] iter  69000 win_alloc 4.223 win_res 5.814 cur_res 5.814 retries 0
Task [69000/100020], Train Loss: 0.0076153, Train Accuracy: 0.9982400
[memsplit] iter 69000  persist 0.547  bb 2.724  head 0.182  bwd_extra 0.768  peak 4.222
[memsplit] iter 69020  persist 0.547  bb 2.724  head 0.182  bwd_extra 0.768  peak 4.222
[memsplit] iter 69040  persist 0.347  bb 2.727  head 0.181  bwd_extra 0.876  peak 4.131
[memsplit] iter 69060  persist 0.547  bb 2.724  head 0.182  bwd_extra 0.768  peak 4.222
[memsplit] iter 69080  persist 0.547  bb 2.724  head 0.182  bwd_extra 0.768  peak 4.222
[mem] iter  69100 win_alloc 4.222 win_res 5.814 cur_res 5.814 retries 0
[memsplit] iter 69100  persist 0.547  bb 2.724  head 0.182  bwd_extra 0.768  peak 4.222
[memsplit] iter 69120  persist 0.347  bb 2.727  head 0.181  bwd_extra 0.876  peak 4.131
[memsplit] iter 69140  persist 0.547  bb 2.724  head 0.182  bwd_extra 0.768  peak 4.222
[memsplit] iter 69160  persist 0.547  bb 2.724  head 0.182  bwd_extra 0.768  peak 4.222
[memsplit] iter 69180  persist 0.547  bb 2.724  head 0.182  bwd_extra 0.768  peak 4.222
[mem] iter  69200 win_alloc 4.222 win_res 5.814 cur_res 5.814 retries 0
[memsplit] iter 69200  persist 0.347  bb 2.727  head 0.181  bwd_extra 0.876  peak 4.131
[memsplit] iter 69220  persist 0.547  bb 2.724  head 0.182  bwd_extra 0.768  peak 4.222
[memsplit] iter 69240  persist 0.547  bb 2.724  head 0.182  bwd_extra 0.768  peak 4.222
[memsplit] iter 69260  persist 0.547  bb 2.724  head 0.182  bwd_extra 0.768  peak 4.222
[memsplit] iter 69280  persist 0.348  bb 2.727  head 0.181  bwd_extra 0.876  peak 4.131
[mem] iter  69300 win_alloc 4.222 win_res 5.814 cur_res 5.814 retries 0
[memsplit] iter 69300  persist 0.547  bb 2.724  head 0.182  bwd_extra 0.768  peak 4.222
[memsplit] iter 69320  persist 0.547  bb 2.724  head 0.182  bwd_extra 0.768  peak 4.222
[memsplit] iter 69340  persist 0.547  bb 2.724  head 0.182  bwd_extra 0.768  peak 4.222
[memsplit] iter 69360  persist 0.348  bb 2.727  head 0.181  bwd_extra 0.876  peak 4.131
[memsplit] iter 69380  persist 0.547  bb 2.724  head 0.182  bwd_extra 0.768  peak 4.222
[mem] iter  69400 win_alloc 4.222 win_res 5.814 cur_res 5.814 retries 0
[memsplit] iter 69400  persist 0.547  bb 2.724  head 0.182  bwd_extra 0.768  peak 4.222
[memsplit] iter 69420  persist 0.547  bb 2.724  head 0.182  bwd_extra 0.768  peak 4.222
[memsplit] iter 69440  persist 0.348  bb 2.727  head 0.181  bwd_extra 0.876  peak 4.131
[memsplit] iter 69460  persist 0.547  bb 2.724  head 0.182  bwd_extra 0.768  peak 4.222
[memsplit] iter 69480  persist 0.547  bb 2.724  head 0.182  bwd_extra 0.768  peak 4.222
[mem] iter  69500 win_alloc 4.222 win_res 5.814 cur_res 5.814 retries 0
[memsplit] iter 69500  persist 0.547  bb 2.724  head 0.182  bwd_extra 0.768  peak 4.222
[memsplit] iter 69520  persist 0.348  bb 2.727  head 0.181  bwd_extra 0.876  peak 4.131
[memsplit] iter 69540  persist 0.547  bb 2.724  head 0.182  bwd_extra 0.768  peak 4.222
[memsplit] iter 69560  persist 0.547  bb 2.724  head 0.182  bwd_extra 0.768  peak 4.222
[memsplit] iter 69580  persist 0.547  bb 2.724  head 0.182  bwd_extra 0.768  peak 4.222
[mem] iter  69600 win_alloc 4.222 win_res 5.814 cur_res 5.814 retries 0
[memsplit] iter 69600  persist 0.348  bb 2.727  head 0.181  bwd_extra 0.876  peak 4.132
[memsplit] iter 69620  persist 0.548  bb 2.724  head 0.182  bwd_extra 0.768  peak 4.222
[memsplit] iter 69640  persist 0.548  bb 2.724  head 0.182  bwd_extra 0.768  peak 4.222
[memsplit] iter 69660  persist 0.548  bb 2.724  head 0.182  bwd_extra 0.768  peak 4.222
[memsplit] iter 69680  persist 0.348  bb 2.727  head 0.181  bwd_extra 0.876  peak 4.132
[mem] iter  69700 win_alloc 4.222 win_res 5.814 cur_res 5.814 retries 0
[memsplit] iter 69700  persist 0.548  bb 2.724  head 0.182  bwd_extra 0.768  peak 4.222
[memsplit] iter 69720  persist 0.548  bb 2.724  head 0.182  bwd_extra 0.768  peak 4.222
[memsplit] iter 69740  persist 0.548  bb 2.724  head 0.182  bwd_extra 0.768  peak 4.222
[memsplit] iter 69760  persist 0.348  bb 2.727  head 0.181  bwd_extra 0.876  peak 4.132
[memsplit] iter 69780  persist 0.548  bb 2.724  head 0.182  bwd_extra 0.768  peak 4.223
[mem] iter  69800 win_alloc 4.223 win_res 5.814 cur_res 5.814 retries 0
[memsplit] iter 69800  persist 0.548  bb 2.724  head 0.182  bwd_extra 0.768  peak 4.223
[memsplit] iter 69820  persist 0.548  bb 2.724  head 0.182  bwd_extra 0.768  peak 4.223
[memsplit] iter 69840  persist 0.348  bb 2.727  head 0.181  bwd_extra 0.876  peak 4.132
[memsplit] iter 69860  persist 0.548  bb 2.724  head 0.182  bwd_extra 0.768  peak 4.223
[memsplit] iter 69880  persist 0.548  bb 2.724  head 0.182  bwd_extra 0.768  peak 4.223
[mem] iter  69900 win_alloc 4.223 win_res 5.814 cur_res 5.814 retries 0
[memsplit] iter 69900  persist 0.548  bb 2.724  head 0.182  bwd_extra 0.768  peak 4.223
[memsplit] iter 69920  persist 0.348  bb 2.727  head 0.181  bwd_extra 0.876  peak 4.132
[memsplit] iter 69940  persist 0.548  bb 2.724  head 0.182  bwd_extra 0.768  peak 4.223
[memsplit] iter 69960  persist 0.548  bb 2.724  head 0.182  bwd_extra 0.768  peak 4.223
[memsplit] iter 69980  persist 0.548  bb 2.724  head 0.182  bwd_extra 0.768  peak 4.223
[mem] iter  70000 win_alloc 4.223 win_res 5.814 cur_res 5.814 retries 0
Task [70000/100020], Train Loss: 0.0072464, Train Accuracy: 0.9984800
[memsplit] iter 70000  persist 0.347  bb 2.727  head 0.181  bwd_extra 0.876  peak 4.131
[memsplit] iter 70020  persist 0.547  bb 2.724  head 0.182  bwd_extra 0.768  peak 4.222
[memsplit] iter 70040  persist 0.547  bb 2.724  head 0.182  bwd_extra 0.768  peak 4.222
[memsplit] iter 70060  persist 0.547  bb 2.724  head 0.182  bwd_extra 0.768  peak 4.222
[memsplit] iter 70080  persist 0.347  bb 2.727  head 0.181  bwd_extra 0.876  peak 4.131
[mem] iter  70100 win_alloc 4.222 win_res 5.814 cur_res 5.814 retries 0
[memsplit] iter 70100  persist 0.547  bb 2.724  head 0.182  bwd_extra 0.768  peak 4.222
[memsplit] iter 70120  persist 0.547  bb 2.724  head 0.182  bwd_extra 0.768  peak 4.222
[memsplit] iter 70140  persist 0.547  bb 2.724  head 0.182  bwd_extra 0.768  peak 4.222
[memsplit] iter 70160  persist 0.347  bb 2.727  head 0.181  bwd_extra 0.876  peak 4.131
[memsplit] iter 70180  persist 0.547  bb 2.724  head 0.182  bwd_extra 0.768  peak 4.222
[mem] iter  70200 win_alloc 4.222 win_res 5.814 cur_res 5.814 retries 0
[memsplit] iter 70200  persist 0.547  bb 2.724  head 0.182  bwd_extra 0.768  peak 4.222
[memsplit] iter 70220  persist 0.547  bb 2.724  head 0.182  bwd_extra 0.768  peak 4.222
[memsplit] iter 70240  persist 0.347  bb 2.727  head 0.181  bwd_extra 0.876  peak 4.131
[memsplit] iter 70260  persist 0.547  bb 2.724  head 0.182  bwd_extra 0.768  peak 4.222
[memsplit] iter 70280  persist 0.547  bb 2.724  head 0.182  bwd_extra 0.768  peak 4.222
[mem] iter  70300 win_alloc 4.222 win_res 5.814 cur_res 5.814 retries 0
[memsplit] iter 70300  persist 0.547  bb 2.724  head 0.182  bwd_extra 0.768  peak 4.222
[memsplit] iter 70320  persist 0.348  bb 2.727  head 0.181  bwd_extra 0.876  peak 4.131
[memsplit] iter 70340  persist 0.547  bb 2.724  head 0.182  bwd_extra 0.768  peak 4.222
[memsplit] iter 70360  persist 0.547  bb 2.724  head 0.182  bwd_extra 0.768  peak 4.222
[memsplit] iter 70380  persist 0.547  bb 2.724  head 0.182  bwd_extra 0.768  peak 4.222
[mem] iter  70400 win_alloc 4.222 win_res 5.814 cur_res 5.814 retries 0
[memsplit] iter 70400  persist 0.348  bb 2.727  head 0.181  bwd_extra 0.876  peak 4.131
[memsplit] iter 70420  persist 0.547  bb 2.724  head 0.182  bwd_extra 0.768  peak 4.222
[memsplit] iter 70440  persist 0.547  bb 2.724  head 0.182  bwd_extra 0.768  peak 4.222
[memsplit] iter 70460  persist 0.547  bb 2.724  head 0.182  bwd_extra 0.768  peak 4.222
[memsplit] iter 70480  persist 0.348  bb 2.727  head 0.181  bwd_extra 0.876  peak 4.131
[mem] iter  70500 win_alloc 4.222 win_res 5.814 cur_res 5.814 retries 0
[memsplit] iter 70500  persist 0.547  bb 2.724  head 0.182  bwd_extra 0.768  peak 4.222
[memsplit] iter 70520  persist 0.547  bb 2.724  head 0.182  bwd_extra 0.768  peak 4.222
[memsplit] iter 70540  persist 0.547  bb 2.724  head 0.182  bwd_extra 0.768  peak 4.222
[memsplit] iter 70560  persist 0.348  bb 2.727  head 0.181  bwd_extra 0.876  peak 4.132
[memsplit] iter 70580  persist 0.547  bb 2.724  head 0.182  bwd_extra 0.768  peak 4.222
[mem] iter  70600 win_alloc 4.222 win_res 5.814 cur_res 5.814 retries 0
[memsplit] iter 70600  persist 0.547  bb 2.724  head 0.182  bwd_extra 0.768  peak 4.222
[memsplit] iter 70620  persist 0.548  bb 2.724  head 0.182  bwd_extra 0.768  peak 4.222
[memsplit] iter 70640  persist 0.348  bb 2.727  head 0.181  bwd_extra 0.876  peak 4.132
[memsplit] iter 70660  persist 0.548  bb 2.724  head 0.182  bwd_extra 0.768  peak 4.222
[memsplit] iter 70680  persist 0.548  bb 2.724  head 0.182  bwd_extra 0.768  peak 4.222
[mem] iter  70700 win_alloc 4.222 win_res 5.814 cur_res 5.814 retries 0
[memsplit] iter 70700  persist 0.548  bb 2.724  head 0.182  bwd_extra 0.768  peak 4.222
[memsplit] iter 70720  persist 0.348  bb 2.727  head 0.181  bwd_extra 0.876  peak 4.132
[memsplit] iter 70740  persist 0.548  bb 2.724  head 0.182  bwd_extra 0.768  peak 4.222
[memsplit] iter 70760  persist 0.548  bb 2.724  head 0.182  bwd_extra 0.768  peak 4.223
[memsplit] iter 70780  persist 0.548  bb 2.724  head 0.182  bwd_extra 0.768  peak 4.223
[mem] iter  70800 win_alloc 4.223 win_res 5.814 cur_res 5.814 retries 0
[memsplit] iter 70800  persist 0.348  bb 2.727  head 0.181  bwd_extra 0.876  peak 4.132
[memsplit] iter 70820  persist 0.548  bb 2.724  head 0.182  bwd_extra 0.768  peak 4.223
[memsplit] iter 70840  persist 0.548  bb 2.724  head 0.182  bwd_extra 0.768  peak 4.223
[memsplit] iter 70860  persist 0.548  bb 2.724  head 0.182  bwd_extra 0.768  peak 4.223
[memsplit] iter 70880  persist 0.348  bb 2.727  head 0.181  bwd_extra 0.876  peak 4.132
[mem] iter  70900 win_alloc 4.223 win_res 5.814 cur_res 5.814 retries 0
[memsplit] iter 70900  persist 0.548  bb 2.724  head 0.182  bwd_extra 0.768  peak 4.223
[memsplit] iter 70920  persist 0.548  bb 2.724  head 0.182  bwd_extra 0.768  peak 4.223
[memsplit] iter 70940  persist 0.548  bb 2.724  head 0.182  bwd_extra 0.768  peak 4.223
[memsplit] iter 70960  persist 0.348  bb 2.727  head 0.181  bwd_extra 0.876  peak 4.132
[memsplit] iter 70980  persist 0.548  bb 2.724  head 0.182  bwd_extra 0.768  peak 4.223
[mem] iter  71000 win_alloc 4.223 win_res 5.814 cur_res 5.814 retries 0
Task [71000/100020], Train Loss: 0.0076531, Train Accuracy: 0.9981999
[memsplit] iter 71000  persist 0.547  bb 2.724  head 0.182  bwd_extra 0.768  peak 4.222
[memsplit] iter 71020  persist 0.547  bb 2.724  head 0.182  bwd_extra 0.768  peak 4.222
[memsplit] iter 71040  persist 0.347  bb 2.727  head 0.181  bwd_extra 0.876  peak 4.131
[memsplit] iter 71060  persist 0.547  bb 2.724  head 0.182  bwd_extra 0.768  peak 4.222
[memsplit] iter 71080  persist 0.547  bb 2.724  head 0.182  bwd_extra 0.768  peak 4.222
[mem] iter  71100 win_alloc 4.222 win_res 5.814 cur_res 5.814 retries 0
[memsplit] iter 71100  persist 0.547  bb 2.724  head 0.182  bwd_extra 0.768  peak 4.222
[memsplit] iter 71120  persist 0.347  bb 2.727  head 0.181  bwd_extra 0.876  peak 4.131
[memsplit] iter 71140  persist 0.547  bb 2.724  head 0.182  bwd_extra 0.768  peak 4.222
[memsplit] iter 71160  persist 0.547  bb 2.724  head 0.182  bwd_extra 0.768  peak 4.222
[memsplit] iter 71180  persist 0.547  bb 2.724  head 0.182  bwd_extra 0.768  peak 4.222
[mem] iter  71200 win_alloc 4.222 win_res 5.814 cur_res 5.814 retries 0
[memsplit] iter 71200  persist 0.347  bb 2.727  head 0.181  bwd_extra 0.876  peak 4.131
[memsplit] iter 71220  persist 0.547  bb 2.724  head 0.182  bwd_extra 0.768  peak 4.222
[memsplit] iter 71240  persist 0.547  bb 2.724  head 0.182  bwd_extra 0.768  peak 4.222
[memsplit] iter 71260  persist 0.547  bb 2.724  head 0.182  bwd_extra 0.768  peak 4.222
[memsplit] iter 71280  persist 0.348  bb 2.727  head 0.181  bwd_extra 0.876  peak 4.131
[mem] iter  71300 win_alloc 4.222 win_res 5.814 cur_res 5.814 retries 0
[memsplit] iter 71300  persist 0.547  bb 2.724  head 0.182  bwd_extra 0.768  peak 4.222
[memsplit] iter 71320  persist 0.547  bb 2.724  head 0.182  bwd_extra 0.768  peak 4.222
[memsplit] iter 71340  persist 0.547  bb 2.724  head 0.182  bwd_extra 0.768  peak 4.222
[memsplit] iter 71360  persist 0.348  bb 2.727  head 0.181  bwd_extra 0.876  peak 4.131
[memsplit] iter 71380  persist 0.547  bb 2.724  head 0.182  bwd_extra 0.768  peak 4.222
[mem] iter  71400 win_alloc 4.222 win_res 5.814 cur_res 5.814 retries 0
[memsplit] iter 71400  persist 0.547  bb 2.724  head 0.182  bwd_extra 0.768  peak 4.222
[memsplit] iter 71420  persist 0.547  bb 2.724  head 0.182  bwd_extra 0.768  peak 4.222
[memsplit] iter 71440  persist 0.348  bb 2.727  head 0.181  bwd_extra 0.876  peak 4.131
[memsplit] iter 71460  persist 0.547  bb 2.724  head 0.182  bwd_extra 0.768  peak 4.222
[memsplit] iter 71480  persist 0.547  bb 2.724  head 0.182  bwd_extra 0.768  peak 4.222
[mem] iter  71500 win_alloc 4.222 win_res 5.814 cur_res 5.814 retries 0
[memsplit] iter 71500  persist 0.547  bb 2.724  head 0.182  bwd_extra 0.768  peak 4.222
[memsplit] iter 71520  persist 0.348  bb 2.727  head 0.181  bwd_extra 0.876  peak 4.131
[memsplit] iter 71540  persist 0.547  bb 2.724  head 0.182  bwd_extra 0.768  peak 4.222
[memsplit] iter 71560  persist 0.547  bb 2.724  head 0.182  bwd_extra 0.768  peak 4.222
[memsplit] iter 71580  persist 0.547  bb 2.724  head 0.182  bwd_extra 0.768  peak 4.222
[mem] iter  71600 win_alloc 4.222 win_res 5.814 cur_res 5.814 retries 0
[memsplit] iter 71600  persist 0.348  bb 2.727  head 0.181  bwd_extra 0.876  peak 4.132
[memsplit] iter 71620  persist 0.548  bb 2.724  head 0.182  bwd_extra 0.768  peak 4.222
[memsplit] iter 71640  persist 0.548  bb 2.724  head 0.182  bwd_extra 0.768  peak 4.222
[memsplit] iter 71660  persist 0.548  bb 2.724  head 0.182  bwd_extra 0.768  peak 4.222
[memsplit] iter 71680  persist 0.348  bb 2.727  head 0.181  bwd_extra 0.876  peak 4.132
[mem] iter  71700 win_alloc 4.222 win_res 5.814 cur_res 5.814 retries 0
[memsplit] iter 71700  persist 0.548  bb 2.724  head 0.182  bwd_extra 0.768  peak 4.222
[memsplit] iter 71720  persist 0.548  bb 2.724  head 0.182  bwd_extra 0.768  peak 4.222
[memsplit] iter 71740  persist 0.548  bb 2.724  head 0.182  bwd_extra 0.768  peak 4.222
[memsplit] iter 71760  persist 0.348  bb 2.727  head 0.181  bwd_extra 0.876  peak 4.132
[memsplit] iter 71780  persist 0.548  bb 2.724  head 0.182  bwd_extra 0.768  peak 4.223
[mem] iter  71800 win_alloc 4.223 win_res 5.814 cur_res 5.814 retries 0
[memsplit] iter 71800  persist 0.548  bb 2.724  head 0.182  bwd_extra 0.768  peak 4.223
[memsplit] iter 71820  persist 0.548  bb 2.724  head 0.182  bwd_extra 0.768  peak 4.223
[memsplit] iter 71840  persist 0.348  bb 2.727  head 0.181  bwd_extra 0.876  peak 4.132
[memsplit] iter 71860  persist 0.548  bb 2.724  head 0.182  bwd_extra 0.768  peak 4.223
[memsplit] iter 71880  persist 0.548  bb 2.724  head 0.182  bwd_extra 0.768  peak 4.223
[mem] iter  71900 win_alloc 4.223 win_res 5.814 cur_res 5.814 retries 0
[memsplit] iter 71900  persist 0.548  bb 2.724  head 0.182  bwd_extra 0.768  peak 4.223
[memsplit] iter 71920  persist 0.348  bb 2.727  head 0.181  bwd_extra 0.876  peak 4.132
[memsplit] iter 71940  persist 0.548  bb 2.724  head 0.182  bwd_extra 0.768  peak 4.223
[memsplit] iter 71960  persist 0.548  bb 2.724  head 0.182  bwd_extra 0.768  peak 4.223
[memsplit] iter 71980  persist 0.548  bb 2.724  head 0.182  bwd_extra 0.768  peak 4.223
[mem] iter  72000 win_alloc 4.223 win_res 5.814 cur_res 5.814 retries 0
Task [72000/100020], Train Loss: 0.0054491, Train Accuracy: 0.9985999
[memsplit] iter 72000  persist 0.347  bb 2.727  head 0.181  bwd_extra 0.876  peak 4.131
[memsplit] iter 72020  persist 0.547  bb 2.724  head 0.182  bwd_extra 0.768  peak 4.222
[memsplit] iter 72040  persist 0.547  bb 2.724  head 0.182  bwd_extra 0.768  peak 4.222
[memsplit] iter 72060  persist 0.547  bb 2.724  head 0.182  bwd_extra 0.768  peak 4.222
[memsplit] iter 72080  persist 0.347  bb 2.727  head 0.181  bwd_extra 0.876  peak 4.131
[mem] iter  72100 win_alloc 4.222 win_res 5.814 cur_res 5.814 retries 0
[memsplit] iter 72100  persist 0.547  bb 2.724  head 0.182  bwd_extra 0.768  peak 4.222
[memsplit] iter 72120  persist 0.547  bb 2.724  head 0.182  bwd_extra 0.768  peak 4.222
[memsplit] iter 72140  persist 0.547  bb 2.724  head 0.182  bwd_extra 0.768  peak 4.222
[memsplit] iter 72160  persist 0.347  bb 2.727  head 0.181  bwd_extra 0.876  peak 4.131
[memsplit] iter 72180  persist 0.547  bb 2.724  head 0.182  bwd_extra 0.768  peak 4.222
[mem] iter  72200 win_alloc 4.222 win_res 5.814 cur_res 5.814 retries 0
[memsplit] iter 72200  persist 0.547  bb 2.724  head 0.182  bwd_extra 0.768  peak 4.222
[memsplit] iter 72220  persist 0.547  bb 2.724  head 0.182  bwd_extra 0.768  peak 4.222
[memsplit] iter 72240  persist 0.347  bb 2.727  head 0.181  bwd_extra 0.876  peak 4.131
[memsplit] iter 72260  persist 0.547  bb 2.724  head 0.182  bwd_extra 0.768  peak 4.222
[memsplit] iter 72280  persist 0.547  bb 2.724  head 0.182  bwd_extra 0.768  peak 4.222
[mem] iter  72300 win_alloc 4.222 win_res 5.814 cur_res 5.814 retries 0
[memsplit] iter 72300  persist 0.547  bb 2.724  head 0.182  bwd_extra 0.768  peak 4.222
[memsplit] iter 72320  persist 0.348  bb 2.727  head 0.181  bwd_extra 0.876  peak 4.131
[memsplit] iter 72340  persist 0.547  bb 2.724  head 0.182  bwd_extra 0.768  peak 4.222
[memsplit] iter 72360  persist 0.547  bb 2.724  head 0.182  bwd_extra 0.768  peak 4.222
[memsplit] iter 72380  persist 0.547  bb 2.724  head 0.182  bwd_extra 0.768  peak 4.222
[mem] iter  72400 win_alloc 4.222 win_res 5.814 cur_res 5.814 retries 0
[memsplit] iter 72400  persist 0.348  bb 2.727  head 0.181  bwd_extra 0.876  peak 4.131
[memsplit] iter 72420  persist 0.547  bb 2.724  head 0.182  bwd_extra 0.768  peak 4.222
[memsplit] iter 72440  persist 0.547  bb 2.724  head 0.182  bwd_extra 0.768  peak 4.222
[memsplit] iter 72460  persist 0.547  bb 2.724  head 0.182  bwd_extra 0.768  peak 4.222
[memsplit] iter 72480  persist 0.348  bb 2.727  head 0.181  bwd_extra 0.876  peak 4.131
[mem] iter  72500 win_alloc 4.222 win_res 5.814 cur_res 5.814 retries 0
[memsplit] iter 72500  persist 0.547  bb 2.724  head 0.182  bwd_extra 0.768  peak 4.222
[memsplit] iter 72520  persist 0.547  bb 2.724  head 0.182  bwd_extra 0.768  peak 4.222
[memsplit] iter 72540  persist 0.547  bb 2.724  head 0.182  bwd_extra 0.768  peak 4.222
[memsplit] iter 72560  persist 0.348  bb 2.727  head 0.181  bwd_extra 0.876  peak 4.132
[memsplit] iter 72580  persist 0.547  bb 2.724  head 0.182  bwd_extra 0.768  peak 4.222
[mem] iter  72600 win_alloc 4.222 win_res 5.814 cur_res 5.814 retries 0
[memsplit] iter 72600  persist 0.547  bb 2.724  head 0.182  bwd_extra 0.768  peak 4.222
[memsplit] iter 72620  persist 0.548  bb 2.724  head 0.182  bwd_extra 0.768  peak 4.222
[memsplit] iter 72640  persist 0.348  bb 2.727  head 0.181  bwd_extra 0.876  peak 4.132
[memsplit] iter 72660  persist 0.548  bb 2.724  head 0.182  bwd_extra 0.768  peak 4.222
[memsplit] iter 72680  persist 0.548  bb 2.724  head 0.182  bwd_extra 0.768  peak 4.222
[mem] iter  72700 win_alloc 4.222 win_res 5.814 cur_res 5.814 retries 0
[memsplit] iter 72700  persist 0.548  bb 2.724  head 0.182  bwd_extra 0.768  peak 4.222
[memsplit] iter 72720  persist 0.348  bb 2.727  head 0.181  bwd_extra 0.876  peak 4.132
[memsplit] iter 72740  persist 0.548  bb 2.724  head 0.182  bwd_extra 0.768  peak 4.222
[memsplit] iter 72760  persist 0.548  bb 2.724  head 0.182  bwd_extra 0.768  peak 4.223
[memsplit] iter 72780  persist 0.548  bb 2.724  head 0.182  bwd_extra 0.768  peak 4.223
[mem] iter  72800 win_alloc 4.223 win_res 5.814 cur_res 5.814 retries 0
[memsplit] iter 72800  persist 0.348  bb 2.727  head 0.181  bwd_extra 0.876  peak 4.132
[memsplit] iter 72820  persist 0.548  bb 2.724  head 0.182  bwd_extra 0.768  peak 4.223
[memsplit] iter 72840  persist 0.548  bb 2.724  head 0.182  bwd_extra 0.768  peak 4.223
[memsplit] iter 72860  persist 0.548  bb 2.724  head 0.182  bwd_extra 0.768  peak 4.223
[memsplit] iter 72880  persist 0.348  bb 2.727  head 0.181  bwd_extra 0.876  peak 4.132
[mem] iter  72900 win_alloc 4.223 win_res 5.814 cur_res 5.814 retries 0
[memsplit] iter 72900  persist 0.548  bb 2.724  head 0.182  bwd_extra 0.768  peak 4.223
[memsplit] iter 72920  persist 0.548  bb 2.724  head 0.182  bwd_extra 0.768  peak 4.223
[memsplit] iter 72940  persist 0.548  bb 2.724  head 0.182  bwd_extra 0.768  peak 4.223
[memsplit] iter 72960  persist 0.348  bb 2.727  head 0.181  bwd_extra 0.876  peak 4.132
[memsplit] iter 72980  persist 0.548  bb 2.724  head 0.182  bwd_extra 0.768  peak 4.223
[mem] iter  73000 win_alloc 4.223 win_res 5.814 cur_res 5.814 retries 0
Task [73000/100020], Train Loss: 0.0076314, Train Accuracy: 0.9982801
[memsplit] iter 73000  persist 0.547  bb 2.724  head 0.182  bwd_extra 0.768  peak 4.222
[memsplit] iter 73020  persist 0.547  bb 2.724  head 0.182  bwd_extra 0.768  peak 4.222
[memsplit] iter 73040  persist 0.347  bb 2.727  head 0.181  bwd_extra 0.876  peak 4.131
[memsplit] iter 73060  persist 0.547  bb 2.724  head 0.182  bwd_extra 0.768  peak 4.222
[memsplit] iter 73080  persist 0.547  bb 2.724  head 0.182  bwd_extra 0.768  peak 4.222
[mem] iter  73100 win_alloc 4.222 win_res 5.814 cur_res 5.814 retries 0
[memsplit] iter 73100  persist 0.547  bb 2.724  head 0.182  bwd_extra 0.768  peak 4.222
[memsplit] iter 73120  persist 0.347  bb 2.727  head 0.181  bwd_extra 0.876  peak 4.131
[memsplit] iter 73140  persist 0.547  bb 2.724  head 0.182  bwd_extra 0.768  peak 4.222
[memsplit] iter 73160  persist 0.547  bb 2.724  head 0.182  bwd_extra 0.768  peak 4.222
[memsplit] iter 73180  persist 0.547  bb 2.724  head 0.182  bwd_extra 0.768  peak 4.222
[mem] iter  73200 win_alloc 4.222 win_res 5.814 cur_res 5.814 retries 0
[memsplit] iter 73200  persist 0.347  bb 2.727  head 0.181  bwd_extra 0.876  peak 4.131
[memsplit] iter 73220  persist 0.547  bb 2.724  head 0.182  bwd_extra 0.768  peak 4.222
[memsplit] iter 73240  persist 0.547  bb 2.724  head 0.182  bwd_extra 0.768  peak 4.222
[memsplit] iter 73260  persist 0.547  bb 2.724  head 0.182  bwd_extra 0.768  peak 4.222
[memsplit] iter 73280  persist 0.348  bb 2.727  head 0.181  bwd_extra 0.876  peak 4.131
[mem] iter  73300 win_alloc 4.222 win_res 5.814 cur_res 5.814 retries 0
[memsplit] iter 73300  persist 0.547  bb 2.724  head 0.182  bwd_extra 0.768  peak 4.222
[memsplit] iter 73320  persist 0.547  bb 2.724  head 0.182  bwd_extra 0.768  peak 4.222
[memsplit] iter 73340  persist 0.547  bb 2.724  head 0.182  bwd_extra 0.768  peak 4.222
[memsplit] iter 73360  persist 0.348  bb 2.727  head 0.181  bwd_extra 0.876  peak 4.131
[memsplit] iter 73380  persist 0.547  bb 2.724  head 0.182  bwd_extra 0.768  peak 4.222
[mem] iter  73400 win_alloc 4.222 win_res 5.814 cur_res 5.814 retries 0
[memsplit] iter 73400  persist 0.547  bb 2.724  head 0.182  bwd_extra 0.768  peak 4.222
[memsplit] iter 73420  persist 0.547  bb 2.724  head 0.182  bwd_extra 0.768  peak 4.222
[memsplit] iter 73440  persist 0.348  bb 2.727  head 0.181  bwd_extra 0.876  peak 4.131
[memsplit] iter 73460  persist 0.547  bb 2.724  head 0.182  bwd_extra 0.768  peak 4.222
[memsplit] iter 73480  persist 0.547  bb 2.724  head 0.182  bwd_extra 0.768  peak 4.222
[mem] iter  73500 win_alloc 4.222 win_res 5.814 cur_res 5.814 retries 0
[memsplit] iter 73500  persist 0.547  bb 2.724  head 0.182  bwd_extra 0.768  peak 4.222
[memsplit] iter 73520  persist 0.348  bb 2.727  head 0.181  bwd_extra 0.876  peak 4.131
[memsplit] iter 73540  persist 0.547  bb 2.724  head 0.182  bwd_extra 0.768  peak 4.222
[memsplit] iter 73560  persist 0.547  bb 2.724  head 0.182  bwd_extra 0.768  peak 4.222
[memsplit] iter 73580  persist 0.547  bb 2.724  head 0.182  bwd_extra 0.768  peak 4.222
[mem] iter  73600 win_alloc 4.222 win_res 5.814 cur_res 5.814 retries 0
[memsplit] iter 73600  persist 0.348  bb 2.727  head 0.181  bwd_extra 0.876  peak 4.132
[memsplit] iter 73620  persist 0.548  bb 2.724  head 0.182  bwd_extra 0.768  peak 4.222
[memsplit] iter 73640  persist 0.548  bb 2.724  head 0.182  bwd_extra 0.768  peak 4.222
[memsplit] iter 73660  persist 0.548  bb 2.724  head 0.182  bwd_extra 0.768  peak 4.222
[memsplit] iter 73680  persist 0.348  bb 2.727  head 0.181  bwd_extra 0.876  peak 4.132
[mem] iter  73700 win_alloc 4.222 win_res 5.814 cur_res 5.814 retries 0
[memsplit] iter 73700  persist 0.548  bb 2.724  head 0.182  bwd_extra 0.768  peak 4.222
[memsplit] iter 73720  persist 0.548  bb 2.724  head 0.182  bwd_extra 0.768  peak 4.222
[memsplit] iter 73740  persist 0.548  bb 2.724  head 0.182  bwd_extra 0.768  peak 4.222
[memsplit] iter 73760  persist 0.348  bb 2.727  head 0.181  bwd_extra 0.876  peak 4.132
[memsplit] iter 73780  persist 0.548  bb 2.724  head 0.182  bwd_extra 0.768  peak 4.223
[mem] iter  73800 win_alloc 4.223 win_res 5.814 cur_res 5.814 retries 0
[memsplit] iter 73800  persist 0.548  bb 2.724  head 0.182  bwd_extra 0.768  peak 4.223
[memsplit] iter 73820  persist 0.548  bb 2.724  head 0.182  bwd_extra 0.768  peak 4.223
[memsplit] iter 73840  persist 0.348  bb 2.727  head 0.181  bwd_extra 0.876  peak 4.132
[memsplit] iter 73860  persist 0.548  bb 2.724  head 0.182  bwd_extra 0.768  peak 4.223
[memsplit] iter 73880  persist 0.548  bb 2.724  head 0.182  bwd_extra 0.768  peak 4.223
[mem] iter  73900 win_alloc 4.223 win_res 5.814 cur_res 5.814 retries 0
[memsplit] iter 73900  persist 0.548  bb 2.724  head 0.182  bwd_extra 0.768  peak 4.223
[memsplit] iter 73920  persist 0.348  bb 2.727  head 0.181  bwd_extra 0.876  peak 4.132
[memsplit] iter 73940  persist 0.548  bb 2.724  head 0.182  bwd_extra 0.768  peak 4.223
[memsplit] iter 73960  persist 0.548  bb 2.724  head 0.182  bwd_extra 0.768  peak 4.223
[memsplit] iter 73980  persist 0.548  bb 2.724  head 0.182  bwd_extra 0.768  peak 4.223
[mem] iter  74000 win_alloc 4.223 win_res 5.814 cur_res 5.814 retries 0
Task [74000/100020], Train Loss: 0.0059821, Train Accuracy: 0.9985200
[memsplit] iter 74000  persist 0.347  bb 2.727  head 0.181  bwd_extra 0.876  peak 4.131
[memsplit] iter 74020  persist 0.547  bb 2.724  head 0.182  bwd_extra 0.768  peak 4.222
[memsplit] iter 74040  persist 0.547  bb 2.724  head 0.182  bwd_extra 0.768  peak 4.222
[memsplit] iter 74060  persist 0.547  bb 2.724  head 0.182  bwd_extra 0.768  peak 4.222
[memsplit] iter 74080  persist 0.347  bb 2.727  head 0.181  bwd_extra 0.876  peak 4.131
[mem] iter  74100 win_alloc 4.222 win_res 5.814 cur_res 5.814 retries 0
[memsplit] iter 74100  persist 0.547  bb 2.724  head 0.182  bwd_extra 0.768  peak 4.222
[memsplit] iter 74120  persist 0.547  bb 2.724  head 0.182  bwd_extra 0.768  peak 4.222
[memsplit] iter 74140  persist 0.547  bb 2.724  head 0.182  bwd_extra 0.768  peak 4.222
[memsplit] iter 74160  persist 0.347  bb 2.727  head 0.181  bwd_extra 0.876  peak 4.131
[memsplit] iter 74180  persist 0.547  bb 2.724  head 0.182  bwd_extra 0.768  peak 4.222
[mem] iter  74200 win_alloc 4.222 win_res 5.814 cur_res 5.814 retries 0
[memsplit] iter 74200  persist 0.547  bb 2.724  head 0.182  bwd_extra 0.768  peak 4.222
[memsplit] iter 74220  persist 0.547  bb 2.724  head 0.182  bwd_extra 0.768  peak 4.222
[memsplit] iter 74240  persist 0.347  bb 2.727  head 0.181  bwd_extra 0.876  peak 4.131
[memsplit] iter 74260  persist 0.547  bb 2.724  head 0.182  bwd_extra 0.768  peak 4.222
[memsplit] iter 74280  persist 0.547  bb 2.724  head 0.182  bwd_extra 0.768  peak 4.222
[mem] iter  74300 win_alloc 4.222 win_res 5.814 cur_res 5.814 retries 0
[memsplit] iter 74300  persist 0.547  bb 2.724  head 0.182  bwd_extra 0.768  peak 4.222
[memsplit] iter 74320  persist 0.348  bb 2.727  head 0.181  bwd_extra 0.876  peak 4.131
[memsplit] iter 74340  persist 0.547  bb 2.724  head 0.182  bwd_extra 0.768  peak 4.222
[memsplit] iter 74360  persist 0.547  bb 2.724  head 0.182  bwd_extra 0.768  peak 4.222
[memsplit] iter 74380  persist 0.547  bb 2.724  head 0.182  bwd_extra 0.768  peak 4.222
[mem] iter  74400 win_alloc 4.222 win_res 5.814 cur_res 5.814 retries 0
[memsplit] iter 74400  persist 0.348  bb 2.727  head 0.181  bwd_extra 0.876  peak 4.131
[memsplit] iter 74420  persist 0.547  bb 2.724  head 0.182  bwd_extra 0.768  peak 4.222
[memsplit] iter 74440  persist 0.547  bb 2.724  head 0.182  bwd_extra 0.768  peak 4.222
[memsplit] iter 74460  persist 0.547  bb 2.724  head 0.182  bwd_extra 0.768  peak 4.222
[memsplit] iter 74480  persist 0.348  bb 2.727  head 0.181  bwd_extra 0.876  peak 4.131
[mem] iter  74500 win_alloc 4.222 win_res 5.814 cur_res 5.814 retries 0
[memsplit] iter 74500  persist 0.547  bb 2.724  head 0.182  bwd_extra 0.768  peak 4.222
[memsplit] iter 74520  persist 0.547  bb 2.724  head 0.182  bwd_extra 0.768  peak 4.222
[memsplit] iter 74540  persist 0.547  bb 2.724  head 0.182  bwd_extra 0.768  peak 4.222
[memsplit] iter 74560  persist 0.348  bb 2.727  head 0.181  bwd_extra 0.876  peak 4.132
[memsplit] iter 74580  persist 0.547  bb 2.724  head 0.182  bwd_extra 0.768  peak 4.222
[mem] iter  74600 win_alloc 4.222 win_res 5.814 cur_res 5.814 retries 0
[memsplit] iter 74600  persist 0.547  bb 2.724  head 0.182  bwd_extra 0.768  peak 4.222
[memsplit] iter 74620  persist 0.548  bb 2.724  head 0.182  bwd_extra 0.768  peak 4.222
[memsplit] iter 74640  persist 0.348  bb 2.727  head 0.181  bwd_extra 0.876  peak 4.132
[memsplit] iter 74660  persist 0.548  bb 2.724  head 0.182  bwd_extra 0.768  peak 4.222
[memsplit] iter 74680  persist 0.548  bb 2.724  head 0.182  bwd_extra 0.768  peak 4.222
[mem] iter  74700 win_alloc 4.222 win_res 5.814 cur_res 5.814 retries 0
[memsplit] iter 74700  persist 0.548  bb 2.724  head 0.182  bwd_extra 0.768  peak 4.222
[memsplit] iter 74720  persist 0.348  bb 2.727  head 0.181  bwd_extra 0.876  peak 4.132
[memsplit] iter 74740  persist 0.548  bb 2.724  head 0.182  bwd_extra 0.768  peak 4.222
[memsplit] iter 74760  persist 0.548  bb 2.724  head 0.182  bwd_extra 0.768  peak 4.223
[memsplit] iter 74780  persist 0.548  bb 2.724  head 0.182  bwd_extra 0.768  peak 4.223
[mem] iter  74800 win_alloc 4.223 win_res 5.814 cur_res 5.814 retries 0
[memsplit] iter 74800  persist 0.348  bb 2.727  head 0.181  bwd_extra 0.876  peak 4.132
[memsplit] iter 74820  persist 0.548  bb 2.724  head 0.182  bwd_extra 0.768  peak 4.223
[memsplit] iter 74840  persist 0.548  bb 2.724  head 0.182  bwd_extra 0.768  peak 4.223
[memsplit] iter 74860  persist 0.548  bb 2.724  head 0.182  bwd_extra 0.768  peak 4.223
[memsplit] iter 74880  persist 0.348  bb 2.727  head 0.181  bwd_extra 0.876  peak 4.132
[mem] iter  74900 win_alloc 4.223 win_res 5.814 cur_res 5.814 retries 0
[memsplit] iter 74900  persist 0.548  bb 2.724  head 0.182  bwd_extra 0.768  peak 4.223
[memsplit] iter 74920  persist 0.548  bb 2.724  head 0.182  bwd_extra 0.768  peak 4.223
[memsplit] iter 74940  persist 0.548  bb 2.724  head 0.182  bwd_extra 0.768  peak 4.223
[memsplit] iter 74960  persist 0.348  bb 2.727  head 0.181  bwd_extra 0.876  peak 4.132
[memsplit] iter 74980  persist 0.548  bb 2.724  head 0.182  bwd_extra 0.768  peak 4.223
[mem] iter  75000 win_alloc 4.223 win_res 5.814 cur_res 5.814 retries 0
Task [75000/100020], Train Loss: 0.0056116, Train Accuracy: 0.9987999
[mem][pre-eval] iter  75000 win_alloc 4.223 win_res 5.814 cur_res 5.814 retries 0
[mem][post-eval] iter  75000 win_alloc 4.223 win_res 5.814 cur_res 5.814 retries 0
{'hmdb': {'accuracy': 50.03200118020177, 'confidence': 0.4228147484834575}}

Test Accuracies:
hmdb: 50.0+/-0.4

[mem] profiling run — 跳過 results.csv 寫入
[memsplit] iter 75000  persist 0.547  bb 2.724  head 0.182  bwd_extra 0.768  peak 4.222
[memsplit] iter 75020  persist 0.547  bb 2.724  head 0.182  bwd_extra 0.768  peak 4.222
[memsplit] iter 75040  persist 0.347  bb 2.727  head 0.181  bwd_extra 0.876  peak 4.131
[memsplit] iter 75060  persist 0.547  bb 2.724  head 0.182  bwd_extra 0.768  peak 4.222
[memsplit] iter 75080  persist 0.547  bb 2.724  head 0.182  bwd_extra 0.768  peak 4.222
[mem] iter  75100 win_alloc 4.222 win_res 5.814 cur_res 5.814 retries 0
[memsplit] iter 75100  persist 0.547  bb 2.724  head 0.182  bwd_extra 0.768  peak 4.222
[memsplit] iter 75120  persist 0.347  bb 2.727  head 0.181  bwd_extra 0.876  peak 4.131
[memsplit] iter 75140  persist 0.547  bb 2.724  head 0.182  bwd_extra 0.768  peak 4.222
[memsplit] iter 75160  persist 0.547  bb 2.724  head 0.182  bwd_extra 0.768  peak 4.222
[memsplit] iter 75180  persist 0.547  bb 2.724  head 0.182  bwd_extra 0.768  peak 4.222
[mem] iter  75200 win_alloc 4.222 win_res 5.814 cur_res 5.814 retries 0
[memsplit] iter 75200  persist 0.347  bb 2.727  head 0.181  bwd_extra 0.876  peak 4.131
[memsplit] iter 75220  persist 0.547  bb 2.724  head 0.182  bwd_extra 0.768  peak 4.222
[memsplit] iter 75240  persist 0.547  bb 2.724  head 0.182  bwd_extra 0.768  peak 4.222
[memsplit] iter 75260  persist 0.547  bb 2.724  head 0.182  bwd_extra 0.768  peak 4.222
[memsplit] iter 75280  persist 0.348  bb 2.727  head 0.181  bwd_extra 0.876  peak 4.131
[mem] iter  75300 win_alloc 4.222 win_res 5.814 cur_res 5.814 retries 0
[memsplit] iter 75300  persist 0.547  bb 2.724  head 0.182  bwd_extra 0.768  peak 4.222
[memsplit] iter 75320  persist 0.547  bb 2.724  head 0.182  bwd_extra 0.768  peak 4.222
[memsplit] iter 75340  persist 0.547  bb 2.724  head 0.182  bwd_extra 0.768  peak 4.222
[memsplit] iter 75360  persist 0.348  bb 2.727  head 0.181  bwd_extra 0.876  peak 4.131
[memsplit] iter 75380  persist 0.547  bb 2.724  head 0.182  bwd_extra 0.768  peak 4.222
[mem] iter  75400 win_alloc 4.222 win_res 5.814 cur_res 5.814 retries 0
[memsplit] iter 75400  persist 0.547  bb 2.724  head 0.182  bwd_extra 0.768  peak 4.222
[memsplit] iter 75420  persist 0.547  bb 2.724  head 0.182  bwd_extra 0.768  peak 4.222
[memsplit] iter 75440  persist 0.348  bb 2.727  head 0.181  bwd_extra 0.876  peak 4.131
[memsplit] iter 75460  persist 0.547  bb 2.724  head 0.182  bwd_extra 0.768  peak 4.222
[memsplit] iter 75480  persist 0.547  bb 2.724  head 0.182  bwd_extra 0.768  peak 4.222
[mem] iter  75500 win_alloc 4.222 win_res 5.814 cur_res 5.814 retries 0
[memsplit] iter 75500  persist 0.547  bb 2.724  head 0.182  bwd_extra 0.768  peak 4.222
[memsplit] iter 75520  persist 0.348  bb 2.727  head 0.181  bwd_extra 0.876  peak 4.131
[memsplit] iter 75540  persist 0.547  bb 2.724  head 0.182  bwd_extra 0.768  peak 4.222
[memsplit] iter 75560  persist 0.547  bb 2.724  head 0.182  bwd_extra 0.768  peak 4.222
[memsplit] iter 75580  persist 0.547  bb 2.724  head 0.182  bwd_extra 0.768  peak 4.222
[mem] iter  75600 win_alloc 4.222 win_res 5.814 cur_res 5.814 retries 0
[memsplit] iter 75600  persist 0.348  bb 2.727  head 0.181  bwd_extra 0.876  peak 4.132
[memsplit] iter 75620  persist 0.548  bb 2.724  head 0.182  bwd_extra 0.768  peak 4.222
[memsplit] iter 75640  persist 0.548  bb 2.724  head 0.182  bwd_extra 0.768  peak 4.222
[memsplit] iter 75660  persist 0.548  bb 2.724  head 0.182  bwd_extra 0.768  peak 4.222
[memsplit] iter 75680  persist 0.348  bb 2.727  head 0.181  bwd_extra 0.876  peak 4.132
[mem] iter  75700 win_alloc 4.222 win_res 5.814 cur_res 5.814 retries 0
[memsplit] iter 75700  persist 0.548  bb 2.724  head 0.182  bwd_extra 0.768  peak 4.222
[memsplit] iter 75720  persist 0.548  bb 2.724  head 0.182  bwd_extra 0.768  peak 4.222
[memsplit] iter 75740  persist 0.548  bb 2.724  head 0.182  bwd_extra 0.768  peak 4.222
[memsplit] iter 75760  persist 0.348  bb 2.727  head 0.181  bwd_extra 0.876  peak 4.132
[memsplit] iter 75780  persist 0.548  bb 2.724  head 0.182  bwd_extra 0.768  peak 4.223
[mem] iter  75800 win_alloc 4.223 win_res 5.814 cur_res 5.814 retries 0
[memsplit] iter 75800  persist 0.548  bb 2.724  head 0.182  bwd_extra 0.768  peak 4.223
[memsplit] iter 75820  persist 0.548  bb 2.724  head 0.182  bwd_extra 0.768  peak 4.223
[memsplit] iter 75840  persist 0.348  bb 2.727  head 0.181  bwd_extra 0.876  peak 4.132
[memsplit] iter 75860  persist 0.548  bb 2.724  head 0.182  bwd_extra 0.768  peak 4.223
[memsplit] iter 75880  persist 0.548  bb 2.724  head 0.182  bwd_extra 0.768  peak 4.223
[mem] iter  75900 win_alloc 4.223 win_res 5.814 cur_res 5.814 retries 0
[memsplit] iter 75900  persist 0.548  bb 2.724  head 0.182  bwd_extra 0.768  peak 4.223
[memsplit] iter 75920  persist 0.348  bb 2.727  head 0.181  bwd_extra 0.876  peak 4.132
[memsplit] iter 75940  persist 0.548  bb 2.724  head 0.182  bwd_extra 0.768  peak 4.223
[memsplit] iter 75960  persist 0.548  bb 2.724  head 0.182  bwd_extra 0.768  peak 4.223
[memsplit] iter 75980  persist 0.548  bb 2.724  head 0.182  bwd_extra 0.768  peak 4.223
[mem] iter  76000 win_alloc 4.223 win_res 5.814 cur_res 5.814 retries 0
Task [76000/100020], Train Loss: 0.0071418, Train Accuracy: 0.9982800
[memsplit] iter 76000  persist 0.347  bb 2.727  head 0.181  bwd_extra 0.876  peak 4.131
[memsplit] iter 76020  persist 0.547  bb 2.724  head 0.182  bwd_extra 0.768  peak 4.222
[memsplit] iter 76040  persist 0.547  bb 2.724  head 0.182  bwd_extra 0.768  peak 4.222
[memsplit] iter 76060  persist 0.547  bb 2.724  head 0.182  bwd_extra 0.768  peak 4.222
[memsplit] iter 76080  persist 0.347  bb 2.727  head 0.181  bwd_extra 0.876  peak 4.131
[mem] iter  76100 win_alloc 4.222 win_res 5.814 cur_res 5.814 retries 0
[memsplit] iter 76100  persist 0.547  bb 2.724  head 0.182  bwd_extra 0.768  peak 4.222
[memsplit] iter 76120  persist 0.547  bb 2.724  head 0.182  bwd_extra 0.768  peak 4.222
[memsplit] iter 76140  persist 0.547  bb 2.724  head 0.182  bwd_extra 0.768  peak 4.222
[memsplit] iter 76160  persist 0.347  bb 2.727  head 0.181  bwd_extra 0.876  peak 4.131
[memsplit] iter 76180  persist 0.547  bb 2.724  head 0.182  bwd_extra 0.768  peak 4.222
[mem] iter  76200 win_alloc 4.222 win_res 5.814 cur_res 5.814 retries 0
[memsplit] iter 76200  persist 0.547  bb 2.724  head 0.182  bwd_extra 0.768  peak 4.222
[memsplit] iter 76220  persist 0.547  bb 2.724  head 0.182  bwd_extra 0.768  peak 4.222
[memsplit] iter 76240  persist 0.347  bb 2.727  head 0.181  bwd_extra 0.876  peak 4.131
[memsplit] iter 76260  persist 0.547  bb 2.724  head 0.182  bwd_extra 0.768  peak 4.222
[memsplit] iter 76280  persist 0.547  bb 2.724  head 0.182  bwd_extra 0.768  peak 4.222
[mem] iter  76300 win_alloc 4.222 win_res 5.814 cur_res 5.814 retries 0
[memsplit] iter 76300  persist 0.547  bb 2.724  head 0.182  bwd_extra 0.768  peak 4.222
[memsplit] iter 76320  persist 0.348  bb 2.727  head 0.181  bwd_extra 0.876  peak 4.131
[memsplit] iter 76340  persist 0.547  bb 2.724  head 0.182  bwd_extra 0.768  peak 4.222
[memsplit] iter 76360  persist 0.547  bb 2.724  head 0.182  bwd_extra 0.768  peak 4.222
[memsplit] iter 76380  persist 0.547  bb 2.724  head 0.182  bwd_extra 0.768  peak 4.222
[mem] iter  76400 win_alloc 4.222 win_res 5.814 cur_res 5.814 retries 0
[memsplit] iter 76400  persist 0.348  bb 2.727  head 0.181  bwd_extra 0.876  peak 4.131
[memsplit] iter 76420  persist 0.547  bb 2.724  head 0.182  bwd_extra 0.768  peak 4.222
[memsplit] iter 76440  persist 0.547  bb 2.724  head 0.182  bwd_extra 0.768  peak 4.222
[memsplit] iter 76460  persist 0.547  bb 2.724  head 0.182  bwd_extra 0.768  peak 4.222
[memsplit] iter 76480  persist 0.348  bb 2.727  head 0.181  bwd_extra 0.876  peak 4.131
[mem] iter  76500 win_alloc 4.222 win_res 5.814 cur_res 5.814 retries 0
[memsplit] iter 76500  persist 0.547  bb 2.724  head 0.182  bwd_extra 0.768  peak 4.222
[memsplit] iter 76520  persist 0.547  bb 2.724  head 0.182  bwd_extra 0.768  peak 4.222
[memsplit] iter 76540  persist 0.547  bb 2.724  head 0.182  bwd_extra 0.768  peak 4.222
[memsplit] iter 76560  persist 0.348  bb 2.727  head 0.181  bwd_extra 0.876  peak 4.132
[memsplit] iter 76580  persist 0.547  bb 2.724  head 0.182  bwd_extra 0.768  peak 4.222
[mem] iter  76600 win_alloc 4.222 win_res 5.814 cur_res 5.814 retries 0
[memsplit] iter 76600  persist 0.547  bb 2.724  head 0.182  bwd_extra 0.768  peak 4.222
[memsplit] iter 76620  persist 0.548  bb 2.724  head 0.182  bwd_extra 0.768  peak 4.222
[memsplit] iter 76640  persist 0.348  bb 2.727  head 0.181  bwd_extra 0.876  peak 4.132
[memsplit] iter 76660  persist 0.548  bb 2.724  head 0.182  bwd_extra 0.768  peak 4.222
[memsplit] iter 76680  persist 0.548  bb 2.724  head 0.182  bwd_extra 0.768  peak 4.222
[mem] iter  76700 win_alloc 4.222 win_res 5.814 cur_res 5.814 retries 0
[memsplit] iter 76700  persist 0.548  bb 2.724  head 0.182  bwd_extra 0.768  peak 4.222
[memsplit] iter 76720  persist 0.348  bb 2.727  head 0.181  bwd_extra 0.876  peak 4.132
[memsplit] iter 76740  persist 0.548  bb 2.724  head 0.182  bwd_extra 0.768  peak 4.222
[memsplit] iter 76760  persist 0.548  bb 2.724  head 0.182  bwd_extra 0.768  peak 4.223
[memsplit] iter 76780  persist 0.548  bb 2.724  head 0.182  bwd_extra 0.768  peak 4.223
[mem] iter  76800 win_alloc 4.223 win_res 5.814 cur_res 5.814 retries 0
[memsplit] iter 76800  persist 0.348  bb 2.727  head 0.181  bwd_extra 0.876  peak 4.132
[memsplit] iter 76820  persist 0.548  bb 2.724  head 0.182  bwd_extra 0.768  peak 4.223
[memsplit] iter 76840  persist 0.548  bb 2.724  head 0.182  bwd_extra 0.768  peak 4.223
[memsplit] iter 76860  persist 0.548  bb 2.724  head 0.182  bwd_extra 0.768  peak 4.223
[memsplit] iter 76880  persist 0.348  bb 2.727  head 0.181  bwd_extra 0.876  peak 4.132
[mem] iter  76900 win_alloc 4.223 win_res 5.814 cur_res 5.814 retries 0
[memsplit] iter 76900  persist 0.548  bb 2.724  head 0.182  bwd_extra 0.768  peak 4.223
[memsplit] iter 76920  persist 0.548  bb 2.724  head 0.182  bwd_extra 0.768  peak 4.223
[memsplit] iter 76940  persist 0.548  bb 2.724  head 0.182  bwd_extra 0.768  peak 4.223
[memsplit] iter 76960  persist 0.348  bb 2.727  head 0.181  bwd_extra 0.876  peak 4.132
[memsplit] iter 76980  persist 0.548  bb 2.724  head 0.182  bwd_extra 0.768  peak 4.223
[mem] iter  77000 win_alloc 4.223 win_res 5.814 cur_res 5.814 retries 0
Task [77000/100020], Train Loss: 0.0071258, Train Accuracy: 0.9985999
[memsplit] iter 77000  persist 0.547  bb 2.724  head 0.182  bwd_extra 0.768  peak 4.222
[memsplit] iter 77020  persist 0.547  bb 2.724  head 0.182  bwd_extra 0.768  peak 4.222
[memsplit] iter 77040  persist 0.347  bb 2.727  head 0.181  bwd_extra 0.876  peak 4.131
[memsplit] iter 77060  persist 0.547  bb 2.724  head 0.182  bwd_extra 0.768  peak 4.222
[memsplit] iter 77080  persist 0.547  bb 2.724  head 0.182  bwd_extra 0.768  peak 4.222
[mem] iter  77100 win_alloc 4.222 win_res 5.814 cur_res 5.814 retries 0
[memsplit] iter 77100  persist 0.547  bb 2.724  head 0.182  bwd_extra 0.768  peak 4.222
[memsplit] iter 77120  persist 0.347  bb 2.727  head 0.181  bwd_extra 0.876  peak 4.131
[memsplit] iter 77140  persist 0.547  bb 2.724  head 0.182  bwd_extra 0.768  peak 4.222
[memsplit] iter 77160  persist 0.547  bb 2.724  head 0.182  bwd_extra 0.768  peak 4.222
[memsplit] iter 77180  persist 0.547  bb 2.724  head 0.182  bwd_extra 0.768  peak 4.222
[mem] iter  77200 win_alloc 4.222 win_res 5.814 cur_res 5.814 retries 0
[memsplit] iter 77200  persist 0.347  bb 2.727  head 0.181  bwd_extra 0.876  peak 4.131
[memsplit] iter 77220  persist 0.547  bb 2.724  head 0.182  bwd_extra 0.768  peak 4.222
[memsplit] iter 77240  persist 0.547  bb 2.724  head 0.182  bwd_extra 0.768  peak 4.222
[memsplit] iter 77260  persist 0.547  bb 2.724  head 0.182  bwd_extra 0.768  peak 4.222
[memsplit] iter 77280  persist 0.348  bb 2.727  head 0.181  bwd_extra 0.876  peak 4.131
[mem] iter  77300 win_alloc 4.222 win_res 5.814 cur_res 5.814 retries 0
[memsplit] iter 77300  persist 0.547  bb 2.724  head 0.182  bwd_extra 0.768  peak 4.222
[memsplit] iter 77320  persist 0.547  bb 2.724  head 0.182  bwd_extra 0.768  peak 4.222
[memsplit] iter 77340  persist 0.547  bb 2.724  head 0.182  bwd_extra 0.768  peak 4.222
[memsplit] iter 77360  persist 0.348  bb 2.727  head 0.181  bwd_extra 0.876  peak 4.131
[memsplit] iter 77380  persist 0.547  bb 2.724  head 0.182  bwd_extra 0.768  peak 4.222
[mem] iter  77400 win_alloc 4.222 win_res 5.814 cur_res 5.814 retries 0
[memsplit] iter 77400  persist 0.547  bb 2.724  head 0.182  bwd_extra 0.768  peak 4.222
[memsplit] iter 77420  persist 0.547  bb 2.724  head 0.182  bwd_extra 0.768  peak 4.222
[memsplit] iter 77440  persist 0.348  bb 2.727  head 0.181  bwd_extra 0.876  peak 4.131
[memsplit] iter 77460  persist 0.547  bb 2.724  head 0.182  bwd_extra 0.768  peak 4.222
[memsplit] iter 77480  persist 0.547  bb 2.724  head 0.182  bwd_extra 0.768  peak 4.222
[mem] iter  77500 win_alloc 4.222 win_res 5.814 cur_res 5.814 retries 0
[memsplit] iter 77500  persist 0.547  bb 2.724  head 0.182  bwd_extra 0.768  peak 4.222
[memsplit] iter 77520  persist 0.348  bb 2.727  head 0.181  bwd_extra 0.876  peak 4.131
[memsplit] iter 77540  persist 0.547  bb 2.724  head 0.182  bwd_extra 0.768  peak 4.222
[memsplit] iter 77560  persist 0.547  bb 2.724  head 0.182  bwd_extra 0.768  peak 4.222
[memsplit] iter 77580  persist 0.547  bb 2.724  head 0.182  bwd_extra 0.768  peak 4.222
[mem] iter  77600 win_alloc 4.222 win_res 5.814 cur_res 5.814 retries 0
[memsplit] iter 77600  persist 0.348  bb 2.727  head 0.181  bwd_extra 0.876  peak 4.132
[memsplit] iter 77620  persist 0.548  bb 2.724  head 0.182  bwd_extra 0.768  peak 4.222
[memsplit] iter 77640  persist 0.548  bb 2.724  head 0.182  bwd_extra 0.768  peak 4.222
[memsplit] iter 77660  persist 0.548  bb 2.724  head 0.182  bwd_extra 0.768  peak 4.222
[memsplit] iter 77680  persist 0.348  bb 2.727  head 0.181  bwd_extra 0.876  peak 4.132
[mem] iter  77700 win_alloc 4.222 win_res 5.814 cur_res 5.814 retries 0
[memsplit] iter 77700  persist 0.548  bb 2.724  head 0.182  bwd_extra 0.768  peak 4.222
[memsplit] iter 77720  persist 0.548  bb 2.724  head 0.182  bwd_extra 0.768  peak 4.222
[memsplit] iter 77740  persist 0.548  bb 2.724  head 0.182  bwd_extra 0.768  peak 4.222
[memsplit] iter 77760  persist 0.348  bb 2.727  head 0.181  bwd_extra 0.876  peak 4.132
[memsplit] iter 77780  persist 0.548  bb 2.724  head 0.182  bwd_extra 0.768  peak 4.223
[mem] iter  77800 win_alloc 4.223 win_res 5.814 cur_res 5.814 retries 0
[memsplit] iter 77800  persist 0.548  bb 2.724  head 0.182  bwd_extra 0.768  peak 4.223
[memsplit] iter 77820  persist 0.548  bb 2.724  head 0.182  bwd_extra 0.768  peak 4.223
[memsplit] iter 77840  persist 0.348  bb 2.727  head 0.181  bwd_extra 0.876  peak 4.132
[memsplit] iter 77860  persist 0.548  bb 2.724  head 0.182  bwd_extra 0.768  peak 4.223
[memsplit] iter 77880  persist 0.548  bb 2.724  head 0.182  bwd_extra 0.768  peak 4.223
[mem] iter  77900 win_alloc 4.223 win_res 5.814 cur_res 5.814 retries 0
[memsplit] iter 77900  persist 0.548  bb 2.724  head 0.182  bwd_extra 0.768  peak 4.223
[memsplit] iter 77920  persist 0.348  bb 2.727  head 0.181  bwd_extra 0.876  peak 4.132
[memsplit] iter 77940  persist 0.548  bb 2.724  head 0.182  bwd_extra 0.768  peak 4.223
[memsplit] iter 77960  persist 0.548  bb 2.724  head 0.182  bwd_extra 0.768  peak 4.223
[memsplit] iter 77980  persist 0.548  bb 2.724  head 0.182  bwd_extra 0.768  peak 4.223
[mem] iter  78000 win_alloc 4.223 win_res 5.814 cur_res 5.814 retries 0
Task [78000/100020], Train Loss: 0.0068800, Train Accuracy: 0.9984000
[memsplit] iter 78000  persist 0.347  bb 2.727  head 0.181  bwd_extra 0.876  peak 4.131
[memsplit] iter 78020  persist 0.547  bb 2.724  head 0.182  bwd_extra 0.768  peak 4.222
[memsplit] iter 78040  persist 0.547  bb 2.724  head 0.182  bwd_extra 0.768  peak 4.222
[memsplit] iter 78060  persist 0.547  bb 2.724  head 0.182  bwd_extra 0.768  peak 4.222
[memsplit] iter 78080  persist 0.347  bb 2.727  head 0.181  bwd_extra 0.876  peak 4.131
[mem] iter  78100 win_alloc 4.222 win_res 5.814 cur_res 5.814 retries 0
[memsplit] iter 78100  persist 0.547  bb 2.724  head 0.182  bwd_extra 0.768  peak 4.222
[memsplit] iter 78120  persist 0.547  bb 2.724  head 0.182  bwd_extra 0.768  peak 4.222
[memsplit] iter 78140  persist 0.547  bb 2.724  head 0.182  bwd_extra 0.768  peak 4.222
[memsplit] iter 78160  persist 0.347  bb 2.727  head 0.181  bwd_extra 0.876  peak 4.131
[memsplit] iter 78180  persist 0.547  bb 2.724  head 0.182  bwd_extra 0.768  peak 4.222
[mem] iter  78200 win_alloc 4.222 win_res 5.814 cur_res 5.814 retries 0
[memsplit] iter 78200  persist 0.547  bb 2.724  head 0.182  bwd_extra 0.768  peak 4.222
[memsplit] iter 78220  persist 0.547  bb 2.724  head 0.182  bwd_extra 0.768  peak 4.222
[memsplit] iter 78240  persist 0.347  bb 2.727  head 0.181  bwd_extra 0.876  peak 4.131
[memsplit] iter 78260  persist 0.547  bb 2.724  head 0.182  bwd_extra 0.768  peak 4.222
[memsplit] iter 78280  persist 0.547  bb 2.724  head 0.182  bwd_extra 0.768  peak 4.222
[mem] iter  78300 win_alloc 4.222 win_res 5.814 cur_res 5.814 retries 0
[memsplit] iter 78300  persist 0.547  bb 2.724  head 0.182  bwd_extra 0.768  peak 4.222
[memsplit] iter 78320  persist 0.348  bb 2.727  head 0.181  bwd_extra 0.876  peak 4.131
[memsplit] iter 78340  persist 0.547  bb 2.724  head 0.182  bwd_extra 0.768  peak 4.222
[memsplit] iter 78360  persist 0.547  bb 2.724  head 0.182  bwd_extra 0.768  peak 4.222
[memsplit] iter 78380  persist 0.547  bb 2.724  head 0.182  bwd_extra 0.768  peak 4.222
[mem] iter  78400 win_alloc 4.222 win_res 5.814 cur_res 5.814 retries 0
[memsplit] iter 78400  persist 0.348  bb 2.727  head 0.181  bwd_extra 0.876  peak 4.131
[memsplit] iter 78420  persist 0.547  bb 2.724  head 0.182  bwd_extra 0.768  peak 4.222
[memsplit] iter 78440  persist 0.547  bb 2.724  head 0.182  bwd_extra 0.768  peak 4.222
[memsplit] iter 78460  persist 0.547  bb 2.724  head 0.182  bwd_extra 0.768  peak 4.222
[memsplit] iter 78480  persist 0.348  bb 2.727  head 0.181  bwd_extra 0.876  peak 4.131
[mem] iter  78500 win_alloc 4.222 win_res 5.814 cur_res 5.814 retries 0
[memsplit] iter 78500  persist 0.547  bb 2.724  head 0.182  bwd_extra 0.768  peak 4.222
[memsplit] iter 78520  persist 0.547  bb 2.724  head 0.182  bwd_extra 0.768  peak 4.222
[memsplit] iter 78540  persist 0.547  bb 2.724  head 0.182  bwd_extra 0.768  peak 4.222
[memsplit] iter 78560  persist 0.348  bb 2.727  head 0.181  bwd_extra 0.876  peak 4.132
[memsplit] iter 78580  persist 0.547  bb 2.724  head 0.182  bwd_extra 0.768  peak 4.222
[mem] iter  78600 win_alloc 4.222 win_res 5.814 cur_res 5.814 retries 0
[memsplit] iter 78600  persist 0.547  bb 2.724  head 0.182  bwd_extra 0.768  peak 4.222
[memsplit] iter 78620  persist 0.548  bb 2.724  head 0.182  bwd_extra 0.768  peak 4.222
[memsplit] iter 78640  persist 0.348  bb 2.727  head 0.181  bwd_extra 0.876  peak 4.132
[memsplit] iter 78660  persist 0.548  bb 2.724  head 0.182  bwd_extra 0.768  peak 4.222
[memsplit] iter 78680  persist 0.548  bb 2.724  head 0.182  bwd_extra 0.768  peak 4.222
[mem] iter  78700 win_alloc 4.222 win_res 5.814 cur_res 5.814 retries 0
[memsplit] iter 78700  persist 0.548  bb 2.724  head 0.182  bwd_extra 0.768  peak 4.222
[memsplit] iter 78720  persist 0.348  bb 2.727  head 0.181  bwd_extra 0.876  peak 4.132
[memsplit] iter 78740  persist 0.548  bb 2.724  head 0.182  bwd_extra 0.768  peak 4.222
[memsplit] iter 78760  persist 0.548  bb 2.724  head 0.182  bwd_extra 0.768  peak 4.223
[memsplit] iter 78780  persist 0.548  bb 2.724  head 0.182  bwd_extra 0.768  peak 4.223
[mem] iter  78800 win_alloc 4.223 win_res 5.814 cur_res 5.814 retries 0
[memsplit] iter 78800  persist 0.348  bb 2.727  head 0.181  bwd_extra 0.876  peak 4.132
[memsplit] iter 78820  persist 0.548  bb 2.724  head 0.182  bwd_extra 0.768  peak 4.223
[memsplit] iter 78840  persist 0.548  bb 2.724  head 0.182  bwd_extra 0.768  peak 4.223
[memsplit] iter 78860  persist 0.548  bb 2.724  head 0.182  bwd_extra 0.768  peak 4.223
[memsplit] iter 78880  persist 0.348  bb 2.727  head 0.181  bwd_extra 0.876  peak 4.132
[mem] iter  78900 win_alloc 4.223 win_res 5.814 cur_res 5.814 retries 0
[memsplit] iter 78900  persist 0.548  bb 2.724  head 0.182  bwd_extra 0.768  peak 4.223
[memsplit] iter 78920  persist 0.548  bb 2.724  head 0.182  bwd_extra 0.768  peak 4.223
[memsplit] iter 78940  persist 0.548  bb 2.724  head 0.182  bwd_extra 0.768  peak 4.223
[memsplit] iter 78960  persist 0.348  bb 2.727  head 0.181  bwd_extra 0.876  peak 4.132
[memsplit] iter 78980  persist 0.548  bb 2.724  head 0.182  bwd_extra 0.768  peak 4.223
[mem] iter  79000 win_alloc 4.223 win_res 5.814 cur_res 5.814 retries 0
Task [79000/100020], Train Loss: 0.0046601, Train Accuracy: 0.9990401
[memsplit] iter 79000  persist 0.547  bb 2.724  head 0.182  bwd_extra 0.768  peak 4.222
[memsplit] iter 79020  persist 0.547  bb 2.724  head 0.182  bwd_extra 0.768  peak 4.222
[memsplit] iter 79040  persist 0.347  bb 2.727  head 0.181  bwd_extra 0.876  peak 4.131
[memsplit] iter 79060  persist 0.547  bb 2.724  head 0.182  bwd_extra 0.768  peak 4.222
[memsplit] iter 79080  persist 0.547  bb 2.724  head 0.182  bwd_extra 0.768  peak 4.222
[mem] iter  79100 win_alloc 4.222 win_res 5.814 cur_res 5.814 retries 0
[memsplit] iter 79100  persist 0.547  bb 2.724  head 0.182  bwd_extra 0.768  peak 4.222
[memsplit] iter 79120  persist 0.347  bb 2.727  head 0.181  bwd_extra 0.876  peak 4.131
[memsplit] iter 79140  persist 0.547  bb 2.724  head 0.182  bwd_extra 0.768  peak 4.222
[memsplit] iter 79160  persist 0.547  bb 2.724  head 0.182  bwd_extra 0.768  peak 4.222
[memsplit] iter 79180  persist 0.547  bb 2.724  head 0.182  bwd_extra 0.768  peak 4.222
[mem] iter  79200 win_alloc 4.222 win_res 5.814 cur_res 5.814 retries 0
[memsplit] iter 79200  persist 0.347  bb 2.727  head 0.181  bwd_extra 0.876  peak 4.131
[memsplit] iter 79220  persist 0.547  bb 2.724  head 0.182  bwd_extra 0.768  peak 4.222
[memsplit] iter 79240  persist 0.547  bb 2.724  head 0.182  bwd_extra 0.768  peak 4.222
[memsplit] iter 79260  persist 0.547  bb 2.724  head 0.182  bwd_extra 0.768  peak 4.222
[memsplit] iter 79280  persist 0.348  bb 2.727  head 0.181  bwd_extra 0.876  peak 4.131
[mem] iter  79300 win_alloc 4.222 win_res 5.814 cur_res 5.814 retries 0
[memsplit] iter 79300  persist 0.547  bb 2.724  head 0.182  bwd_extra 0.768  peak 4.222
[memsplit] iter 79320  persist 0.547  bb 2.724  head 0.182  bwd_extra 0.768  peak 4.222
[memsplit] iter 79340  persist 0.547  bb 2.724  head 0.182  bwd_extra 0.768  peak 4.222
[memsplit] iter 79360  persist 0.348  bb 2.727  head 0.181  bwd_extra 0.876  peak 4.131
[memsplit] iter 79380  persist 0.547  bb 2.724  head 0.182  bwd_extra 0.768  peak 4.222
[mem] iter  79400 win_alloc 4.222 win_res 5.814 cur_res 5.814 retries 0
[memsplit] iter 79400  persist 0.547  bb 2.724  head 0.182  bwd_extra 0.768  peak 4.222
[memsplit] iter 79420  persist 0.547  bb 2.724  head 0.182  bwd_extra 0.768  peak 4.222
[memsplit] iter 79440  persist 0.348  bb 2.727  head 0.181  bwd_extra 0.876  peak 4.131
[memsplit] iter 79460  persist 0.547  bb 2.724  head 0.182  bwd_extra 0.768  peak 4.222
[memsplit] iter 79480  persist 0.547  bb 2.724  head 0.182  bwd_extra 0.768  peak 4.222
[mem] iter  79500 win_alloc 4.222 win_res 5.814 cur_res 5.814 retries 0
[memsplit] iter 79500  persist 0.547  bb 2.724  head 0.182  bwd_extra 0.768  peak 4.222
[memsplit] iter 79520  persist 0.348  bb 2.727  head 0.181  bwd_extra 0.876  peak 4.131
[memsplit] iter 79540  persist 0.547  bb 2.724  head 0.182  bwd_extra 0.768  peak 4.222
[memsplit] iter 79560  persist 0.547  bb 2.724  head 0.182  bwd_extra 0.768  peak 4.222
[memsplit] iter 79580  persist 0.547  bb 2.724  head 0.182  bwd_extra 0.768  peak 4.222
[mem] iter  79600 win_alloc 4.222 win_res 5.814 cur_res 5.814 retries 0
[memsplit] iter 79600  persist 0.348  bb 2.727  head 0.181  bwd_extra 0.876  peak 4.132
[memsplit] iter 79620  persist 0.548  bb 2.724  head 0.182  bwd_extra 0.768  peak 4.222
[memsplit] iter 79640  persist 0.548  bb 2.724  head 0.182  bwd_extra 0.768  peak 4.222
[memsplit] iter 79660  persist 0.548  bb 2.724  head 0.182  bwd_extra 0.768  peak 4.222
[memsplit] iter 79680  persist 0.348  bb 2.727  head 0.181  bwd_extra 0.876  peak 4.132
[mem] iter  79700 win_alloc 4.222 win_res 5.814 cur_res 5.814 retries 0
[memsplit] iter 79700  persist 0.548  bb 2.724  head 0.182  bwd_extra 0.768  peak 4.222
[memsplit] iter 79720  persist 0.548  bb 2.724  head 0.182  bwd_extra 0.768  peak 4.222
[memsplit] iter 79740  persist 0.548  bb 2.724  head 0.182  bwd_extra 0.768  peak 4.222
[memsplit] iter 79760  persist 0.348  bb 2.727  head 0.181  bwd_extra 0.876  peak 4.132
[memsplit] iter 79780  persist 0.548  bb 2.724  head 0.182  bwd_extra 0.768  peak 4.223
[mem] iter  79800 win_alloc 4.223 win_res 5.814 cur_res 5.814 retries 0
[memsplit] iter 79800  persist 0.548  bb 2.724  head 0.182  bwd_extra 0.768  peak 4.223
[memsplit] iter 79820  persist 0.548  bb 2.724  head 0.182  bwd_extra 0.768  peak 4.223
[memsplit] iter 79840  persist 0.348  bb 2.727  head 0.181  bwd_extra 0.876  peak 4.132
[memsplit] iter 79860  persist 0.548  bb 2.724  head 0.182  bwd_extra 0.768  peak 4.223
[memsplit] iter 79880  persist 0.548  bb 2.724  head 0.182  bwd_extra 0.768  peak 4.223
[mem] iter  79900 win_alloc 4.223 win_res 5.814 cur_res 5.814 retries 0
[memsplit] iter 79900  persist 0.548  bb 2.724  head 0.182  bwd_extra 0.768  peak 4.223
[memsplit] iter 79920  persist 0.348  bb 2.727  head 0.181  bwd_extra 0.876  peak 4.132
[memsplit] iter 79940  persist 0.548  bb 2.724  head 0.182  bwd_extra 0.768  peak 4.223
[memsplit] iter 79960  persist 0.548  bb 2.724  head 0.182  bwd_extra 0.768  peak 4.223
[memsplit] iter 79980  persist 0.548  bb 2.724  head 0.182  bwd_extra 0.768  peak 4.223
[mem] iter  80000 win_alloc 4.223 win_res 5.814 cur_res 5.814 retries 0
Task [80000/100020], Train Loss: 0.0073011, Train Accuracy: 0.9982401
[memsplit] iter 80000  persist 0.347  bb 2.727  head 0.181  bwd_extra 0.876  peak 4.131
[memsplit] iter 80020  persist 0.547  bb 2.724  head 0.182  bwd_extra 0.768  peak 4.222
[memsplit] iter 80040  persist 0.547  bb 2.724  head 0.182  bwd_extra 0.768  peak 4.222
[memsplit] iter 80060  persist 0.547  bb 2.724  head 0.182  bwd_extra 0.768  peak 4.222
[memsplit] iter 80080  persist 0.347  bb 2.727  head 0.181  bwd_extra 0.876  peak 4.131
[mem] iter  80100 win_alloc 4.222 win_res 5.814 cur_res 5.814 retries 0
[memsplit] iter 80100  persist 0.547  bb 2.724  head 0.182  bwd_extra 0.768  peak 4.222
[memsplit] iter 80120  persist 0.547  bb 2.724  head 0.182  bwd_extra 0.768  peak 4.222
[memsplit] iter 80140  persist 0.547  bb 2.724  head 0.182  bwd_extra 0.768  peak 4.222
[memsplit] iter 80160  persist 0.347  bb 2.727  head 0.181  bwd_extra 0.876  peak 4.131
[memsplit] iter 80180  persist 0.547  bb 2.724  head 0.182  bwd_extra 0.768  peak 4.222
[mem] iter  80200 win_alloc 4.222 win_res 5.814 cur_res 5.814 retries 0
[memsplit] iter 80200  persist 0.547  bb 2.724  head 0.182  bwd_extra 0.768  peak 4.222
[memsplit] iter 80220  persist 0.547  bb 2.724  head 0.182  bwd_extra 0.768  peak 4.222
[memsplit] iter 80240  persist 0.347  bb 2.727  head 0.181  bwd_extra 0.876  peak 4.131
[memsplit] iter 80260  persist 0.547  bb 2.724  head 0.182  bwd_extra 0.768  peak 4.222
[memsplit] iter 80280  persist 0.547  bb 2.724  head 0.182  bwd_extra 0.768  peak 4.222
[mem] iter  80300 win_alloc 4.222 win_res 5.814 cur_res 5.814 retries 0
[memsplit] iter 80300  persist 0.547  bb 2.724  head 0.182  bwd_extra 0.768  peak 4.222
[memsplit] iter 80320  persist 0.348  bb 2.727  head 0.181  bwd_extra 0.876  peak 4.131
[memsplit] iter 80340  persist 0.547  bb 2.724  head 0.182  bwd_extra 0.768  peak 4.222
[memsplit] iter 80360  persist 0.547  bb 2.724  head 0.182  bwd_extra 0.768  peak 4.222
[memsplit] iter 80380  persist 0.547  bb 2.724  head 0.182  bwd_extra 0.768  peak 4.222
[mem] iter  80400 win_alloc 4.222 win_res 5.814 cur_res 5.814 retries 0
[memsplit] iter 80400  persist 0.348  bb 2.727  head 0.181  bwd_extra 0.876  peak 4.131
[memsplit] iter 80420  persist 0.547  bb 2.724  head 0.182  bwd_extra 0.768  peak 4.222
[memsplit] iter 80440  persist 0.547  bb 2.724  head 0.182  bwd_extra 0.768  peak 4.222
[memsplit] iter 80460  persist 0.547  bb 2.724  head 0.182  bwd_extra 0.768  peak 4.222
[memsplit] iter 80480  persist 0.348  bb 2.727  head 0.181  bwd_extra 0.876  peak 4.131
[mem] iter  80500 win_alloc 4.222 win_res 5.814 cur_res 5.814 retries 0
[memsplit] iter 80500  persist 0.547  bb 2.724  head 0.182  bwd_extra 0.768  peak 4.222
[memsplit] iter 80520  persist 0.547  bb 2.724  head 0.182  bwd_extra 0.768  peak 4.222
[memsplit] iter 80540  persist 0.547  bb 2.724  head 0.182  bwd_extra 0.768  peak 4.222
[memsplit] iter 80560  persist 0.348  bb 2.727  head 0.181  bwd_extra 0.876  peak 4.132
[memsplit] iter 80580  persist 0.547  bb 2.724  head 0.182  bwd_extra 0.768  peak 4.222
[mem] iter  80600 win_alloc 4.222 win_res 5.814 cur_res 5.814 retries 0
[memsplit] iter 80600  persist 0.547  bb 2.724  head 0.182  bwd_extra 0.768  peak 4.222
[memsplit] iter 80620  persist 0.548  bb 2.724  head 0.182  bwd_extra 0.768  peak 4.222
[memsplit] iter 80640  persist 0.348  bb 2.727  head 0.181  bwd_extra 0.876  peak 4.132
[memsplit] iter 80660  persist 0.548  bb 2.724  head 0.182  bwd_extra 0.768  peak 4.222
[memsplit] iter 80680  persist 0.548  bb 2.724  head 0.182  bwd_extra 0.768  peak 4.222
[mem] iter  80700 win_alloc 4.222 win_res 5.814 cur_res 5.814 retries 0
[memsplit] iter 80700  persist 0.548  bb 2.724  head 0.182  bwd_extra 0.768  peak 4.222
[memsplit] iter 80720  persist 0.348  bb 2.727  head 0.181  bwd_extra 0.876  peak 4.132
[memsplit] iter 80740  persist 0.548  bb 2.724  head 0.182  bwd_extra 0.768  peak 4.222
[memsplit] iter 80760  persist 0.548  bb 2.724  head 0.182  bwd_extra 0.768  peak 4.223
[memsplit] iter 80780  persist 0.548  bb 2.724  head 0.182  bwd_extra 0.768  peak 4.223
[mem] iter  80800 win_alloc 4.223 win_res 5.814 cur_res 5.814 retries 0
[memsplit] iter 80800  persist 0.348  bb 2.727  head 0.181  bwd_extra 0.876  peak 4.132
[memsplit] iter 80820  persist 0.548  bb 2.724  head 0.182  bwd_extra 0.768  peak 4.223
[memsplit] iter 80840  persist 0.548  bb 2.724  head 0.182  bwd_extra 0.768  peak 4.223
[memsplit] iter 80860  persist 0.548  bb 2.724  head 0.182  bwd_extra 0.768  peak 4.223
[memsplit] iter 80880  persist 0.348  bb 2.727  head 0.181  bwd_extra 0.876  peak 4.132
[mem] iter  80900 win_alloc 4.223 win_res 5.814 cur_res 5.814 retries 0
[memsplit] iter 80900  persist 0.548  bb 2.724  head 0.182  bwd_extra 0.768  peak 4.223
[memsplit] iter 80920  persist 0.548  bb 2.724  head 0.182  bwd_extra 0.768  peak 4.223
[memsplit] iter 80940  persist 0.548  bb 2.724  head 0.182  bwd_extra 0.768  peak 4.223
[memsplit] iter 80960  persist 0.348  bb 2.727  head 0.181  bwd_extra 0.876  peak 4.132
[memsplit] iter 80980  persist 0.548  bb 2.724  head 0.182  bwd_extra 0.768  peak 4.223
[mem] iter  81000 win_alloc 4.223 win_res 5.814 cur_res 5.814 retries 0
Task [81000/100020], Train Loss: 0.0044692, Train Accuracy: 0.9990000
[memsplit] iter 81000  persist 0.547  bb 2.724  head 0.182  bwd_extra 0.768  peak 4.222
[memsplit] iter 81020  persist 0.547  bb 2.724  head 0.182  bwd_extra 0.768  peak 4.222
[memsplit] iter 81040  persist 0.347  bb 2.727  head 0.181  bwd_extra 0.876  peak 4.131
[memsplit] iter 81060  persist 0.547  bb 2.724  head 0.182  bwd_extra 0.768  peak 4.222
[memsplit] iter 81080  persist 0.547  bb 2.724  head 0.182  bwd_extra 0.768  peak 4.222
[mem] iter  81100 win_alloc 4.222 win_res 5.814 cur_res 5.814 retries 0
[memsplit] iter 81100  persist 0.547  bb 2.724  head 0.182  bwd_extra 0.768  peak 4.222
[memsplit] iter 81120  persist 0.347  bb 2.727  head 0.181  bwd_extra 0.876  peak 4.131
[memsplit] iter 81140  persist 0.547  bb 2.724  head 0.182  bwd_extra 0.768  peak 4.222
[memsplit] iter 81160  persist 0.547  bb 2.724  head 0.182  bwd_extra 0.768  peak 4.222
[memsplit] iter 81180  persist 0.547  bb 2.724  head 0.182  bwd_extra 0.768  peak 4.222
[mem] iter  81200 win_alloc 4.222 win_res 5.814 cur_res 5.814 retries 0
[memsplit] iter 81200  persist 0.347  bb 2.727  head 0.181  bwd_extra 0.876  peak 4.131
[memsplit] iter 81220  persist 0.547  bb 2.724  head 0.182  bwd_extra 0.768  peak 4.222
[memsplit] iter 81240  persist 0.547  bb 2.724  head 0.182  bwd_extra 0.768  peak 4.222
[memsplit] iter 81260  persist 0.547  bb 2.724  head 0.182  bwd_extra 0.768  peak 4.222
[memsplit] iter 81280  persist 0.348  bb 2.727  head 0.181  bwd_extra 0.876  peak 4.131
[mem] iter  81300 win_alloc 4.222 win_res 5.814 cur_res 5.814 retries 0
[memsplit] iter 81300  persist 0.547  bb 2.724  head 0.182  bwd_extra 0.768  peak 4.222
[memsplit] iter 81320  persist 0.547  bb 2.724  head 0.182  bwd_extra 0.768  peak 4.222
[memsplit] iter 81340  persist 0.547  bb 2.724  head 0.182  bwd_extra 0.768  peak 4.222
[memsplit] iter 81360  persist 0.348  bb 2.727  head 0.181  bwd_extra 0.876  peak 4.131
[memsplit] iter 81380  persist 0.547  bb 2.724  head 0.182  bwd_extra 0.768  peak 4.222
[mem] iter  81400 win_alloc 4.222 win_res 5.814 cur_res 5.814 retries 0
[memsplit] iter 81400  persist 0.547  bb 2.724  head 0.182  bwd_extra 0.768  peak 4.222
[memsplit] iter 81420  persist 0.547  bb 2.724  head 0.182  bwd_extra 0.768  peak 4.222
[memsplit] iter 81440  persist 0.348  bb 2.727  head 0.181  bwd_extra 0.876  peak 4.131
[memsplit] iter 81460  persist 0.547  bb 2.724  head 0.182  bwd_extra 0.768  peak 4.222
[memsplit] iter 81480  persist 0.547  bb 2.724  head 0.182  bwd_extra 0.768  peak 4.222
[mem] iter  81500 win_alloc 4.222 win_res 5.814 cur_res 5.814 retries 0
[memsplit] iter 81500  persist 0.547  bb 2.724  head 0.182  bwd_extra 0.768  peak 4.222
[memsplit] iter 81520  persist 0.348  bb 2.727  head 0.181  bwd_extra 0.876  peak 4.131
[memsplit] iter 81540  persist 0.547  bb 2.724  head 0.182  bwd_extra 0.768  peak 4.222
[memsplit] iter 81560  persist 0.547  bb 2.724  head 0.182  bwd_extra 0.768  peak 4.222
[memsplit] iter 81580  persist 0.547  bb 2.724  head 0.182  bwd_extra 0.768  peak 4.222
[mem] iter  81600 win_alloc 4.222 win_res 5.814 cur_res 5.814 retries 0
[memsplit] iter 81600  persist 0.348  bb 2.727  head 0.181  bwd_extra 0.876  peak 4.132
[memsplit] iter 81620  persist 0.548  bb 2.724  head 0.182  bwd_extra 0.768  peak 4.222
[memsplit] iter 81640  persist 0.548  bb 2.724  head 0.182  bwd_extra 0.768  peak 4.222
[memsplit] iter 81660  persist 0.548  bb 2.724  head 0.182  bwd_extra 0.768  peak 4.222
[memsplit] iter 81680  persist 0.348  bb 2.727  head 0.181  bwd_extra 0.876  peak 4.132
[mem] iter  81700 win_alloc 4.222 win_res 5.814 cur_res 5.814 retries 0
[memsplit] iter 81700  persist 0.548  bb 2.724  head 0.182  bwd_extra 0.768  peak 4.222
[memsplit] iter 81720  persist 0.548  bb 2.724  head 0.182  bwd_extra 0.768  peak 4.222
[memsplit] iter 81740  persist 0.548  bb 2.724  head 0.182  bwd_extra 0.768  peak 4.222
[memsplit] iter 81760  persist 0.348  bb 2.727  head 0.181  bwd_extra 0.876  peak 4.132
[memsplit] iter 81780  persist 0.548  bb 2.724  head 0.182  bwd_extra 0.768  peak 4.223
[mem] iter  81800 win_alloc 4.223 win_res 5.814 cur_res 5.814 retries 0
[memsplit] iter 81800  persist 0.548  bb 2.724  head 0.182  bwd_extra 0.768  peak 4.223
[memsplit] iter 81820  persist 0.548  bb 2.724  head 0.182  bwd_extra 0.768  peak 4.223
[memsplit] iter 81840  persist 0.348  bb 2.727  head 0.181  bwd_extra 0.876  peak 4.132
[memsplit] iter 81860  persist 0.548  bb 2.724  head 0.182  bwd_extra 0.768  peak 4.223
[memsplit] iter 81880  persist 0.548  bb 2.724  head 0.182  bwd_extra 0.768  peak 4.223
[mem] iter  81900 win_alloc 4.223 win_res 5.814 cur_res 5.814 retries 0
[memsplit] iter 81900  persist 0.548  bb 2.724  head 0.182  bwd_extra 0.768  peak 4.223
[memsplit] iter 81920  persist 0.348  bb 2.727  head 0.181  bwd_extra 0.876  peak 4.132
[memsplit] iter 81940  persist 0.548  bb 2.724  head 0.182  bwd_extra 0.768  peak 4.223
[memsplit] iter 81960  persist 0.548  bb 2.724  head 0.182  bwd_extra 0.768  peak 4.223
[memsplit] iter 81980  persist 0.548  bb 2.724  head 0.182  bwd_extra 0.768  peak 4.223
[mem] iter  82000 win_alloc 4.223 win_res 5.814 cur_res 5.814 retries 0
Task [82000/100020], Train Loss: 0.0048778, Train Accuracy: 0.9988400
[memsplit] iter 82000  persist 0.347  bb 2.727  head 0.181  bwd_extra 0.876  peak 4.131
[memsplit] iter 82020  persist 0.547  bb 2.724  head 0.182  bwd_extra 0.768  peak 4.222
[memsplit] iter 82040  persist 0.547  bb 2.724  head 0.182  bwd_extra 0.768  peak 4.222
[memsplit] iter 82060  persist 0.547  bb 2.724  head 0.182  bwd_extra 0.768  peak 4.222
[memsplit] iter 82080  persist 0.347  bb 2.727  head 0.181  bwd_extra 0.876  peak 4.131
[mem] iter  82100 win_alloc 4.222 win_res 5.814 cur_res 5.814 retries 0
[memsplit] iter 82100  persist 0.547  bb 2.724  head 0.182  bwd_extra 0.768  peak 4.222
[memsplit] iter 82120  persist 0.547  bb 2.724  head 0.182  bwd_extra 0.768  peak 4.222
[memsplit] iter 82140  persist 0.547  bb 2.724  head 0.182  bwd_extra 0.768  peak 4.222
[memsplit] iter 82160  persist 0.347  bb 2.727  head 0.181  bwd_extra 0.876  peak 4.131
[memsplit] iter 82180  persist 0.547  bb 2.724  head 0.182  bwd_extra 0.768  peak 4.222
[mem] iter  82200 win_alloc 4.222 win_res 5.814 cur_res 5.814 retries 0
[memsplit] iter 82200  persist 0.547  bb 2.724  head 0.182  bwd_extra 0.768  peak 4.222
[memsplit] iter 82220  persist 0.547  bb 2.724  head 0.182  bwd_extra 0.768  peak 4.222
[memsplit] iter 82240  persist 0.347  bb 2.727  head 0.181  bwd_extra 0.876  peak 4.131
[memsplit] iter 82260  persist 0.547  bb 2.724  head 0.182  bwd_extra 0.768  peak 4.222
[memsplit] iter 82280  persist 0.547  bb 2.724  head 0.182  bwd_extra 0.768  peak 4.222
[mem] iter  82300 win_alloc 4.222 win_res 5.814 cur_res 5.814 retries 0
[memsplit] iter 82300  persist 0.547  bb 2.724  head 0.182  bwd_extra 0.768  peak 4.222
[memsplit] iter 82320  persist 0.348  bb 2.727  head 0.181  bwd_extra 0.876  peak 4.131
[memsplit] iter 82340  persist 0.547  bb 2.724  head 0.182  bwd_extra 0.768  peak 4.222
[memsplit] iter 82360  persist 0.547  bb 2.724  head 0.182  bwd_extra 0.768  peak 4.222
[memsplit] iter 82380  persist 0.547  bb 2.724  head 0.182  bwd_extra 0.768  peak 4.222
[mem] iter  82400 win_alloc 4.222 win_res 5.814 cur_res 5.814 retries 0
[memsplit] iter 82400  persist 0.348  bb 2.727  head 0.181  bwd_extra 0.876  peak 4.131
[memsplit] iter 82420  persist 0.547  bb 2.724  head 0.182  bwd_extra 0.768  peak 4.222
[memsplit] iter 82440  persist 0.547  bb 2.724  head 0.182  bwd_extra 0.768  peak 4.222
[memsplit] iter 82460  persist 0.547  bb 2.724  head 0.182  bwd_extra 0.768  peak 4.222
[memsplit] iter 82480  persist 0.348  bb 2.727  head 0.181  bwd_extra 0.876  peak 4.131
[mem] iter  82500 win_alloc 4.222 win_res 5.814 cur_res 5.814 retries 0
[memsplit] iter 82500  persist 0.547  bb 2.724  head 0.182  bwd_extra 0.768  peak 4.222
[memsplit] iter 82520  persist 0.547  bb 2.724  head 0.182  bwd_extra 0.768  peak 4.222
[memsplit] iter 82540  persist 0.547  bb 2.724  head 0.182  bwd_extra 0.768  peak 4.222
[memsplit] iter 82560  persist 0.348  bb 2.727  head 0.181  bwd_extra 0.876  peak 4.132
[memsplit] iter 82580  persist 0.547  bb 2.724  head 0.182  bwd_extra 0.768  peak 4.222
[mem] iter  82600 win_alloc 4.222 win_res 5.814 cur_res 5.814 retries 0
[memsplit] iter 82600  persist 0.547  bb 2.724  head 0.182  bwd_extra 0.768  peak 4.222
[memsplit] iter 82620  persist 0.548  bb 2.724  head 0.182  bwd_extra 0.768  peak 4.222
[memsplit] iter 82640  persist 0.348  bb 2.727  head 0.181  bwd_extra 0.876  peak 4.132
[memsplit] iter 82660  persist 0.548  bb 2.724  head 0.182  bwd_extra 0.768  peak 4.222
[memsplit] iter 82680  persist 0.548  bb 2.724  head 0.182  bwd_extra 0.768  peak 4.222
[mem] iter  82700 win_alloc 4.222 win_res 5.814 cur_res 5.814 retries 0
[memsplit] iter 82700  persist 0.548  bb 2.724  head 0.182  bwd_extra 0.768  peak 4.222
[memsplit] iter 82720  persist 0.348  bb 2.727  head 0.181  bwd_extra 0.876  peak 4.132
[memsplit] iter 82740  persist 0.548  bb 2.724  head 0.182  bwd_extra 0.768  peak 4.222
[memsplit] iter 82760  persist 0.548  bb 2.724  head 0.182  bwd_extra 0.768  peak 4.223
[memsplit] iter 82780  persist 0.548  bb 2.724  head 0.182  bwd_extra 0.768  peak 4.223
[mem] iter  82800 win_alloc 4.223 win_res 5.814 cur_res 5.814 retries 0
[memsplit] iter 82800  persist 0.348  bb 2.727  head 0.181  bwd_extra 0.876  peak 4.132
[memsplit] iter 82820  persist 0.548  bb 2.724  head 0.182  bwd_extra 0.768  peak 4.223
[memsplit] iter 82840  persist 0.548  bb 2.724  head 0.182  bwd_extra 0.768  peak 4.223
[memsplit] iter 82860  persist 0.548  bb 2.724  head 0.182  bwd_extra 0.768  peak 4.223
[memsplit] iter 82880  persist 0.348  bb 2.727  head 0.181  bwd_extra 0.876  peak 4.132
[mem] iter  82900 win_alloc 4.223 win_res 5.814 cur_res 5.814 retries 0
[memsplit] iter 82900  persist 0.548  bb 2.724  head 0.182  bwd_extra 0.768  peak 4.223
[memsplit] iter 82920  persist 0.548  bb 2.724  head 0.182  bwd_extra 0.768  peak 4.223
[memsplit] iter 82940  persist 0.548  bb 2.724  head 0.182  bwd_extra 0.768  peak 4.223
[memsplit] iter 82960  persist 0.348  bb 2.727  head 0.181  bwd_extra 0.876  peak 4.132
[memsplit] iter 82980  persist 0.548  bb 2.724  head 0.182  bwd_extra 0.768  peak 4.223
[mem] iter  83000 win_alloc 4.223 win_res 5.814 cur_res 5.814 retries 0
Task [83000/100020], Train Loss: 0.0044331, Train Accuracy: 0.9990401
[memsplit] iter 83000  persist 0.547  bb 2.724  head 0.182  bwd_extra 0.768  peak 4.222
[memsplit] iter 83020  persist 0.547  bb 2.724  head 0.182  bwd_extra 0.768  peak 4.222
[memsplit] iter 83040  persist 0.347  bb 2.727  head 0.181  bwd_extra 0.876  peak 4.131
[memsplit] iter 83060  persist 0.547  bb 2.724  head 0.182  bwd_extra 0.768  peak 4.222
[memsplit] iter 83080  persist 0.547  bb 2.724  head 0.182  bwd_extra 0.768  peak 4.222
[mem] iter  83100 win_alloc 4.222 win_res 5.814 cur_res 5.814 retries 0
[memsplit] iter 83100  persist 0.547  bb 2.724  head 0.182  bwd_extra 0.768  peak 4.222
[memsplit] iter 83120  persist 0.347  bb 2.727  head 0.181  bwd_extra 0.876  peak 4.131
[memsplit] iter 83140  persist 0.547  bb 2.724  head 0.182  bwd_extra 0.768  peak 4.222
[memsplit] iter 83160  persist 0.547  bb 2.724  head 0.182  bwd_extra 0.768  peak 4.222
[memsplit] iter 83180  persist 0.547  bb 2.724  head 0.182  bwd_extra 0.768  peak 4.222
[mem] iter  83200 win_alloc 4.222 win_res 5.814 cur_res 5.814 retries 0
[memsplit] iter 83200  persist 0.347  bb 2.727  head 0.181  bwd_extra 0.876  peak 4.131
[memsplit] iter 83220  persist 0.547  bb 2.724  head 0.182  bwd_extra 0.768  peak 4.222
[memsplit] iter 83240  persist 0.547  bb 2.724  head 0.182  bwd_extra 0.768  peak 4.222
[memsplit] iter 83260  persist 0.547  bb 2.724  head 0.182  bwd_extra 0.768  peak 4.222
[memsplit] iter 83280  persist 0.348  bb 2.727  head 0.181  bwd_extra 0.876  peak 4.131
[mem] iter  83300 win_alloc 4.222 win_res 5.814 cur_res 5.814 retries 0
[memsplit] iter 83300  persist 0.547  bb 2.724  head 0.182  bwd_extra 0.768  peak 4.222
[memsplit] iter 83320  persist 0.547  bb 2.724  head 0.182  bwd_extra 0.768  peak 4.222
[memsplit] iter 83340  persist 0.547  bb 2.724  head 0.182  bwd_extra 0.768  peak 4.222
[memsplit] iter 83360  persist 0.348  bb 2.727  head 0.181  bwd_extra 0.876  peak 4.131
[memsplit] iter 83380  persist 0.547  bb 2.724  head 0.182  bwd_extra 0.768  peak 4.222
[mem] iter  83400 win_alloc 4.222 win_res 5.814 cur_res 5.814 retries 0
[memsplit] iter 83400  persist 0.547  bb 2.724  head 0.182  bwd_extra 0.768  peak 4.222
[memsplit] iter 83420  persist 0.547  bb 2.724  head 0.182  bwd_extra 0.768  peak 4.222
[memsplit] iter 83440  persist 0.348  bb 2.727  head 0.181  bwd_extra 0.876  peak 4.131
[memsplit] iter 83460  persist 0.547  bb 2.724  head 0.182  bwd_extra 0.768  peak 4.222
[memsplit] iter 83480  persist 0.547  bb 2.724  head 0.182  bwd_extra 0.768  peak 4.222
[mem] iter  83500 win_alloc 4.222 win_res 5.814 cur_res 5.814 retries 0
[memsplit] iter 83500  persist 0.547  bb 2.724  head 0.182  bwd_extra 0.768  peak 4.222
[memsplit] iter 83520  persist 0.348  bb 2.727  head 0.181  bwd_extra 0.876  peak 4.131
[memsplit] iter 83540  persist 0.547  bb 2.724  head 0.182  bwd_extra 0.768  peak 4.222
[memsplit] iter 83560  persist 0.547  bb 2.724  head 0.182  bwd_extra 0.768  peak 4.222
[memsplit] iter 83580  persist 0.547  bb 2.724  head 0.182  bwd_extra 0.768  peak 4.222
[mem] iter  83600 win_alloc 4.222 win_res 5.814 cur_res 5.814 retries 0
[memsplit] iter 83600  persist 0.348  bb 2.727  head 0.181  bwd_extra 0.876  peak 4.132
[memsplit] iter 83620  persist 0.548  bb 2.724  head 0.182  bwd_extra 0.768  peak 4.222
[memsplit] iter 83640  persist 0.548  bb 2.724  head 0.182  bwd_extra 0.768  peak 4.222
[memsplit] iter 83660  persist 0.548  bb 2.724  head 0.182  bwd_extra 0.768  peak 4.222
[memsplit] iter 83680  persist 0.348  bb 2.727  head 0.181  bwd_extra 0.876  peak 4.132
[mem] iter  83700 win_alloc 4.222 win_res 5.814 cur_res 5.814 retries 0
[memsplit] iter 83700  persist 0.548  bb 2.724  head 0.182  bwd_extra 0.768  peak 4.222
[memsplit] iter 83720  persist 0.548  bb 2.724  head 0.182  bwd_extra 0.768  peak 4.222
[memsplit] iter 83740  persist 0.548  bb 2.724  head 0.182  bwd_extra 0.768  peak 4.222
[memsplit] iter 83760  persist 0.348  bb 2.727  head 0.181  bwd_extra 0.876  peak 4.132
[memsplit] iter 83780  persist 0.548  bb 2.724  head 0.182  bwd_extra 0.768  peak 4.223
[mem] iter  83800 win_alloc 4.223 win_res 5.814 cur_res 5.814 retries 0
[memsplit] iter 83800  persist 0.548  bb 2.724  head 0.182  bwd_extra 0.768  peak 4.223
[memsplit] iter 83820  persist 0.548  bb 2.724  head 0.182  bwd_extra 0.768  peak 4.223
[memsplit] iter 83840  persist 0.348  bb 2.727  head 0.181  bwd_extra 0.876  peak 4.132
[memsplit] iter 83860  persist 0.548  bb 2.724  head 0.182  bwd_extra 0.768  peak 4.223
[memsplit] iter 83880  persist 0.548  bb 2.724  head 0.182  bwd_extra 0.768  peak 4.223
[mem] iter  83900 win_alloc 4.223 win_res 5.814 cur_res 5.814 retries 0
[memsplit] iter 83900  persist 0.548  bb 2.724  head 0.182  bwd_extra 0.768  peak 4.223
[memsplit] iter 83920  persist 0.348  bb 2.727  head 0.181  bwd_extra 0.876  peak 4.132
[memsplit] iter 83940  persist 0.548  bb 2.724  head 0.182  bwd_extra 0.768  peak 4.223
[memsplit] iter 83960  persist 0.548  bb 2.724  head 0.182  bwd_extra 0.768  peak 4.223
[memsplit] iter 83980  persist 0.548  bb 2.724  head 0.182  bwd_extra 0.768  peak 4.223
[mem] iter  84000 win_alloc 4.223 win_res 5.814 cur_res 5.814 retries 0
Task [84000/100020], Train Loss: 0.0085309, Train Accuracy: 0.9980399
[memsplit] iter 84000  persist 0.347  bb 2.727  head 0.181  bwd_extra 0.876  peak 4.131
[memsplit] iter 84020  persist 0.547  bb 2.724  head 0.182  bwd_extra 0.768  peak 4.222
[memsplit] iter 84040  persist 0.547  bb 2.724  head 0.182  bwd_extra 0.768  peak 4.222
[memsplit] iter 84060  persist 0.547  bb 2.724  head 0.182  bwd_extra 0.768  peak 4.222
[memsplit] iter 84080  persist 0.347  bb 2.727  head 0.181  bwd_extra 0.876  peak 4.131
[mem] iter  84100 win_alloc 4.222 win_res 5.814 cur_res 5.814 retries 0
[memsplit] iter 84100  persist 0.547  bb 2.724  head 0.182  bwd_extra 0.768  peak 4.222
[memsplit] iter 84120  persist 0.547  bb 2.724  head 0.182  bwd_extra 0.768  peak 4.222
[memsplit] iter 84140  persist 0.547  bb 2.724  head 0.182  bwd_extra 0.768  peak 4.222
[memsplit] iter 84160  persist 0.347  bb 2.727  head 0.181  bwd_extra 0.876  peak 4.131
[memsplit] iter 84180  persist 0.547  bb 2.724  head 0.182  bwd_extra 0.768  peak 4.222
[mem] iter  84200 win_alloc 4.222 win_res 5.814 cur_res 5.814 retries 0
[memsplit] iter 84200  persist 0.547  bb 2.724  head 0.182  bwd_extra 0.768  peak 4.222
[memsplit] iter 84220  persist 0.547  bb 2.724  head 0.182  bwd_extra 0.768  peak 4.222
[memsplit] iter 84240  persist 0.347  bb 2.727  head 0.181  bwd_extra 0.876  peak 4.131
[memsplit] iter 84260  persist 0.547  bb 2.724  head 0.182  bwd_extra 0.768  peak 4.222
[memsplit] iter 84280  persist 0.547  bb 2.724  head 0.182  bwd_extra 0.768  peak 4.222
[mem] iter  84300 win_alloc 4.222 win_res 5.814 cur_res 5.814 retries 0
[memsplit] iter 84300  persist 0.547  bb 2.724  head 0.182  bwd_extra 0.768  peak 4.222
[memsplit] iter 84320  persist 0.348  bb 2.727  head 0.181  bwd_extra 0.876  peak 4.131
[memsplit] iter 84340  persist 0.547  bb 2.724  head 0.182  bwd_extra 0.768  peak 4.222
[memsplit] iter 84360  persist 0.547  bb 2.724  head 0.182  bwd_extra 0.768  peak 4.222
[memsplit] iter 84380  persist 0.547  bb 2.724  head 0.182  bwd_extra 0.768  peak 4.222
[mem] iter  84400 win_alloc 4.222 win_res 5.814 cur_res 5.814 retries 0
[memsplit] iter 84400  persist 0.348  bb 2.727  head 0.181  bwd_extra 0.876  peak 4.131
[memsplit] iter 84420  persist 0.547  bb 2.724  head 0.182  bwd_extra 0.768  peak 4.222
[memsplit] iter 84440  persist 0.547  bb 2.724  head 0.182  bwd_extra 0.768  peak 4.222
[memsplit] iter 84460  persist 0.547  bb 2.724  head 0.182  bwd_extra 0.768  peak 4.222
[memsplit] iter 84480  persist 0.348  bb 2.727  head 0.181  bwd_extra 0.876  peak 4.131
[mem] iter  84500 win_alloc 4.222 win_res 5.814 cur_res 5.814 retries 0
[memsplit] iter 84500  persist 0.547  bb 2.724  head 0.182  bwd_extra 0.768  peak 4.222
[memsplit] iter 84520  persist 0.547  bb 2.724  head 0.182  bwd_extra 0.768  peak 4.222
[memsplit] iter 84540  persist 0.547  bb 2.724  head 0.182  bwd_extra 0.768  peak 4.222
[memsplit] iter 84560  persist 0.348  bb 2.727  head 0.181  bwd_extra 0.876  peak 4.132
[memsplit] iter 84580  persist 0.547  bb 2.724  head 0.182  bwd_extra 0.768  peak 4.222
[mem] iter  84600 win_alloc 4.222 win_res 5.814 cur_res 5.814 retries 0
[memsplit] iter 84600  persist 0.547  bb 2.724  head 0.182  bwd_extra 0.768  peak 4.222
[memsplit] iter 84620  persist 0.548  bb 2.724  head 0.182  bwd_extra 0.768  peak 4.222
[memsplit] iter 84640  persist 0.348  bb 2.727  head 0.181  bwd_extra 0.876  peak 4.132
[memsplit] iter 84660  persist 0.548  bb 2.724  head 0.182  bwd_extra 0.768  peak 4.222
[memsplit] iter 84680  persist 0.548  bb 2.724  head 0.182  bwd_extra 0.768  peak 4.222
[mem] iter  84700 win_alloc 4.222 win_res 5.814 cur_res 5.814 retries 0
[memsplit] iter 84700  persist 0.548  bb 2.724  head 0.182  bwd_extra 0.768  peak 4.222
[memsplit] iter 84720  persist 0.348  bb 2.727  head 0.181  bwd_extra 0.876  peak 4.132
[memsplit] iter 84740  persist 0.548  bb 2.724  head 0.182  bwd_extra 0.768  peak 4.222
[memsplit] iter 84760  persist 0.548  bb 2.724  head 0.182  bwd_extra 0.768  peak 4.223
[memsplit] iter 84780  persist 0.548  bb 2.724  head 0.182  bwd_extra 0.768  peak 4.223
[mem] iter  84800 win_alloc 4.223 win_res 5.814 cur_res 5.814 retries 0
[memsplit] iter 84800  persist 0.348  bb 2.727  head 0.181  bwd_extra 0.876  peak 4.132
[memsplit] iter 84820  persist 0.548  bb 2.724  head 0.182  bwd_extra 0.768  peak 4.223
[memsplit] iter 84840  persist 0.548  bb 2.724  head 0.182  bwd_extra 0.768  peak 4.223
[memsplit] iter 84860  persist 0.548  bb 2.724  head 0.182  bwd_extra 0.768  peak 4.223
[memsplit] iter 84880  persist 0.348  bb 2.727  head 0.181  bwd_extra 0.876  peak 4.132
[mem] iter  84900 win_alloc 4.223 win_res 5.814 cur_res 5.814 retries 0
[memsplit] iter 84900  persist 0.548  bb 2.724  head 0.182  bwd_extra 0.768  peak 4.223
[memsplit] iter 84920  persist 0.548  bb 2.724  head 0.182  bwd_extra 0.768  peak 4.223
[memsplit] iter 84940  persist 0.548  bb 2.724  head 0.182  bwd_extra 0.768  peak 4.223
[memsplit] iter 84960  persist 0.348  bb 2.727  head 0.181  bwd_extra 0.876  peak 4.132
[memsplit] iter 84980  persist 0.548  bb 2.724  head 0.182  bwd_extra 0.768  peak 4.223
[mem] iter  85000 win_alloc 4.223 win_res 5.814 cur_res 5.814 retries 0
Task [85000/100020], Train Loss: 0.0055111, Train Accuracy: 0.9986401
[memsplit] iter 85000  persist 0.547  bb 2.724  head 0.182  bwd_extra 0.768  peak 4.222
[memsplit] iter 85020  persist 0.547  bb 2.724  head 0.182  bwd_extra 0.768  peak 4.222
[memsplit] iter 85040  persist 0.347  bb 2.727  head 0.181  bwd_extra 0.876  peak 4.131
[memsplit] iter 85060  persist 0.547  bb 2.724  head 0.182  bwd_extra 0.768  peak 4.222
[memsplit] iter 85080  persist 0.547  bb 2.724  head 0.182  bwd_extra 0.768  peak 4.222
[mem] iter  85100 win_alloc 4.222 win_res 5.814 cur_res 5.814 retries 0
[memsplit] iter 85100  persist 0.547  bb 2.724  head 0.182  bwd_extra 0.768  peak 4.222
[memsplit] iter 85120  persist 0.347  bb 2.727  head 0.181  bwd_extra 0.876  peak 4.131
[memsplit] iter 85140  persist 0.547  bb 2.724  head 0.182  bwd_extra 0.768  peak 4.222
[memsplit] iter 85160  persist 0.547  bb 2.724  head 0.182  bwd_extra 0.768  peak 4.222
[memsplit] iter 85180  persist 0.547  bb 2.724  head 0.182  bwd_extra 0.768  peak 4.222
[mem] iter  85200 win_alloc 4.222 win_res 5.814 cur_res 5.814 retries 0
[memsplit] iter 85200  persist 0.347  bb 2.727  head 0.181  bwd_extra 0.876  peak 4.131
[memsplit] iter 85220  persist 0.547  bb 2.724  head 0.182  bwd_extra 0.768  peak 4.222
[memsplit] iter 85240  persist 0.547  bb 2.724  head 0.182  bwd_extra 0.768  peak 4.222
[memsplit] iter 85260  persist 0.547  bb 2.724  head 0.182  bwd_extra 0.768  peak 4.222
[memsplit] iter 85280  persist 0.348  bb 2.727  head 0.181  bwd_extra 0.876  peak 4.131
[mem] iter  85300 win_alloc 4.222 win_res 5.814 cur_res 5.814 retries 0
[memsplit] iter 85300  persist 0.547  bb 2.724  head 0.182  bwd_extra 0.768  peak 4.222
[memsplit] iter 85320  persist 0.547  bb 2.724  head 0.182  bwd_extra 0.768  peak 4.222
[memsplit] iter 85340  persist 0.547  bb 2.724  head 0.182  bwd_extra 0.768  peak 4.222
[memsplit] iter 85360  persist 0.348  bb 2.727  head 0.181  bwd_extra 0.876  peak 4.131
[memsplit] iter 85380  persist 0.547  bb 2.724  head 0.182  bwd_extra 0.768  peak 4.222
[mem] iter  85400 win_alloc 4.222 win_res 5.814 cur_res 5.814 retries 0
[memsplit] iter 85400  persist 0.547  bb 2.724  head 0.182  bwd_extra 0.768  peak 4.222
[memsplit] iter 85420  persist 0.547  bb 2.724  head 0.182  bwd_extra 0.768  peak 4.222
[memsplit] iter 85440  persist 0.348  bb 2.727  head 0.181  bwd_extra 0.876  peak 4.131
[memsplit] iter 85460  persist 0.547  bb 2.724  head 0.182  bwd_extra 0.768  peak 4.222
[memsplit] iter 85480  persist 0.547  bb 2.724  head 0.182  bwd_extra 0.768  peak 4.222
[mem] iter  85500 win_alloc 4.222 win_res 5.814 cur_res 5.814 retries 0
[memsplit] iter 85500  persist 0.547  bb 2.724  head 0.182  bwd_extra 0.768  peak 4.222
[memsplit] iter 85520  persist 0.348  bb 2.727  head 0.181  bwd_extra 0.876  peak 4.131
[memsplit] iter 85540  persist 0.547  bb 2.724  head 0.182  bwd_extra 0.768  peak 4.222
[memsplit] iter 85560  persist 0.547  bb 2.724  head 0.182  bwd_extra 0.768  peak 4.222
[memsplit] iter 85580  persist 0.547  bb 2.724  head 0.182  bwd_extra 0.768  peak 4.222
[mem] iter  85600 win_alloc 4.222 win_res 5.814 cur_res 5.814 retries 0
[memsplit] iter 85600  persist 0.348  bb 2.727  head 0.181  bwd_extra 0.876  peak 4.132
[memsplit] iter 85620  persist 0.548  bb 2.724  head 0.182  bwd_extra 0.768  peak 4.222
[memsplit] iter 85640  persist 0.548  bb 2.724  head 0.182  bwd_extra 0.768  peak 4.222
[memsplit] iter 85660  persist 0.548  bb 2.724  head 0.182  bwd_extra 0.768  peak 4.222
[memsplit] iter 85680  persist 0.348  bb 2.727  head 0.181  bwd_extra 0.876  peak 4.132
[mem] iter  85700 win_alloc 4.222 win_res 5.814 cur_res 5.814 retries 0
[memsplit] iter 85700  persist 0.548  bb 2.724  head 0.182  bwd_extra 0.768  peak 4.222
[memsplit] iter 85720  persist 0.548  bb 2.724  head 0.182  bwd_extra 0.768  peak 4.222
[memsplit] iter 85740  persist 0.548  bb 2.724  head 0.182  bwd_extra 0.768  peak 4.222
[memsplit] iter 85760  persist 0.348  bb 2.727  head 0.181  bwd_extra 0.876  peak 4.132
[memsplit] iter 85780  persist 0.548  bb 2.724  head 0.182  bwd_extra 0.768  peak 4.223
[mem] iter  85800 win_alloc 4.223 win_res 5.814 cur_res 5.814 retries 0
[memsplit] iter 85800  persist 0.548  bb 2.724  head 0.182  bwd_extra 0.768  peak 4.223
[memsplit] iter 85820  persist 0.548  bb 2.724  head 0.182  bwd_extra 0.768  peak 4.223
[memsplit] iter 85840  persist 0.348  bb 2.727  head 0.181  bwd_extra 0.876  peak 4.132
[memsplit] iter 85860  persist 0.548  bb 2.724  head 0.182  bwd_extra 0.768  peak 4.223
[memsplit] iter 85880  persist 0.548  bb 2.724  head 0.182  bwd_extra 0.768  peak 4.223
[mem] iter  85900 win_alloc 4.223 win_res 5.814 cur_res 5.814 retries 0
[memsplit] iter 85900  persist 0.548  bb 2.724  head 0.182  bwd_extra 0.768  peak 4.223
[memsplit] iter 85920  persist 0.348  bb 2.727  head 0.181  bwd_extra 0.876  peak 4.132
[memsplit] iter 85940  persist 0.548  bb 2.724  head 0.182  bwd_extra 0.768  peak 4.223
[memsplit] iter 85960  persist 0.548  bb 2.724  head 0.182  bwd_extra 0.768  peak 4.223
[memsplit] iter 85980  persist 0.548  bb 2.724  head 0.182  bwd_extra 0.768  peak 4.223
[mem] iter  86000 win_alloc 4.223 win_res 5.814 cur_res 5.814 retries 0
Task [86000/100020], Train Loss: 0.0058126, Train Accuracy: 0.9988000
[memsplit] iter 86000  persist 0.347  bb 2.727  head 0.181  bwd_extra 0.876  peak 4.131
[memsplit] iter 86020  persist 0.547  bb 2.724  head 0.182  bwd_extra 0.768  peak 4.222
[memsplit] iter 86040  persist 0.547  bb 2.724  head 0.182  bwd_extra 0.768  peak 4.222
[memsplit] iter 86060  persist 0.547  bb 2.724  head 0.182  bwd_extra 0.768  peak 4.222
[memsplit] iter 86080  persist 0.347  bb 2.727  head 0.181  bwd_extra 0.876  peak 4.131
[mem] iter  86100 win_alloc 4.222 win_res 5.814 cur_res 5.814 retries 0
[memsplit] iter 86100  persist 0.547  bb 2.724  head 0.182  bwd_extra 0.768  peak 4.222
[memsplit] iter 86120  persist 0.547  bb 2.724  head 0.182  bwd_extra 0.768  peak 4.222
[memsplit] iter 86140  persist 0.547  bb 2.724  head 0.182  bwd_extra 0.768  peak 4.222
[memsplit] iter 86160  persist 0.347  bb 2.727  head 0.181  bwd_extra 0.876  peak 4.131
[memsplit] iter 86180  persist 0.547  bb 2.724  head 0.182  bwd_extra 0.768  peak 4.222
[mem] iter  86200 win_alloc 4.222 win_res 5.814 cur_res 5.814 retries 0
[memsplit] iter 86200  persist 0.547  bb 2.724  head 0.182  bwd_extra 0.768  peak 4.222
[memsplit] iter 86220  persist 0.547  bb 2.724  head 0.182  bwd_extra 0.768  peak 4.222
[memsplit] iter 86240  persist 0.347  bb 2.727  head 0.181  bwd_extra 0.876  peak 4.131
[memsplit] iter 86260  persist 0.547  bb 2.724  head 0.182  bwd_extra 0.768  peak 4.222
[memsplit] iter 86280  persist 0.547  bb 2.724  head 0.182  bwd_extra 0.768  peak 4.222
[mem] iter  86300 win_alloc 4.222 win_res 5.814 cur_res 5.814 retries 0
[memsplit] iter 86300  persist 0.547  bb 2.724  head 0.182  bwd_extra 0.768  peak 4.222
[memsplit] iter 86320  persist 0.348  bb 2.727  head 0.181  bwd_extra 0.876  peak 4.131
[memsplit] iter 86340  persist 0.547  bb 2.724  head 0.182  bwd_extra 0.768  peak 4.222
[memsplit] iter 86360  persist 0.547  bb 2.724  head 0.182  bwd_extra 0.768  peak 4.222
[memsplit] iter 86380  persist 0.547  bb 2.724  head 0.182  bwd_extra 0.768  peak 4.222
[mem] iter  86400 win_alloc 4.222 win_res 5.814 cur_res 5.814 retries 0
[memsplit] iter 86400  persist 0.348  bb 2.727  head 0.181  bwd_extra 0.876  peak 4.131
[memsplit] iter 86420  persist 0.547  bb 2.724  head 0.182  bwd_extra 0.768  peak 4.222
[memsplit] iter 86440  persist 0.547  bb 2.724  head 0.182  bwd_extra 0.768  peak 4.222
[memsplit] iter 86460  persist 0.547  bb 2.724  head 0.182  bwd_extra 0.768  peak 4.222
[memsplit] iter 86480  persist 0.348  bb 2.727  head 0.181  bwd_extra 0.876  peak 4.131
[mem] iter  86500 win_alloc 4.222 win_res 5.814 cur_res 5.814 retries 0
[memsplit] iter 86500  persist 0.547  bb 2.724  head 0.182  bwd_extra 0.768  peak 4.222
[memsplit] iter 86520  persist 0.547  bb 2.724  head 0.182  bwd_extra 0.768  peak 4.222
[memsplit] iter 86540  persist 0.547  bb 2.724  head 0.182  bwd_extra 0.768  peak 4.222
[memsplit] iter 86560  persist 0.348  bb 2.727  head 0.181  bwd_extra 0.876  peak 4.132
[memsplit] iter 86580  persist 0.547  bb 2.724  head 0.182  bwd_extra 0.768  peak 4.222
[mem] iter  86600 win_alloc 4.222 win_res 5.814 cur_res 5.814 retries 0
[memsplit] iter 86600  persist 0.547  bb 2.724  head 0.182  bwd_extra 0.768  peak 4.222
[memsplit] iter 86620  persist 0.548  bb 2.724  head 0.182  bwd_extra 0.768  peak 4.222
[memsplit] iter 86640  persist 0.348  bb 2.727  head 0.181  bwd_extra 0.876  peak 4.132
[memsplit] iter 86660  persist 0.548  bb 2.724  head 0.182  bwd_extra 0.768  peak 4.222
[memsplit] iter 86680  persist 0.548  bb 2.724  head 0.182  bwd_extra 0.768  peak 4.222
[mem] iter  86700 win_alloc 4.222 win_res 5.814 cur_res 5.814 retries 0
[memsplit] iter 86700  persist 0.548  bb 2.724  head 0.182  bwd_extra 0.768  peak 4.222
[memsplit] iter 86720  persist 0.348  bb 2.727  head 0.181  bwd_extra 0.876  peak 4.132
[memsplit] iter 86740  persist 0.548  bb 2.724  head 0.182  bwd_extra 0.768  peak 4.222
[memsplit] iter 86760  persist 0.548  bb 2.724  head 0.182  bwd_extra 0.768  peak 4.223
[memsplit] iter 86780  persist 0.548  bb 2.724  head 0.182  bwd_extra 0.768  peak 4.223
[mem] iter  86800 win_alloc 4.223 win_res 5.814 cur_res 5.814 retries 0
[memsplit] iter 86800  persist 0.348  bb 2.727  head 0.181  bwd_extra 0.876  peak 4.132
[memsplit] iter 86820  persist 0.548  bb 2.724  head 0.182  bwd_extra 0.768  peak 4.223
[memsplit] iter 86840  persist 0.548  bb 2.724  head 0.182  bwd_extra 0.768  peak 4.223
[memsplit] iter 86860  persist 0.548  bb 2.724  head 0.182  bwd_extra 0.768  peak 4.223
[memsplit] iter 86880  persist 0.348  bb 2.727  head 0.181  bwd_extra 0.876  peak 4.132
[mem] iter  86900 win_alloc 4.223 win_res 5.814 cur_res 5.814 retries 0
[memsplit] iter 86900  persist 0.548  bb 2.724  head 0.182  bwd_extra 0.768  peak 4.223
[memsplit] iter 86920  persist 0.548  bb 2.724  head 0.182  bwd_extra 0.768  peak 4.223
[memsplit] iter 86940  persist 0.548  bb 2.724  head 0.182  bwd_extra 0.768  peak 4.223
[memsplit] iter 86960  persist 0.348  bb 2.727  head 0.181  bwd_extra 0.876  peak 4.132
[memsplit] iter 86980  persist 0.548  bb 2.724  head 0.182  bwd_extra 0.768  peak 4.223
[mem] iter  87000 win_alloc 4.223 win_res 5.814 cur_res 5.814 retries 0
Task [87000/100020], Train Loss: 0.0040499, Train Accuracy: 0.9992400
[memsplit] iter 87000  persist 0.547  bb 2.724  head 0.182  bwd_extra 0.768  peak 4.222
[memsplit] iter 87020  persist 0.547  bb 2.724  head 0.182  bwd_extra 0.768  peak 4.222
[memsplit] iter 87040  persist 0.347  bb 2.727  head 0.181  bwd_extra 0.876  peak 4.131
[memsplit] iter 87060  persist 0.547  bb 2.724  head 0.182  bwd_extra 0.768  peak 4.222
[memsplit] iter 87080  persist 0.547  bb 2.724  head 0.182  bwd_extra 0.768  peak 4.222
[mem] iter  87100 win_alloc 4.222 win_res 5.814 cur_res 5.814 retries 0
[memsplit] iter 87100  persist 0.547  bb 2.724  head 0.182  bwd_extra 0.768  peak 4.222
[memsplit] iter 87120  persist 0.347  bb 2.727  head 0.181  bwd_extra 0.876  peak 4.131
[memsplit] iter 87140  persist 0.547  bb 2.724  head 0.182  bwd_extra 0.768  peak 4.222
[memsplit] iter 87160  persist 0.547  bb 2.724  head 0.182  bwd_extra 0.768  peak 4.222
[memsplit] iter 87180  persist 0.547  bb 2.724  head 0.182  bwd_extra 0.768  peak 4.222
[mem] iter  87200 win_alloc 4.222 win_res 5.814 cur_res 5.814 retries 0
[memsplit] iter 87200  persist 0.347  bb 2.727  head 0.181  bwd_extra 0.876  peak 4.131
[memsplit] iter 87220  persist 0.547  bb 2.724  head 0.182  bwd_extra 0.768  peak 4.222
[memsplit] iter 87240  persist 0.547  bb 2.724  head 0.182  bwd_extra 0.768  peak 4.222
[memsplit] iter 87260  persist 0.547  bb 2.724  head 0.182  bwd_extra 0.768  peak 4.222
[memsplit] iter 87280  persist 0.348  bb 2.727  head 0.181  bwd_extra 0.876  peak 4.131
[mem] iter  87300 win_alloc 4.222 win_res 5.814 cur_res 5.814 retries 0
[memsplit] iter 87300  persist 0.547  bb 2.724  head 0.182  bwd_extra 0.768  peak 4.222
[memsplit] iter 87320  persist 0.547  bb 2.724  head 0.182  bwd_extra 0.768  peak 4.222
[memsplit] iter 87340  persist 0.547  bb 2.724  head 0.182  bwd_extra 0.768  peak 4.222
[memsplit] iter 87360  persist 0.348  bb 2.727  head 0.181  bwd_extra 0.876  peak 4.131
[memsplit] iter 87380  persist 0.547  bb 2.724  head 0.182  bwd_extra 0.768  peak 4.222
[mem] iter  87400 win_alloc 4.222 win_res 5.814 cur_res 5.814 retries 0
[memsplit] iter 87400  persist 0.547  bb 2.724  head 0.182  bwd_extra 0.768  peak 4.222
[memsplit] iter 87420  persist 0.547  bb 2.724  head 0.182  bwd_extra 0.768  peak 4.222
[memsplit] iter 87440  persist 0.348  bb 2.727  head 0.181  bwd_extra 0.876  peak 4.131
[memsplit] iter 87460  persist 0.547  bb 2.724  head 0.182  bwd_extra 0.768  peak 4.222
[memsplit] iter 87480  persist 0.547  bb 2.724  head 0.182  bwd_extra 0.768  peak 4.222
[mem] iter  87500 win_alloc 4.222 win_res 5.814 cur_res 5.814 retries 0
[memsplit] iter 87500  persist 0.547  bb 2.724  head 0.182  bwd_extra 0.768  peak 4.222
[memsplit] iter 87520  persist 0.348  bb 2.727  head 0.181  bwd_extra 0.876  peak 4.131
[memsplit] iter 87540  persist 0.547  bb 2.724  head 0.182  bwd_extra 0.768  peak 4.222
[memsplit] iter 87560  persist 0.547  bb 2.724  head 0.182  bwd_extra 0.768  peak 4.222
[memsplit] iter 87580  persist 0.547  bb 2.724  head 0.182  bwd_extra 0.768  peak 4.222
[mem] iter  87600 win_alloc 4.222 win_res 5.814 cur_res 5.814 retries 0
[memsplit] iter 87600  persist 0.348  bb 2.727  head 0.181  bwd_extra 0.876  peak 4.132
[memsplit] iter 87620  persist 0.548  bb 2.724  head 0.182  bwd_extra 0.768  peak 4.222
[memsplit] iter 87640  persist 0.548  bb 2.724  head 0.182  bwd_extra 0.768  peak 4.222
[memsplit] iter 87660  persist 0.548  bb 2.724  head 0.182  bwd_extra 0.768  peak 4.222
[memsplit] iter 87680  persist 0.348  bb 2.727  head 0.181  bwd_extra 0.876  peak 4.132
[mem] iter  87700 win_alloc 4.222 win_res 5.814 cur_res 5.814 retries 0
[memsplit] iter 87700  persist 0.548  bb 2.724  head 0.182  bwd_extra 0.768  peak 4.222
[memsplit] iter 87720  persist 0.548  bb 2.724  head 0.182  bwd_extra 0.768  peak 4.222
[memsplit] iter 87740  persist 0.548  bb 2.724  head 0.182  bwd_extra 0.768  peak 4.222
[memsplit] iter 87760  persist 0.348  bb 2.727  head 0.181  bwd_extra 0.876  peak 4.132
[memsplit] iter 87780  persist 0.548  bb 2.724  head 0.182  bwd_extra 0.768  peak 4.223
[mem] iter  87800 win_alloc 4.223 win_res 5.814 cur_res 5.814 retries 0
[memsplit] iter 87800  persist 0.548  bb 2.724  head 0.182  bwd_extra 0.768  peak 4.223
[memsplit] iter 87820  persist 0.548  bb 2.724  head 0.182  bwd_extra 0.768  peak 4.223
[memsplit] iter 87840  persist 0.348  bb 2.727  head 0.181  bwd_extra 0.876  peak 4.132
[memsplit] iter 87860  persist 0.548  bb 2.724  head 0.182  bwd_extra 0.768  peak 4.223
[memsplit] iter 87880  persist 0.548  bb 2.724  head 0.182  bwd_extra 0.768  peak 4.223
[mem] iter  87900 win_alloc 4.223 win_res 5.814 cur_res 5.814 retries 0
[memsplit] iter 87900  persist 0.548  bb 2.724  head 0.182  bwd_extra 0.768  peak 4.223
[memsplit] iter 87920  persist 0.348  bb 2.727  head 0.181  bwd_extra 0.876  peak 4.132
[memsplit] iter 87940  persist 0.548  bb 2.724  head 0.182  bwd_extra 0.768  peak 4.223
[memsplit] iter 87960  persist 0.548  bb 2.724  head 0.182  bwd_extra 0.768  peak 4.223
[memsplit] iter 87980  persist 0.548  bb 2.724  head 0.182  bwd_extra 0.768  peak 4.223
[mem] iter  88000 win_alloc 4.223 win_res 5.814 cur_res 5.814 retries 0
Task [88000/100020], Train Loss: 0.0058571, Train Accuracy: 0.9986001
[memsplit] iter 88000  persist 0.347  bb 2.727  head 0.181  bwd_extra 0.876  peak 4.131
[memsplit] iter 88020  persist 0.547  bb 2.724  head 0.182  bwd_extra 0.768  peak 4.222
[memsplit] iter 88040  persist 0.547  bb 2.724  head 0.182  bwd_extra 0.768  peak 4.222
[memsplit] iter 88060  persist 0.547  bb 2.724  head 0.182  bwd_extra 0.768  peak 4.222
[memsplit] iter 88080  persist 0.347  bb 2.727  head 0.181  bwd_extra 0.876  peak 4.131
[mem] iter  88100 win_alloc 4.222 win_res 5.814 cur_res 5.814 retries 0
[memsplit] iter 88100  persist 0.547  bb 2.724  head 0.182  bwd_extra 0.768  peak 4.222
[memsplit] iter 88120  persist 0.547  bb 2.724  head 0.182  bwd_extra 0.768  peak 4.222
[memsplit] iter 88140  persist 0.547  bb 2.724  head 0.182  bwd_extra 0.768  peak 4.222
[memsplit] iter 88160  persist 0.347  bb 2.727  head 0.181  bwd_extra 0.876  peak 4.131
[memsplit] iter 88180  persist 0.547  bb 2.724  head 0.182  bwd_extra 0.768  peak 4.222
[mem] iter  88200 win_alloc 4.222 win_res 5.814 cur_res 5.814 retries 0
[memsplit] iter 88200  persist 0.547  bb 2.724  head 0.182  bwd_extra 0.768  peak 4.222
[memsplit] iter 88220  persist 0.547  bb 2.724  head 0.182  bwd_extra 0.768  peak 4.222
[memsplit] iter 88240  persist 0.347  bb 2.727  head 0.181  bwd_extra 0.876  peak 4.131
[memsplit] iter 88260  persist 0.547  bb 2.724  head 0.182  bwd_extra 0.768  peak 4.222
[memsplit] iter 88280  persist 0.547  bb 2.724  head 0.182  bwd_extra 0.768  peak 4.222
[mem] iter  88300 win_alloc 4.222 win_res 5.814 cur_res 5.814 retries 0
[memsplit] iter 88300  persist 0.547  bb 2.724  head 0.182  bwd_extra 0.768  peak 4.222
[memsplit] iter 88320  persist 0.348  bb 2.727  head 0.181  bwd_extra 0.876  peak 4.131
[memsplit] iter 88340  persist 0.547  bb 2.724  head 0.182  bwd_extra 0.768  peak 4.222
[memsplit] iter 88360  persist 0.547  bb 2.724  head 0.182  bwd_extra 0.768  peak 4.222
[memsplit] iter 88380  persist 0.547  bb 2.724  head 0.182  bwd_extra 0.768  peak 4.222
[mem] iter  88400 win_alloc 4.222 win_res 5.814 cur_res 5.814 retries 0
[memsplit] iter 88400  persist 0.348  bb 2.727  head 0.181  bwd_extra 0.876  peak 4.131
[memsplit] iter 88420  persist 0.547  bb 2.724  head 0.182  bwd_extra 0.768  peak 4.222
[memsplit] iter 88440  persist 0.547  bb 2.724  head 0.182  bwd_extra 0.768  peak 4.222
[memsplit] iter 88460  persist 0.547  bb 2.724  head 0.182  bwd_extra 0.768  peak 4.222
[memsplit] iter 88480  persist 0.348  bb 2.727  head 0.181  bwd_extra 0.876  peak 4.131
[mem] iter  88500 win_alloc 4.222 win_res 5.814 cur_res 5.814 retries 0
[memsplit] iter 88500  persist 0.547  bb 2.724  head 0.182  bwd_extra 0.768  peak 4.222
[memsplit] iter 88520  persist 0.547  bb 2.724  head 0.182  bwd_extra 0.768  peak 4.222
[memsplit] iter 88540  persist 0.547  bb 2.724  head 0.182  bwd_extra 0.768  peak 4.222
[memsplit] iter 88560  persist 0.348  bb 2.727  head 0.181  bwd_extra 0.876  peak 4.132
[memsplit] iter 88580  persist 0.547  bb 2.724  head 0.182  bwd_extra 0.768  peak 4.222
[mem] iter  88600 win_alloc 4.222 win_res 5.814 cur_res 5.814 retries 0
[memsplit] iter 88600  persist 0.547  bb 2.724  head 0.182  bwd_extra 0.768  peak 4.222
[memsplit] iter 88620  persist 0.548  bb 2.724  head 0.182  bwd_extra 0.768  peak 4.222
[memsplit] iter 88640  persist 0.348  bb 2.727  head 0.181  bwd_extra 0.876  peak 4.132
[memsplit] iter 88660  persist 0.548  bb 2.724  head 0.182  bwd_extra 0.768  peak 4.222
[memsplit] iter 88680  persist 0.548  bb 2.724  head 0.182  bwd_extra 0.768  peak 4.222
[mem] iter  88700 win_alloc 4.222 win_res 5.814 cur_res 5.814 retries 0
[memsplit] iter 88700  persist 0.548  bb 2.724  head 0.182  bwd_extra 0.768  peak 4.222
[memsplit] iter 88720  persist 0.348  bb 2.727  head 0.181  bwd_extra 0.876  peak 4.132
[memsplit] iter 88740  persist 0.548  bb 2.724  head 0.182  bwd_extra 0.768  peak 4.222
[memsplit] iter 88760  persist 0.548  bb 2.724  head 0.182  bwd_extra 0.768  peak 4.223
[memsplit] iter 88780  persist 0.548  bb 2.724  head 0.182  bwd_extra 0.768  peak 4.223
[mem] iter  88800 win_alloc 4.223 win_res 5.814 cur_res 5.814 retries 0
[memsplit] iter 88800  persist 0.348  bb 2.727  head 0.181  bwd_extra 0.876  peak 4.132
[memsplit] iter 88820  persist 0.548  bb 2.724  head 0.182  bwd_extra 0.768  peak 4.223
[memsplit] iter 88840  persist 0.548  bb 2.724  head 0.182  bwd_extra 0.768  peak 4.223
[memsplit] iter 88860  persist 0.548  bb 2.724  head 0.182  bwd_extra 0.768  peak 4.223
[memsplit] iter 88880  persist 0.348  bb 2.727  head 0.181  bwd_extra 0.876  peak 4.132
[mem] iter  88900 win_alloc 4.223 win_res 5.814 cur_res 5.814 retries 0
[memsplit] iter 88900  persist 0.548  bb 2.724  head 0.182  bwd_extra 0.768  peak 4.223
[memsplit] iter 88920  persist 0.548  bb 2.724  head 0.182  bwd_extra 0.768  peak 4.223
[memsplit] iter 88940  persist 0.548  bb 2.724  head 0.182  bwd_extra 0.768  peak 4.223
[memsplit] iter 88960  persist 0.348  bb 2.727  head 0.181  bwd_extra 0.876  peak 4.132
[memsplit] iter 88980  persist 0.548  bb 2.724  head 0.182  bwd_extra 0.768  peak 4.223
[mem] iter  89000 win_alloc 4.223 win_res 5.814 cur_res 5.814 retries 0
Task [89000/100020], Train Loss: 0.0053463, Train Accuracy: 0.9989600
[memsplit] iter 89000  persist 0.547  bb 2.724  head 0.182  bwd_extra 0.768  peak 4.222
[memsplit] iter 89020  persist 0.547  bb 2.724  head 0.182  bwd_extra 0.768  peak 4.222
[memsplit] iter 89040  persist 0.347  bb 2.727  head 0.181  bwd_extra 0.876  peak 4.131
[memsplit] iter 89060  persist 0.547  bb 2.724  head 0.182  bwd_extra 0.768  peak 4.222
[memsplit] iter 89080  persist 0.547  bb 2.724  head 0.182  bwd_extra 0.768  peak 4.222
[mem] iter  89100 win_alloc 4.222 win_res 5.814 cur_res 5.814 retries 0
[memsplit] iter 89100  persist 0.547  bb 2.724  head 0.182  bwd_extra 0.768  peak 4.222
[memsplit] iter 89120  persist 0.347  bb 2.727  head 0.181  bwd_extra 0.876  peak 4.131
[memsplit] iter 89140  persist 0.547  bb 2.724  head 0.182  bwd_extra 0.768  peak 4.222
[memsplit] iter 89160  persist 0.547  bb 2.724  head 0.182  bwd_extra 0.768  peak 4.222
[memsplit] iter 89180  persist 0.547  bb 2.724  head 0.182  bwd_extra 0.768  peak 4.222
[mem] iter  89200 win_alloc 4.222 win_res 5.814 cur_res 5.814 retries 0
[memsplit] iter 89200  persist 0.347  bb 2.727  head 0.181  bwd_extra 0.876  peak 4.131
[memsplit] iter 89220  persist 0.547  bb 2.724  head 0.182  bwd_extra 0.768  peak 4.222
[memsplit] iter 89240  persist 0.547  bb 2.724  head 0.182  bwd_extra 0.768  peak 4.222
[memsplit] iter 89260  persist 0.547  bb 2.724  head 0.182  bwd_extra 0.768  peak 4.222
[memsplit] iter 89280  persist 0.348  bb 2.727  head 0.181  bwd_extra 0.876  peak 4.131
[mem] iter  89300 win_alloc 4.222 win_res 5.814 cur_res 5.814 retries 0
[memsplit] iter 89300  persist 0.547  bb 2.724  head 0.182  bwd_extra 0.768  peak 4.222
[memsplit] iter 89320  persist 0.547  bb 2.724  head 0.182  bwd_extra 0.768  peak 4.222
[memsplit] iter 89340  persist 0.547  bb 2.724  head 0.182  bwd_extra 0.768  peak 4.222
[memsplit] iter 89360  persist 0.348  bb 2.727  head 0.181  bwd_extra 0.876  peak 4.131
[memsplit] iter 89380  persist 0.547  bb 2.724  head 0.182  bwd_extra 0.768  peak 4.222
[mem] iter  89400 win_alloc 4.222 win_res 5.814 cur_res 5.814 retries 0
[memsplit] iter 89400  persist 0.547  bb 2.724  head 0.182  bwd_extra 0.768  peak 4.222
[memsplit] iter 89420  persist 0.547  bb 2.724  head 0.182  bwd_extra 0.768  peak 4.222
[memsplit] iter 89440  persist 0.348  bb 2.727  head 0.181  bwd_extra 0.876  peak 4.131
[memsplit] iter 89460  persist 0.547  bb 2.724  head 0.182  bwd_extra 0.768  peak 4.222
[memsplit] iter 89480  persist 0.547  bb 2.724  head 0.182  bwd_extra 0.768  peak 4.222
[mem] iter  89500 win_alloc 4.222 win_res 5.814 cur_res 5.814 retries 0
[memsplit] iter 89500  persist 0.547  bb 2.724  head 0.182  bwd_extra 0.768  peak 4.222
[memsplit] iter 89520  persist 0.348  bb 2.727  head 0.181  bwd_extra 0.876  peak 4.131
[memsplit] iter 89540  persist 0.547  bb 2.724  head 0.182  bwd_extra 0.768  peak 4.222
[memsplit] iter 89560  persist 0.547  bb 2.724  head 0.182  bwd_extra 0.768  peak 4.222
[memsplit] iter 89580  persist 0.547  bb 2.724  head 0.182  bwd_extra 0.768  peak 4.222
[mem] iter  89600 win_alloc 4.222 win_res 5.814 cur_res 5.814 retries 0
[memsplit] iter 89600  persist 0.348  bb 2.727  head 0.181  bwd_extra 0.876  peak 4.132
[memsplit] iter 89620  persist 0.548  bb 2.724  head 0.182  bwd_extra 0.768  peak 4.222
[memsplit] iter 89640  persist 0.548  bb 2.724  head 0.182  bwd_extra 0.768  peak 4.222
[memsplit] iter 89660  persist 0.548  bb 2.724  head 0.182  bwd_extra 0.768  peak 4.222
[memsplit] iter 89680  persist 0.348  bb 2.727  head 0.181  bwd_extra 0.876  peak 4.132
[mem] iter  89700 win_alloc 4.222 win_res 5.814 cur_res 5.814 retries 0
[memsplit] iter 89700  persist 0.548  bb 2.724  head 0.182  bwd_extra 0.768  peak 4.222
[memsplit] iter 89720  persist 0.548  bb 2.724  head 0.182  bwd_extra 0.768  peak 4.222
[memsplit] iter 89740  persist 0.548  bb 2.724  head 0.182  bwd_extra 0.768  peak 4.222
[memsplit] iter 89760  persist 0.348  bb 2.727  head 0.181  bwd_extra 0.876  peak 4.132
[memsplit] iter 89780  persist 0.548  bb 2.724  head 0.182  bwd_extra 0.768  peak 4.223
[mem] iter  89800 win_alloc 4.223 win_res 5.814 cur_res 5.814 retries 0
[memsplit] iter 89800  persist 0.548  bb 2.724  head 0.182  bwd_extra 0.768  peak 4.223
[memsplit] iter 89820  persist 0.548  bb 2.724  head 0.182  bwd_extra 0.768  peak 4.223
[memsplit] iter 89840  persist 0.348  bb 2.727  head 0.181  bwd_extra 0.876  peak 4.132
[memsplit] iter 89860  persist 0.548  bb 2.724  head 0.182  bwd_extra 0.768  peak 4.223
[memsplit] iter 89880  persist 0.548  bb 2.724  head 0.182  bwd_extra 0.768  peak 4.223
[mem] iter  89900 win_alloc 4.223 win_res 5.814 cur_res 5.814 retries 0
[memsplit] iter 89900  persist 0.548  bb 2.724  head 0.182  bwd_extra 0.768  peak 4.223
[memsplit] iter 89920  persist 0.348  bb 2.727  head 0.181  bwd_extra 0.876  peak 4.132
[memsplit] iter 89940  persist 0.548  bb 2.724  head 0.182  bwd_extra 0.768  peak 4.223
[memsplit] iter 89960  persist 0.548  bb 2.724  head 0.182  bwd_extra 0.768  peak 4.223
[memsplit] iter 89980  persist 0.548  bb 2.724  head 0.182  bwd_extra 0.768  peak 4.223
[mem] iter  90000 win_alloc 4.223 win_res 5.814 cur_res 5.814 retries 0
Task [90000/100020], Train Loss: 0.0054350, Train Accuracy: 0.9990800
[memsplit] iter 90000  persist 0.347  bb 2.727  head 0.181  bwd_extra 0.876  peak 4.131
[memsplit] iter 90020  persist 0.547  bb 2.724  head 0.182  bwd_extra 0.768  peak 4.222
[memsplit] iter 90040  persist 0.547  bb 2.724  head 0.182  bwd_extra 0.768  peak 4.222
[memsplit] iter 90060  persist 0.547  bb 2.724  head 0.182  bwd_extra 0.768  peak 4.222
[memsplit] iter 90080  persist 0.347  bb 2.727  head 0.181  bwd_extra 0.876  peak 4.131
[mem] iter  90100 win_alloc 4.222 win_res 5.814 cur_res 5.814 retries 0
[memsplit] iter 90100  persist 0.547  bb 2.724  head 0.182  bwd_extra 0.768  peak 4.222
[memsplit] iter 90120  persist 0.547  bb 2.724  head 0.182  bwd_extra 0.768  peak 4.222
[memsplit] iter 90140  persist 0.547  bb 2.724  head 0.182  bwd_extra 0.768  peak 4.222
[memsplit] iter 90160  persist 0.347  bb 2.727  head 0.181  bwd_extra 0.876  peak 4.131
[memsplit] iter 90180  persist 0.547  bb 2.724  head 0.182  bwd_extra 0.768  peak 4.222
[mem] iter  90200 win_alloc 4.222 win_res 5.814 cur_res 5.814 retries 0
[memsplit] iter 90200  persist 0.547  bb 2.724  head 0.182  bwd_extra 0.768  peak 4.222
[memsplit] iter 90220  persist 0.547  bb 2.724  head 0.182  bwd_extra 0.768  peak 4.222
[memsplit] iter 90240  persist 0.347  bb 2.727  head 0.181  bwd_extra 0.876  peak 4.131
[memsplit] iter 90260  persist 0.547  bb 2.724  head 0.182  bwd_extra 0.768  peak 4.222
[memsplit] iter 90280  persist 0.547  bb 2.724  head 0.182  bwd_extra 0.768  peak 4.222
[mem] iter  90300 win_alloc 4.222 win_res 5.814 cur_res 5.814 retries 0
[memsplit] iter 90300  persist 0.547  bb 2.724  head 0.182  bwd_extra 0.768  peak 4.222
[memsplit] iter 90320  persist 0.348  bb 2.727  head 0.181  bwd_extra 0.876  peak 4.131
[memsplit] iter 90340  persist 0.547  bb 2.724  head 0.182  bwd_extra 0.768  peak 4.222
[memsplit] iter 90360  persist 0.547  bb 2.724  head 0.182  bwd_extra 0.768  peak 4.222
[memsplit] iter 90380  persist 0.547  bb 2.724  head 0.182  bwd_extra 0.768  peak 4.222
[mem] iter  90400 win_alloc 4.222 win_res 5.814 cur_res 5.814 retries 0
[memsplit] iter 90400  persist 0.348  bb 2.727  head 0.181  bwd_extra 0.876  peak 4.131
[memsplit] iter 90420  persist 0.547  bb 2.724  head 0.182  bwd_extra 0.768  peak 4.222
[memsplit] iter 90440  persist 0.547  bb 2.724  head 0.182  bwd_extra 0.768  peak 4.222
[memsplit] iter 90460  persist 0.547  bb 2.724  head 0.182  bwd_extra 0.768  peak 4.222
[memsplit] iter 90480  persist 0.348  bb 2.727  head 0.181  bwd_extra 0.876  peak 4.131
[mem] iter  90500 win_alloc 4.222 win_res 5.814 cur_res 5.814 retries 0
[memsplit] iter 90500  persist 0.547  bb 2.724  head 0.182  bwd_extra 0.768  peak 4.222
[memsplit] iter 90520  persist 0.547  bb 2.724  head 0.182  bwd_extra 0.768  peak 4.222
[memsplit] iter 90540  persist 0.547  bb 2.724  head 0.182  bwd_extra 0.768  peak 4.222
[memsplit] iter 90560  persist 0.348  bb 2.727  head 0.181  bwd_extra 0.876  peak 4.132
[memsplit] iter 90580  persist 0.547  bb 2.724  head 0.182  bwd_extra 0.768  peak 4.222
[mem] iter  90600 win_alloc 4.222 win_res 5.814 cur_res 5.814 retries 0
[memsplit] iter 90600  persist 0.547  bb 2.724  head 0.182  bwd_extra 0.768  peak 4.222
[memsplit] iter 90620  persist 0.548  bb 2.724  head 0.182  bwd_extra 0.768  peak 4.222
[memsplit] iter 90640  persist 0.348  bb 2.727  head 0.181  bwd_extra 0.876  peak 4.132
[memsplit] iter 90660  persist 0.548  bb 2.724  head 0.182  bwd_extra 0.768  peak 4.222
[memsplit] iter 90680  persist 0.548  bb 2.724  head 0.182  bwd_extra 0.768  peak 4.222
[mem] iter  90700 win_alloc 4.222 win_res 5.814 cur_res 5.814 retries 0
[memsplit] iter 90700  persist 0.548  bb 2.724  head 0.182  bwd_extra 0.768  peak 4.222
[memsplit] iter 90720  persist 0.348  bb 2.727  head 0.181  bwd_extra 0.876  peak 4.132
[memsplit] iter 90740  persist 0.548  bb 2.724  head 0.182  bwd_extra 0.768  peak 4.222
[memsplit] iter 90760  persist 0.548  bb 2.724  head 0.182  bwd_extra 0.768  peak 4.223
[memsplit] iter 90780  persist 0.548  bb 2.724  head 0.182  bwd_extra 0.768  peak 4.223
[mem] iter  90800 win_alloc 4.223 win_res 5.814 cur_res 5.814 retries 0
[memsplit] iter 90800  persist 0.348  bb 2.727  head 0.181  bwd_extra 0.876  peak 4.132
[memsplit] iter 90820  persist 0.548  bb 2.724  head 0.182  bwd_extra 0.768  peak 4.223
[memsplit] iter 90840  persist 0.548  bb 2.724  head 0.182  bwd_extra 0.768  peak 4.223
[memsplit] iter 90860  persist 0.548  bb 2.724  head 0.182  bwd_extra 0.768  peak 4.223
[memsplit] iter 90880  persist 0.348  bb 2.727  head 0.181  bwd_extra 0.876  peak 4.132
[mem] iter  90900 win_alloc 4.223 win_res 5.814 cur_res 5.814 retries 0
[memsplit] iter 90900  persist 0.548  bb 2.724  head 0.182  bwd_extra 0.768  peak 4.223
[memsplit] iter 90920  persist 0.548  bb 2.724  head 0.182  bwd_extra 0.768  peak 4.223
[memsplit] iter 90940  persist 0.548  bb 2.724  head 0.182  bwd_extra 0.768  peak 4.223
[memsplit] iter 90960  persist 0.348  bb 2.727  head 0.181  bwd_extra 0.876  peak 4.132
[memsplit] iter 90980  persist 0.548  bb 2.724  head 0.182  bwd_extra 0.768  peak 4.223
[mem] iter  91000 win_alloc 4.223 win_res 5.814 cur_res 5.814 retries 0
Task [91000/100020], Train Loss: 0.0064243, Train Accuracy: 0.9985200
[memsplit] iter 91000  persist 0.547  bb 2.724  head 0.182  bwd_extra 0.768  peak 4.222
[memsplit] iter 91020  persist 0.547  bb 2.724  head 0.182  bwd_extra 0.768  peak 4.222
[memsplit] iter 91040  persist 0.347  bb 2.727  head 0.181  bwd_extra 0.876  peak 4.131
[memsplit] iter 91060  persist 0.547  bb 2.724  head 0.182  bwd_extra 0.768  peak 4.222
[memsplit] iter 91080  persist 0.547  bb 2.724  head 0.182  bwd_extra 0.768  peak 4.222
[mem] iter  91100 win_alloc 4.222 win_res 5.814 cur_res 5.814 retries 0
[memsplit] iter 91100  persist 0.547  bb 2.724  head 0.182  bwd_extra 0.768  peak 4.222
[memsplit] iter 91120  persist 0.347  bb 2.727  head 0.181  bwd_extra 0.876  peak 4.131
[memsplit] iter 91140  persist 0.547  bb 2.724  head 0.182  bwd_extra 0.768  peak 4.222
[memsplit] iter 91160  persist 0.547  bb 2.724  head 0.182  bwd_extra 0.768  peak 4.222
[memsplit] iter 91180  persist 0.547  bb 2.724  head 0.182  bwd_extra 0.768  peak 4.222
[mem] iter  91200 win_alloc 4.222 win_res 5.814 cur_res 5.814 retries 0
[memsplit] iter 91200  persist 0.347  bb 2.727  head 0.181  bwd_extra 0.876  peak 4.131
[memsplit] iter 91220  persist 0.547  bb 2.724  head 0.182  bwd_extra 0.768  peak 4.222
[memsplit] iter 91240  persist 0.547  bb 2.724  head 0.182  bwd_extra 0.768  peak 4.222
[memsplit] iter 91260  persist 0.547  bb 2.724  head 0.182  bwd_extra 0.768  peak 4.222
[memsplit] iter 91280  persist 0.348  bb 2.727  head 0.181  bwd_extra 0.876  peak 4.131
[mem] iter  91300 win_alloc 4.222 win_res 5.814 cur_res 5.814 retries 0
[memsplit] iter 91300  persist 0.547  bb 2.724  head 0.182  bwd_extra 0.768  peak 4.222
[memsplit] iter 91320  persist 0.547  bb 2.724  head 0.182  bwd_extra 0.768  peak 4.222
[memsplit] iter 91340  persist 0.547  bb 2.724  head 0.182  bwd_extra 0.768  peak 4.222
[memsplit] iter 91360  persist 0.348  bb 2.727  head 0.181  bwd_extra 0.876  peak 4.131
[memsplit] iter 91380  persist 0.547  bb 2.724  head 0.182  bwd_extra 0.768  peak 4.222
[mem] iter  91400 win_alloc 4.222 win_res 5.814 cur_res 5.814 retries 0
[memsplit] iter 91400  persist 0.547  bb 2.724  head 0.182  bwd_extra 0.768  peak 4.222
[memsplit] iter 91420  persist 0.547  bb 2.724  head 0.182  bwd_extra 0.768  peak 4.222
[memsplit] iter 91440  persist 0.348  bb 2.727  head 0.181  bwd_extra 0.876  peak 4.131
[memsplit] iter 91460  persist 0.547  bb 2.724  head 0.182  bwd_extra 0.768  peak 4.222
[memsplit] iter 91480  persist 0.547  bb 2.724  head 0.182  bwd_extra 0.768  peak 4.222
[mem] iter  91500 win_alloc 4.222 win_res 5.814 cur_res 5.814 retries 0
[memsplit] iter 91500  persist 0.547  bb 2.724  head 0.182  bwd_extra 0.768  peak 4.222
[memsplit] iter 91520  persist 0.348  bb 2.727  head 0.181  bwd_extra 0.876  peak 4.131
[memsplit] iter 91540  persist 0.547  bb 2.724  head 0.182  bwd_extra 0.768  peak 4.222
[memsplit] iter 91560  persist 0.547  bb 2.724  head 0.182  bwd_extra 0.768  peak 4.222
[memsplit] iter 91580  persist 0.547  bb 2.724  head 0.182  bwd_extra 0.768  peak 4.222
[mem] iter  91600 win_alloc 4.222 win_res 5.814 cur_res 5.814 retries 0
[memsplit] iter 91600  persist 0.348  bb 2.727  head 0.181  bwd_extra 0.876  peak 4.132
[memsplit] iter 91620  persist 0.548  bb 2.724  head 0.182  bwd_extra 0.768  peak 4.222
[memsplit] iter 91640  persist 0.548  bb 2.724  head 0.182  bwd_extra 0.768  peak 4.222
[memsplit] iter 91660  persist 0.548  bb 2.724  head 0.182  bwd_extra 0.768  peak 4.222
[memsplit] iter 91680  persist 0.348  bb 2.727  head 0.181  bwd_extra 0.876  peak 4.132
[mem] iter  91700 win_alloc 4.222 win_res 5.814 cur_res 5.814 retries 0
[memsplit] iter 91700  persist 0.548  bb 2.724  head 0.182  bwd_extra 0.768  peak 4.222
[memsplit] iter 91720  persist 0.548  bb 2.724  head 0.182  bwd_extra 0.768  peak 4.222
[memsplit] iter 91740  persist 0.548  bb 2.724  head 0.182  bwd_extra 0.768  peak 4.222
[memsplit] iter 91760  persist 0.348  bb 2.727  head 0.181  bwd_extra 0.876  peak 4.132
[memsplit] iter 91780  persist 0.548  bb 2.724  head 0.182  bwd_extra 0.768  peak 4.223
[mem] iter  91800 win_alloc 4.223 win_res 5.814 cur_res 5.814 retries 0
[memsplit] iter 91800  persist 0.548  bb 2.724  head 0.182  bwd_extra 0.768  peak 4.223
[memsplit] iter 91820  persist 0.548  bb 2.724  head 0.182  bwd_extra 0.768  peak 4.223
[memsplit] iter 91840  persist 0.348  bb 2.727  head 0.181  bwd_extra 0.876  peak 4.132
[memsplit] iter 91860  persist 0.548  bb 2.724  head 0.182  bwd_extra 0.768  peak 4.223
[memsplit] iter 91880  persist 0.548  bb 2.724  head 0.182  bwd_extra 0.768  peak 4.223
[mem] iter  91900 win_alloc 4.223 win_res 5.814 cur_res 5.814 retries 0
[memsplit] iter 91900  persist 0.548  bb 2.724  head 0.182  bwd_extra 0.768  peak 4.223
[memsplit] iter 91920  persist 0.348  bb 2.727  head 0.181  bwd_extra 0.876  peak 4.132
[memsplit] iter 91940  persist 0.548  bb 2.724  head 0.182  bwd_extra 0.768  peak 4.223
[memsplit] iter 91960  persist 0.548  bb 2.724  head 0.182  bwd_extra 0.768  peak 4.223
[memsplit] iter 91980  persist 0.548  bb 2.724  head 0.182  bwd_extra 0.768  peak 4.223
[mem] iter  92000 win_alloc 4.223 win_res 5.814 cur_res 5.814 retries 0
Task [92000/100020], Train Loss: 0.0053172, Train Accuracy: 0.9988800
[memsplit] iter 92000  persist 0.347  bb 2.727  head 0.181  bwd_extra 0.876  peak 4.131
[memsplit] iter 92020  persist 0.547  bb 2.724  head 0.182  bwd_extra 0.768  peak 4.222
[memsplit] iter 92040  persist 0.547  bb 2.724  head 0.182  bwd_extra 0.768  peak 4.222
[memsplit] iter 92060  persist 0.547  bb 2.724  head 0.182  bwd_extra 0.768  peak 4.222
[memsplit] iter 92080  persist 0.347  bb 2.727  head 0.181  bwd_extra 0.876  peak 4.131
[mem] iter  92100 win_alloc 4.222 win_res 5.814 cur_res 5.814 retries 0
[memsplit] iter 92100  persist 0.547  bb 2.724  head 0.182  bwd_extra 0.768  peak 4.222
[memsplit] iter 92120  persist 0.547  bb 2.724  head 0.182  bwd_extra 0.768  peak 4.222
[memsplit] iter 92140  persist 0.547  bb 2.724  head 0.182  bwd_extra 0.768  peak 4.222
[memsplit] iter 92160  persist 0.347  bb 2.727  head 0.181  bwd_extra 0.876  peak 4.131
[memsplit] iter 92180  persist 0.547  bb 2.724  head 0.182  bwd_extra 0.768  peak 4.222
[mem] iter  92200 win_alloc 4.222 win_res 5.814 cur_res 5.814 retries 0
[memsplit] iter 92200  persist 0.547  bb 2.724  head 0.182  bwd_extra 0.768  peak 4.222
[memsplit] iter 92220  persist 0.547  bb 2.724  head 0.182  bwd_extra 0.768  peak 4.222
[memsplit] iter 92240  persist 0.347  bb 2.727  head 0.181  bwd_extra 0.876  peak 4.131
[memsplit] iter 92260  persist 0.547  bb 2.724  head 0.182  bwd_extra 0.768  peak 4.222
[memsplit] iter 92280  persist 0.547  bb 2.724  head 0.182  bwd_extra 0.768  peak 4.222
[mem] iter  92300 win_alloc 4.222 win_res 5.814 cur_res 5.814 retries 0
[memsplit] iter 92300  persist 0.547  bb 2.724  head 0.182  bwd_extra 0.768  peak 4.222
[memsplit] iter 92320  persist 0.348  bb 2.727  head 0.181  bwd_extra 0.876  peak 4.131
[memsplit] iter 92340  persist 0.547  bb 2.724  head 0.182  bwd_extra 0.768  peak 4.222
[memsplit] iter 92360  persist 0.547  bb 2.724  head 0.182  bwd_extra 0.768  peak 4.222
[memsplit] iter 92380  persist 0.547  bb 2.724  head 0.182  bwd_extra 0.768  peak 4.222
[mem] iter  92400 win_alloc 4.222 win_res 5.814 cur_res 5.814 retries 0
[memsplit] iter 92400  persist 0.348  bb 2.727  head 0.181  bwd_extra 0.876  peak 4.131
[memsplit] iter 92420  persist 0.547  bb 2.724  head 0.182  bwd_extra 0.768  peak 4.222
[memsplit] iter 92440  persist 0.547  bb 2.724  head 0.182  bwd_extra 0.768  peak 4.222
[memsplit] iter 92460  persist 0.547  bb 2.724  head 0.182  bwd_extra 0.768  peak 4.222
[memsplit] iter 92480  persist 0.348  bb 2.727  head 0.181  bwd_extra 0.876  peak 4.131
[mem] iter  92500 win_alloc 4.222 win_res 5.814 cur_res 5.814 retries 0
[memsplit] iter 92500  persist 0.547  bb 2.724  head 0.182  bwd_extra 0.768  peak 4.222
[memsplit] iter 92520  persist 0.547  bb 2.724  head 0.182  bwd_extra 0.768  peak 4.222
[memsplit] iter 92540  persist 0.547  bb 2.724  head 0.182  bwd_extra 0.768  peak 4.222
[memsplit] iter 92560  persist 0.348  bb 2.727  head 0.181  bwd_extra 0.876  peak 4.132
[memsplit] iter 92580  persist 0.547  bb 2.724  head 0.182  bwd_extra 0.768  peak 4.222
[mem] iter  92600 win_alloc 4.222 win_res 5.814 cur_res 5.814 retries 0
[memsplit] iter 92600  persist 0.547  bb 2.724  head 0.182  bwd_extra 0.768  peak 4.222
[memsplit] iter 92620  persist 0.548  bb 2.724  head 0.182  bwd_extra 0.768  peak 4.222
[memsplit] iter 92640  persist 0.348  bb 2.727  head 0.181  bwd_extra 0.876  peak 4.132
[memsplit] iter 92660  persist 0.548  bb 2.724  head 0.182  bwd_extra 0.768  peak 4.222
[memsplit] iter 92680  persist 0.548  bb 2.724  head 0.182  bwd_extra 0.768  peak 4.222
[mem] iter  92700 win_alloc 4.222 win_res 5.814 cur_res 5.814 retries 0
[memsplit] iter 92700  persist 0.548  bb 2.724  head 0.182  bwd_extra 0.768  peak 4.222
[memsplit] iter 92720  persist 0.348  bb 2.727  head 0.181  bwd_extra 0.876  peak 4.132
[memsplit] iter 92740  persist 0.548  bb 2.724  head 0.182  bwd_extra 0.768  peak 4.222
[memsplit] iter 92760  persist 0.548  bb 2.724  head 0.182  bwd_extra 0.768  peak 4.223
[memsplit] iter 92780  persist 0.548  bb 2.724  head 0.182  bwd_extra 0.768  peak 4.223
[mem] iter  92800 win_alloc 4.223 win_res 5.814 cur_res 5.814 retries 0
[memsplit] iter 92800  persist 0.348  bb 2.727  head 0.181  bwd_extra 0.876  peak 4.132
[memsplit] iter 92820  persist 0.548  bb 2.724  head 0.182  bwd_extra 0.768  peak 4.223
[memsplit] iter 92840  persist 0.548  bb 2.724  head 0.182  bwd_extra 0.768  peak 4.223
[memsplit] iter 92860  persist 0.548  bb 2.724  head 0.182  bwd_extra 0.768  peak 4.223
[memsplit] iter 92880  persist 0.348  bb 2.727  head 0.181  bwd_extra 0.876  peak 4.132
[mem] iter  92900 win_alloc 4.223 win_res 5.814 cur_res 5.814 retries 0
[memsplit] iter 92900  persist 0.548  bb 2.724  head 0.182  bwd_extra 0.768  peak 4.223
[memsplit] iter 92920  persist 0.548  bb 2.724  head 0.182  bwd_extra 0.768  peak 4.223
[memsplit] iter 92940  persist 0.548  bb 2.724  head 0.182  bwd_extra 0.768  peak 4.223
[memsplit] iter 92960  persist 0.348  bb 2.727  head 0.181  bwd_extra 0.876  peak 4.132
[memsplit] iter 92980  persist 0.548  bb 2.724  head 0.182  bwd_extra 0.768  peak 4.223
[mem] iter  93000 win_alloc 4.223 win_res 5.814 cur_res 5.814 retries 0
Task [93000/100020], Train Loss: 0.0061459, Train Accuracy: 0.9985600
[memsplit] iter 93000  persist 0.547  bb 2.724  head 0.182  bwd_extra 0.768  peak 4.222
[memsplit] iter 93020  persist 0.547  bb 2.724  head 0.182  bwd_extra 0.768  peak 4.222
[memsplit] iter 93040  persist 0.347  bb 2.727  head 0.181  bwd_extra 0.876  peak 4.131
[memsplit] iter 93060  persist 0.547  bb 2.724  head 0.182  bwd_extra 0.768  peak 4.222
[memsplit] iter 93080  persist 0.547  bb 2.724  head 0.182  bwd_extra 0.768  peak 4.222
[mem] iter  93100 win_alloc 4.222 win_res 5.814 cur_res 5.814 retries 0
[memsplit] iter 93100  persist 0.547  bb 2.724  head 0.182  bwd_extra 0.768  peak 4.222
[memsplit] iter 93120  persist 0.347  bb 2.727  head 0.181  bwd_extra 0.876  peak 4.131
[memsplit] iter 93140  persist 0.547  bb 2.724  head 0.182  bwd_extra 0.768  peak 4.222
[memsplit] iter 93160  persist 0.547  bb 2.724  head 0.182  bwd_extra 0.768  peak 4.222
[memsplit] iter 93180  persist 0.547  bb 2.724  head 0.182  bwd_extra 0.768  peak 4.222
[mem] iter  93200 win_alloc 4.222 win_res 5.814 cur_res 5.814 retries 0
[memsplit] iter 93200  persist 0.347  bb 2.727  head 0.181  bwd_extra 0.876  peak 4.131
[memsplit] iter 93220  persist 0.547  bb 2.724  head 0.182  bwd_extra 0.768  peak 4.222
[memsplit] iter 93240  persist 0.547  bb 2.724  head 0.182  bwd_extra 0.768  peak 4.222
[memsplit] iter 93260  persist 0.547  bb 2.724  head 0.182  bwd_extra 0.768  peak 4.222
[memsplit] iter 93280  persist 0.348  bb 2.727  head 0.181  bwd_extra 0.876  peak 4.131
[mem] iter  93300 win_alloc 4.222 win_res 5.814 cur_res 5.814 retries 0
[memsplit] iter 93300  persist 0.547  bb 2.724  head 0.182  bwd_extra 0.768  peak 4.222
[memsplit] iter 93320  persist 0.547  bb 2.724  head 0.182  bwd_extra 0.768  peak 4.222
[memsplit] iter 93340  persist 0.547  bb 2.724  head 0.182  bwd_extra 0.768  peak 4.222
[memsplit] iter 93360  persist 0.348  bb 2.727  head 0.181  bwd_extra 0.876  peak 4.131
[memsplit] iter 93380  persist 0.547  bb 2.724  head 0.182  bwd_extra 0.768  peak 4.222
[mem] iter  93400 win_alloc 4.222 win_res 5.814 cur_res 5.814 retries 0
[memsplit] iter 93400  persist 0.547  bb 2.724  head 0.182  bwd_extra 0.768  peak 4.222
[memsplit] iter 93420  persist 0.547  bb 2.724  head 0.182  bwd_extra 0.768  peak 4.222
[memsplit] iter 93440  persist 0.348  bb 2.727  head 0.181  bwd_extra 0.876  peak 4.131
[memsplit] iter 93460  persist 0.547  bb 2.724  head 0.182  bwd_extra 0.768  peak 4.222
[memsplit] iter 93480  persist 0.547  bb 2.724  head 0.182  bwd_extra 0.768  peak 4.222
[mem] iter  93500 win_alloc 4.222 win_res 5.814 cur_res 5.814 retries 0
[memsplit] iter 93500  persist 0.547  bb 2.724  head 0.182  bwd_extra 0.768  peak 4.222
[memsplit] iter 93520  persist 0.348  bb 2.727  head 0.181  bwd_extra 0.876  peak 4.131
[memsplit] iter 93540  persist 0.547  bb 2.724  head 0.182  bwd_extra 0.768  peak 4.222
[memsplit] iter 93560  persist 0.547  bb 2.724  head 0.182  bwd_extra 0.768  peak 4.222
[memsplit] iter 93580  persist 0.547  bb 2.724  head 0.182  bwd_extra 0.768  peak 4.222
[mem] iter  93600 win_alloc 4.222 win_res 5.814 cur_res 5.814 retries 0
[memsplit] iter 93600  persist 0.348  bb 2.727  head 0.181  bwd_extra 0.876  peak 4.132
[memsplit] iter 93620  persist 0.548  bb 2.724  head 0.182  bwd_extra 0.768  peak 4.222
[memsplit] iter 93640  persist 0.548  bb 2.724  head 0.182  bwd_extra 0.768  peak 4.222
[memsplit] iter 93660  persist 0.548  bb 2.724  head 0.182  bwd_extra 0.768  peak 4.222
[memsplit] iter 93680  persist 0.348  bb 2.727  head 0.181  bwd_extra 0.876  peak 4.132
[mem] iter  93700 win_alloc 4.222 win_res 5.814 cur_res 5.814 retries 0
[memsplit] iter 93700  persist 0.548  bb 2.724  head 0.182  bwd_extra 0.768  peak 4.222
[memsplit] iter 93720  persist 0.548  bb 2.724  head 0.182  bwd_extra 0.768  peak 4.222
[memsplit] iter 93740  persist 0.548  bb 2.724  head 0.182  bwd_extra 0.768  peak 4.222
[memsplit] iter 93760  persist 0.348  bb 2.727  head 0.181  bwd_extra 0.876  peak 4.132
[memsplit] iter 93780  persist 0.548  bb 2.724  head 0.182  bwd_extra 0.768  peak 4.223
[mem] iter  93800 win_alloc 4.223 win_res 5.814 cur_res 5.814 retries 0
[memsplit] iter 93800  persist 0.548  bb 2.724  head 0.182  bwd_extra 0.768  peak 4.223
[memsplit] iter 93820  persist 0.548  bb 2.724  head 0.182  bwd_extra 0.768  peak 4.223
[memsplit] iter 93840  persist 0.348  bb 2.727  head 0.181  bwd_extra 0.876  peak 4.132
[memsplit] iter 93860  persist 0.548  bb 2.724  head 0.182  bwd_extra 0.768  peak 4.223
[memsplit] iter 93880  persist 0.548  bb 2.724  head 0.182  bwd_extra 0.768  peak 4.223
[mem] iter  93900 win_alloc 4.223 win_res 5.814 cur_res 5.814 retries 0
[memsplit] iter 93900  persist 0.548  bb 2.724  head 0.182  bwd_extra 0.768  peak 4.223
[memsplit] iter 93920  persist 0.348  bb 2.727  head 0.181  bwd_extra 0.876  peak 4.132
[memsplit] iter 93940  persist 0.548  bb 2.724  head 0.182  bwd_extra 0.768  peak 4.223
[memsplit] iter 93960  persist 0.548  bb 2.724  head 0.182  bwd_extra 0.768  peak 4.223
[memsplit] iter 93980  persist 0.548  bb 2.724  head 0.182  bwd_extra 0.768  peak 4.223
[mem] iter  94000 win_alloc 4.223 win_res 5.814 cur_res 5.814 retries 0
Task [94000/100020], Train Loss: 0.0061704, Train Accuracy: 0.9987200
[memsplit] iter 94000  persist 0.347  bb 2.727  head 0.181  bwd_extra 0.876  peak 4.131
[memsplit] iter 94020  persist 0.547  bb 2.724  head 0.182  bwd_extra 0.768  peak 4.222
[memsplit] iter 94040  persist 0.547  bb 2.724  head 0.182  bwd_extra 0.768  peak 4.222
[memsplit] iter 94060  persist 0.547  bb 2.724  head 0.182  bwd_extra 0.768  peak 4.222
[memsplit] iter 94080  persist 0.347  bb 2.727  head 0.181  bwd_extra 0.876  peak 4.131
[mem] iter  94100 win_alloc 4.222 win_res 5.814 cur_res 5.814 retries 0
[memsplit] iter 94100  persist 0.547  bb 2.724  head 0.182  bwd_extra 0.768  peak 4.222
[memsplit] iter 94120  persist 0.547  bb 2.724  head 0.182  bwd_extra 0.768  peak 4.222
[memsplit] iter 94140  persist 0.547  bb 2.724  head 0.182  bwd_extra 0.768  peak 4.222
[memsplit] iter 94160  persist 0.347  bb 2.727  head 0.181  bwd_extra 0.876  peak 4.131
[memsplit] iter 94180  persist 0.547  bb 2.724  head 0.182  bwd_extra 0.768  peak 4.222
[mem] iter  94200 win_alloc 4.222 win_res 5.814 cur_res 5.814 retries 0
[memsplit] iter 94200  persist 0.547  bb 2.724  head 0.182  bwd_extra 0.768  peak 4.222
[memsplit] iter 94220  persist 0.547  bb 2.724  head 0.182  bwd_extra 0.768  peak 4.222
[memsplit] iter 94240  persist 0.347  bb 2.727  head 0.181  bwd_extra 0.876  peak 4.131
[memsplit] iter 94260  persist 0.547  bb 2.724  head 0.182  bwd_extra 0.768  peak 4.222
[memsplit] iter 94280  persist 0.547  bb 2.724  head 0.182  bwd_extra 0.768  peak 4.222
[mem] iter  94300 win_alloc 4.222 win_res 5.814 cur_res 5.814 retries 0
[memsplit] iter 94300  persist 0.547  bb 2.724  head 0.182  bwd_extra 0.768  peak 4.222
[memsplit] iter 94320  persist 0.348  bb 2.727  head 0.181  bwd_extra 0.876  peak 4.131
[memsplit] iter 94340  persist 0.547  bb 2.724  head 0.182  bwd_extra 0.768  peak 4.222
[memsplit] iter 94360  persist 0.547  bb 2.724  head 0.182  bwd_extra 0.768  peak 4.222
[memsplit] iter 94380  persist 0.547  bb 2.724  head 0.182  bwd_extra 0.768  peak 4.222
[mem] iter  94400 win_alloc 4.222 win_res 5.814 cur_res 5.814 retries 0
[memsplit] iter 94400  persist 0.348  bb 2.727  head 0.181  bwd_extra 0.876  peak 4.131
[memsplit] iter 94420  persist 0.547  bb 2.724  head 0.182  bwd_extra 0.768  peak 4.222
[memsplit] iter 94440  persist 0.547  bb 2.724  head 0.182  bwd_extra 0.768  peak 4.222
[memsplit] iter 94460  persist 0.547  bb 2.724  head 0.182  bwd_extra 0.768  peak 4.222
[memsplit] iter 94480  persist 0.348  bb 2.727  head 0.181  bwd_extra 0.876  peak 4.131
[mem] iter  94500 win_alloc 4.222 win_res 5.814 cur_res 5.814 retries 0
[memsplit] iter 94500  persist 0.547  bb 2.724  head 0.182  bwd_extra 0.768  peak 4.222
[memsplit] iter 94520  persist 0.547  bb 2.724  head 0.182  bwd_extra 0.768  peak 4.222
[memsplit] iter 94540  persist 0.547  bb 2.724  head 0.182  bwd_extra 0.768  peak 4.222
[memsplit] iter 94560  persist 0.348  bb 2.727  head 0.181  bwd_extra 0.876  peak 4.132
[memsplit] iter 94580  persist 0.547  bb 2.724  head 0.182  bwd_extra 0.768  peak 4.222
[mem] iter  94600 win_alloc 4.222 win_res 5.814 cur_res 5.814 retries 0
[memsplit] iter 94600  persist 0.547  bb 2.724  head 0.182  bwd_extra 0.768  peak 4.222
[memsplit] iter 94620  persist 0.548  bb 2.724  head 0.182  bwd_extra 0.768  peak 4.222
[memsplit] iter 94640  persist 0.348  bb 2.727  head 0.181  bwd_extra 0.876  peak 4.132
[memsplit] iter 94660  persist 0.548  bb 2.724  head 0.182  bwd_extra 0.768  peak 4.222
[memsplit] iter 94680  persist 0.548  bb 2.724  head 0.182  bwd_extra 0.768  peak 4.222
[mem] iter  94700 win_alloc 4.222 win_res 5.814 cur_res 5.814 retries 0
[memsplit] iter 94700  persist 0.548  bb 2.724  head 0.182  bwd_extra 0.768  peak 4.222
[memsplit] iter 94720  persist 0.348  bb 2.727  head 0.181  bwd_extra 0.876  peak 4.132
[memsplit] iter 94740  persist 0.548  bb 2.724  head 0.182  bwd_extra 0.768  peak 4.222
[memsplit] iter 94760  persist 0.548  bb 2.724  head 0.182  bwd_extra 0.768  peak 4.223
[memsplit] iter 94780  persist 0.548  bb 2.724  head 0.182  bwd_extra 0.768  peak 4.223
[mem] iter  94800 win_alloc 4.223 win_res 5.814 cur_res 5.814 retries 0
[memsplit] iter 94800  persist 0.348  bb 2.727  head 0.181  bwd_extra 0.876  peak 4.132
[memsplit] iter 94820  persist 0.548  bb 2.724  head 0.182  bwd_extra 0.768  peak 4.223
[memsplit] iter 94840  persist 0.548  bb 2.724  head 0.182  bwd_extra 0.768  peak 4.223
[memsplit] iter 94860  persist 0.548  bb 2.724  head 0.182  bwd_extra 0.768  peak 4.223
[memsplit] iter 94880  persist 0.348  bb 2.727  head 0.181  bwd_extra 0.876  peak 4.132
[mem] iter  94900 win_alloc 4.223 win_res 5.814 cur_res 5.814 retries 0
[memsplit] iter 94900  persist 0.548  bb 2.724  head 0.182  bwd_extra 0.768  peak 4.223
[memsplit] iter 94920  persist 0.548  bb 2.724  head 0.182  bwd_extra 0.768  peak 4.223
[memsplit] iter 94940  persist 0.548  bb 2.724  head 0.182  bwd_extra 0.768  peak 4.223
[memsplit] iter 94960  persist 0.348  bb 2.727  head 0.181  bwd_extra 0.876  peak 4.132
[memsplit] iter 94980  persist 0.548  bb 2.724  head 0.182  bwd_extra 0.768  peak 4.223
[mem] iter  95000 win_alloc 4.223 win_res 5.814 cur_res 5.814 retries 0
Task [95000/100020], Train Loss: 0.0048248, Train Accuracy: 0.9990000
[memsplit] iter 95000  persist 0.547  bb 2.724  head 0.182  bwd_extra 0.768  peak 4.222
[memsplit] iter 95020  persist 0.547  bb 2.724  head 0.182  bwd_extra 0.768  peak 4.222
[memsplit] iter 95040  persist 0.347  bb 2.727  head 0.181  bwd_extra 0.876  peak 4.131
[memsplit] iter 95060  persist 0.547  bb 2.724  head 0.182  bwd_extra 0.768  peak 4.222
[memsplit] iter 95080  persist 0.547  bb 2.724  head 0.182  bwd_extra 0.768  peak 4.222
[mem] iter  95100 win_alloc 4.222 win_res 5.814 cur_res 5.814 retries 0
[memsplit] iter 95100  persist 0.547  bb 2.724  head 0.182  bwd_extra 0.768  peak 4.222
[memsplit] iter 95120  persist 0.347  bb 2.727  head 0.181  bwd_extra 0.876  peak 4.131
[memsplit] iter 95140  persist 0.547  bb 2.724  head 0.182  bwd_extra 0.768  peak 4.222
[memsplit] iter 95160  persist 0.547  bb 2.724  head 0.182  bwd_extra 0.768  peak 4.222
[memsplit] iter 95180  persist 0.547  bb 2.724  head 0.182  bwd_extra 0.768  peak 4.222
[mem] iter  95200 win_alloc 4.222 win_res 5.814 cur_res 5.814 retries 0
[memsplit] iter 95200  persist 0.347  bb 2.727  head 0.181  bwd_extra 0.876  peak 4.131
[memsplit] iter 95220  persist 0.547  bb 2.724  head 0.182  bwd_extra 0.768  peak 4.222
[memsplit] iter 95240  persist 0.547  bb 2.724  head 0.182  bwd_extra 0.768  peak 4.222
[memsplit] iter 95260  persist 0.547  bb 2.724  head 0.182  bwd_extra 0.768  peak 4.222
[memsplit] iter 95280  persist 0.348  bb 2.727  head 0.181  bwd_extra 0.876  peak 4.131
[mem] iter  95300 win_alloc 4.222 win_res 5.814 cur_res 5.814 retries 0
[memsplit] iter 95300  persist 0.547  bb 2.724  head 0.182  bwd_extra 0.768  peak 4.222
[memsplit] iter 95320  persist 0.547  bb 2.724  head 0.182  bwd_extra 0.768  peak 4.222
[memsplit] iter 95340  persist 0.547  bb 2.724  head 0.182  bwd_extra 0.768  peak 4.222
[memsplit] iter 95360  persist 0.348  bb 2.727  head 0.181  bwd_extra 0.876  peak 4.131
[memsplit] iter 95380  persist 0.547  bb 2.724  head 0.182  bwd_extra 0.768  peak 4.222
[mem] iter  95400 win_alloc 4.222 win_res 5.814 cur_res 5.814 retries 0
[memsplit] iter 95400  persist 0.547  bb 2.724  head 0.182  bwd_extra 0.768  peak 4.222
[memsplit] iter 95420  persist 0.547  bb 2.724  head 0.182  bwd_extra 0.768  peak 4.222
[memsplit] iter 95440  persist 0.348  bb 2.727  head 0.181  bwd_extra 0.876  peak 4.131
[memsplit] iter 95460  persist 0.547  bb 2.724  head 0.182  bwd_extra 0.768  peak 4.222
[memsplit] iter 95480  persist 0.547  bb 2.724  head 0.182  bwd_extra 0.768  peak 4.222
[mem] iter  95500 win_alloc 4.222 win_res 5.814 cur_res 5.814 retries 0
[memsplit] iter 95500  persist 0.547  bb 2.724  head 0.182  bwd_extra 0.768  peak 4.222
[memsplit] iter 95520  persist 0.348  bb 2.727  head 0.181  bwd_extra 0.876  peak 4.131
[memsplit] iter 95540  persist 0.547  bb 2.724  head 0.182  bwd_extra 0.768  peak 4.222
[memsplit] iter 95560  persist 0.547  bb 2.724  head 0.182  bwd_extra 0.768  peak 4.222
[memsplit] iter 95580  persist 0.547  bb 2.724  head 0.182  bwd_extra 0.768  peak 4.222
[mem] iter  95600 win_alloc 4.222 win_res 5.814 cur_res 5.814 retries 0
[memsplit] iter 95600  persist 0.348  bb 2.727  head 0.181  bwd_extra 0.876  peak 4.132
[memsplit] iter 95620  persist 0.548  bb 2.724  head 0.182  bwd_extra 0.768  peak 4.222
[memsplit] iter 95640  persist 0.548  bb 2.724  head 0.182  bwd_extra 0.768  peak 4.222
[memsplit] iter 95660  persist 0.548  bb 2.724  head 0.182  bwd_extra 0.768  peak 4.222
[memsplit] iter 95680  persist 0.348  bb 2.727  head 0.181  bwd_extra 0.876  peak 4.132
[mem] iter  95700 win_alloc 4.222 win_res 5.814 cur_res 5.814 retries 0
[memsplit] iter 95700  persist 0.548  bb 2.724  head 0.182  bwd_extra 0.768  peak 4.222
[memsplit] iter 95720  persist 0.548  bb 2.724  head 0.182  bwd_extra 0.768  peak 4.222
[memsplit] iter 95740  persist 0.548  bb 2.724  head 0.182  bwd_extra 0.768  peak 4.222
[memsplit] iter 95760  persist 0.348  bb 2.727  head 0.181  bwd_extra 0.876  peak 4.132
[memsplit] iter 95780  persist 0.548  bb 2.724  head 0.182  bwd_extra 0.768  peak 4.223
[mem] iter  95800 win_alloc 4.223 win_res 5.814 cur_res 5.814 retries 0
[memsplit] iter 95800  persist 0.548  bb 2.724  head 0.182  bwd_extra 0.768  peak 4.223
[memsplit] iter 95820  persist 0.548  bb 2.724  head 0.182  bwd_extra 0.768  peak 4.223
[memsplit] iter 95840  persist 0.348  bb 2.727  head 0.181  bwd_extra 0.876  peak 4.132
[memsplit] iter 95860  persist 0.548  bb 2.724  head 0.182  bwd_extra 0.768  peak 4.223
[memsplit] iter 95880  persist 0.548  bb 2.724  head 0.182  bwd_extra 0.768  peak 4.223
[mem] iter  95900 win_alloc 4.223 win_res 5.814 cur_res 5.814 retries 0
[memsplit] iter 95900  persist 0.548  bb 2.724  head 0.182  bwd_extra 0.768  peak 4.223
[memsplit] iter 95920  persist 0.348  bb 2.727  head 0.181  bwd_extra 0.876  peak 4.132
[memsplit] iter 95940  persist 0.548  bb 2.724  head 0.182  bwd_extra 0.768  peak 4.223
[memsplit] iter 95960  persist 0.548  bb 2.724  head 0.182  bwd_extra 0.768  peak 4.223
[memsplit] iter 95980  persist 0.548  bb 2.724  head 0.182  bwd_extra 0.768  peak 4.223
[mem] iter  96000 win_alloc 4.223 win_res 5.814 cur_res 5.814 retries 0
Task [96000/100020], Train Loss: 0.0063130, Train Accuracy: 0.9987999
[memsplit] iter 96000  persist 0.347  bb 2.727  head 0.181  bwd_extra 0.876  peak 4.131
[memsplit] iter 96020  persist 0.547  bb 2.724  head 0.182  bwd_extra 0.768  peak 4.222
[memsplit] iter 96040  persist 0.547  bb 2.724  head 0.182  bwd_extra 0.768  peak 4.222
[memsplit] iter 96060  persist 0.547  bb 2.724  head 0.182  bwd_extra 0.768  peak 4.222
[memsplit] iter 96080  persist 0.347  bb 2.727  head 0.181  bwd_extra 0.876  peak 4.131
[mem] iter  96100 win_alloc 4.222 win_res 5.814 cur_res 5.814 retries 0
[memsplit] iter 96100  persist 0.547  bb 2.724  head 0.182  bwd_extra 0.768  peak 4.222
[memsplit] iter 96120  persist 0.547  bb 2.724  head 0.182  bwd_extra 0.768  peak 4.222
[memsplit] iter 96140  persist 0.547  bb 2.724  head 0.182  bwd_extra 0.768  peak 4.222
[memsplit] iter 96160  persist 0.347  bb 2.727  head 0.181  bwd_extra 0.876  peak 4.131
[memsplit] iter 96180  persist 0.547  bb 2.724  head 0.182  bwd_extra 0.768  peak 4.222
[mem] iter  96200 win_alloc 4.222 win_res 5.814 cur_res 5.814 retries 0
[memsplit] iter 96200  persist 0.547  bb 2.724  head 0.182  bwd_extra 0.768  peak 4.222
[memsplit] iter 96220  persist 0.547  bb 2.724  head 0.182  bwd_extra 0.768  peak 4.222
[memsplit] iter 96240  persist 0.347  bb 2.727  head 0.181  bwd_extra 0.876  peak 4.131
[memsplit] iter 96260  persist 0.547  bb 2.724  head 0.182  bwd_extra 0.768  peak 4.222
[memsplit] iter 96280  persist 0.547  bb 2.724  head 0.182  bwd_extra 0.768  peak 4.222
[mem] iter  96300 win_alloc 4.222 win_res 5.814 cur_res 5.814 retries 0
[memsplit] iter 96300  persist 0.547  bb 2.724  head 0.182  bwd_extra 0.768  peak 4.222
[memsplit] iter 96320  persist 0.348  bb 2.727  head 0.181  bwd_extra 0.876  peak 4.131
[memsplit] iter 96340  persist 0.547  bb 2.724  head 0.182  bwd_extra 0.768  peak 4.222
[memsplit] iter 96360  persist 0.547  bb 2.724  head 0.182  bwd_extra 0.768  peak 4.222
[memsplit] iter 96380  persist 0.547  bb 2.724  head 0.182  bwd_extra 0.768  peak 4.222
[mem] iter  96400 win_alloc 4.222 win_res 5.814 cur_res 5.814 retries 0
[memsplit] iter 96400  persist 0.348  bb 2.727  head 0.181  bwd_extra 0.876  peak 4.131
[memsplit] iter 96420  persist 0.547  bb 2.724  head 0.182  bwd_extra 0.768  peak 4.222
[memsplit] iter 96440  persist 0.547  bb 2.724  head 0.182  bwd_extra 0.768  peak 4.222
[memsplit] iter 96460  persist 0.547  bb 2.724  head 0.182  bwd_extra 0.768  peak 4.222
[memsplit] iter 96480  persist 0.348  bb 2.727  head 0.181  bwd_extra 0.876  peak 4.131
[mem] iter  96500 win_alloc 4.222 win_res 5.814 cur_res 5.814 retries 0
[memsplit] iter 96500  persist 0.547  bb 2.724  head 0.182  bwd_extra 0.768  peak 4.222
[memsplit] iter 96520  persist 0.547  bb 2.724  head 0.182  bwd_extra 0.768  peak 4.222
[memsplit] iter 96540  persist 0.547  bb 2.724  head 0.182  bwd_extra 0.768  peak 4.222
[memsplit] iter 96560  persist 0.348  bb 2.727  head 0.181  bwd_extra 0.876  peak 4.132
[memsplit] iter 96580  persist 0.547  bb 2.724  head 0.182  bwd_extra 0.768  peak 4.222
[mem] iter  96600 win_alloc 4.222 win_res 5.814 cur_res 5.814 retries 0
[memsplit] iter 96600  persist 0.547  bb 2.724  head 0.182  bwd_extra 0.768  peak 4.222
[memsplit] iter 96620  persist 0.548  bb 2.724  head 0.182  bwd_extra 0.768  peak 4.222
[memsplit] iter 96640  persist 0.348  bb 2.727  head 0.181  bwd_extra 0.876  peak 4.132
[memsplit] iter 96660  persist 0.548  bb 2.724  head 0.182  bwd_extra 0.768  peak 4.222
[memsplit] iter 96680  persist 0.548  bb 2.724  head 0.182  bwd_extra 0.768  peak 4.222
[mem] iter  96700 win_alloc 4.222 win_res 5.814 cur_res 5.814 retries 0
[memsplit] iter 96700  persist 0.548  bb 2.724  head 0.182  bwd_extra 0.768  peak 4.222
[memsplit] iter 96720  persist 0.348  bb 2.727  head 0.181  bwd_extra 0.876  peak 4.132
[memsplit] iter 96740  persist 0.548  bb 2.724  head 0.182  bwd_extra 0.768  peak 4.222
[memsplit] iter 96760  persist 0.548  bb 2.724  head 0.182  bwd_extra 0.768  peak 4.223
[memsplit] iter 96780  persist 0.548  bb 2.724  head 0.182  bwd_extra 0.768  peak 4.223
[mem] iter  96800 win_alloc 4.223 win_res 5.814 cur_res 5.814 retries 0
[memsplit] iter 96800  persist 0.348  bb 2.727  head 0.181  bwd_extra 0.876  peak 4.132
[memsplit] iter 96820  persist 0.548  bb 2.724  head 0.182  bwd_extra 0.768  peak 4.223
[memsplit] iter 96840  persist 0.548  bb 2.724  head 0.182  bwd_extra 0.768  peak 4.223
[memsplit] iter 96860  persist 0.548  bb 2.724  head 0.182  bwd_extra 0.768  peak 4.223
[memsplit] iter 96880  persist 0.348  bb 2.727  head 0.181  bwd_extra 0.876  peak 4.132
[mem] iter  96900 win_alloc 4.223 win_res 5.814 cur_res 5.814 retries 0
[memsplit] iter 96900  persist 0.548  bb 2.724  head 0.182  bwd_extra 0.768  peak 4.223
[memsplit] iter 96920  persist 0.548  bb 2.724  head 0.182  bwd_extra 0.768  peak 4.223
[memsplit] iter 96940  persist 0.548  bb 2.724  head 0.182  bwd_extra 0.768  peak 4.223
[memsplit] iter 96960  persist 0.348  bb 2.727  head 0.181  bwd_extra 0.876  peak 4.132
[memsplit] iter 96980  persist 0.548  bb 2.724  head 0.182  bwd_extra 0.768  peak 4.223
[mem] iter  97000 win_alloc 4.223 win_res 5.814 cur_res 5.814 retries 0
Task [97000/100020], Train Loss: 0.0055968, Train Accuracy: 0.9986800
[memsplit] iter 97000  persist 0.547  bb 2.724  head 0.182  bwd_extra 0.768  peak 4.222
[memsplit] iter 97020  persist 0.547  bb 2.724  head 0.182  bwd_extra 0.768  peak 4.222
[memsplit] iter 97040  persist 0.347  bb 2.727  head 0.181  bwd_extra 0.876  peak 4.131
[memsplit] iter 97060  persist 0.547  bb 2.724  head 0.182  bwd_extra 0.768  peak 4.222
[memsplit] iter 97080  persist 0.547  bb 2.724  head 0.182  bwd_extra 0.768  peak 4.222
[mem] iter  97100 win_alloc 4.222 win_res 5.814 cur_res 5.814 retries 0
[memsplit] iter 97100  persist 0.547  bb 2.724  head 0.182  bwd_extra 0.768  peak 4.222
[memsplit] iter 97120  persist 0.347  bb 2.727  head 0.181  bwd_extra 0.876  peak 4.131
[memsplit] iter 97140  persist 0.547  bb 2.724  head 0.182  bwd_extra 0.768  peak 4.222
[memsplit] iter 97160  persist 0.547  bb 2.724  head 0.182  bwd_extra 0.768  peak 4.222
[memsplit] iter 97180  persist 0.547  bb 2.724  head 0.182  bwd_extra 0.768  peak 4.222
[mem] iter  97200 win_alloc 4.222 win_res 5.814 cur_res 5.814 retries 0
[memsplit] iter 97200  persist 0.347  bb 2.727  head 0.181  bwd_extra 0.876  peak 4.131
[memsplit] iter 97220  persist 0.547  bb 2.724  head 0.182  bwd_extra 0.768  peak 4.222
[memsplit] iter 97240  persist 0.547  bb 2.724  head 0.182  bwd_extra 0.768  peak 4.222
[memsplit] iter 97260  persist 0.547  bb 2.724  head 0.182  bwd_extra 0.768  peak 4.222
[memsplit] iter 97280  persist 0.348  bb 2.727  head 0.181  bwd_extra 0.876  peak 4.131
[mem] iter  97300 win_alloc 4.222 win_res 5.814 cur_res 5.814 retries 0
[memsplit] iter 97300  persist 0.547  bb 2.724  head 0.182  bwd_extra 0.768  peak 4.222
[memsplit] iter 97320  persist 0.547  bb 2.724  head 0.182  bwd_extra 0.768  peak 4.222
[memsplit] iter 97340  persist 0.547  bb 2.724  head 0.182  bwd_extra 0.768  peak 4.222
[memsplit] iter 97360  persist 0.348  bb 2.727  head 0.181  bwd_extra 0.876  peak 4.131
[memsplit] iter 97380  persist 0.547  bb 2.724  head 0.182  bwd_extra 0.768  peak 4.222
[mem] iter  97400 win_alloc 4.222 win_res 5.814 cur_res 5.814 retries 0
[memsplit] iter 97400  persist 0.547  bb 2.724  head 0.182  bwd_extra 0.768  peak 4.222
[memsplit] iter 97420  persist 0.547  bb 2.724  head 0.182  bwd_extra 0.768  peak 4.222
[memsplit] iter 97440  persist 0.348  bb 2.727  head 0.181  bwd_extra 0.876  peak 4.131
[memsplit] iter 97460  persist 0.547  bb 2.724  head 0.182  bwd_extra 0.768  peak 4.222
[memsplit] iter 97480  persist 0.547  bb 2.724  head 0.182  bwd_extra 0.768  peak 4.222
[mem] iter  97500 win_alloc 4.222 win_res 5.814 cur_res 5.814 retries 0
[memsplit] iter 97500  persist 0.547  bb 2.724  head 0.182  bwd_extra 0.768  peak 4.222
[memsplit] iter 97520  persist 0.348  bb 2.727  head 0.181  bwd_extra 0.876  peak 4.131
[memsplit] iter 97540  persist 0.547  bb 2.724  head 0.182  bwd_extra 0.768  peak 4.222
[memsplit] iter 97560  persist 0.547  bb 2.724  head 0.182  bwd_extra 0.768  peak 4.222
[memsplit] iter 97580  persist 0.547  bb 2.724  head 0.182  bwd_extra 0.768  peak 4.222
[mem] iter  97600 win_alloc 4.222 win_res 5.814 cur_res 5.814 retries 0
[memsplit] iter 97600  persist 0.348  bb 2.727  head 0.181  bwd_extra 0.876  peak 4.132
[memsplit] iter 97620  persist 0.548  bb 2.724  head 0.182  bwd_extra 0.768  peak 4.222
[memsplit] iter 97640  persist 0.548  bb 2.724  head 0.182  bwd_extra 0.768  peak 4.222
[memsplit] iter 97660  persist 0.548  bb 2.724  head 0.182  bwd_extra 0.768  peak 4.222
[memsplit] iter 97680  persist 0.348  bb 2.727  head 0.181  bwd_extra 0.876  peak 4.132
[mem] iter  97700 win_alloc 4.222 win_res 5.814 cur_res 5.814 retries 0
[memsplit] iter 97700  persist 0.548  bb 2.724  head 0.182  bwd_extra 0.768  peak 4.222
[memsplit] iter 97720  persist 0.548  bb 2.724  head 0.182  bwd_extra 0.768  peak 4.222
[memsplit] iter 97740  persist 0.548  bb 2.724  head 0.182  bwd_extra 0.768  peak 4.222
[memsplit] iter 97760  persist 0.348  bb 2.727  head 0.181  bwd_extra 0.876  peak 4.132
[memsplit] iter 97780  persist 0.548  bb 2.724  head 0.182  bwd_extra 0.768  peak 4.223
[mem] iter  97800 win_alloc 4.223 win_res 5.814 cur_res 5.814 retries 0
[memsplit] iter 97800  persist 0.548  bb 2.724  head 0.182  bwd_extra 0.768  peak 4.223
[memsplit] iter 97820  persist 0.548  bb 2.724  head 0.182  bwd_extra 0.768  peak 4.223
[memsplit] iter 97840  persist 0.348  bb 2.727  head 0.181  bwd_extra 0.876  peak 4.132
[memsplit] iter 97860  persist 0.548  bb 2.724  head 0.182  bwd_extra 0.768  peak 4.223
[memsplit] iter 97880  persist 0.548  bb 2.724  head 0.182  bwd_extra 0.768  peak 4.223
[mem] iter  97900 win_alloc 4.223 win_res 5.814 cur_res 5.814 retries 0
[memsplit] iter 97900  persist 0.548  bb 2.724  head 0.182  bwd_extra 0.768  peak 4.223
[memsplit] iter 97920  persist 0.348  bb 2.727  head 0.181  bwd_extra 0.876  peak 4.132
[memsplit] iter 97940  persist 0.548  bb 2.724  head 0.182  bwd_extra 0.768  peak 4.223
[memsplit] iter 97960  persist 0.548  bb 2.724  head 0.182  bwd_extra 0.768  peak 4.223
[memsplit] iter 97980  persist 0.548  bb 2.724  head 0.182  bwd_extra 0.768  peak 4.223
[mem] iter  98000 win_alloc 4.223 win_res 5.814 cur_res 5.814 retries 0
Task [98000/100020], Train Loss: 0.0047135, Train Accuracy: 0.9991601
[memsplit] iter 98000  persist 0.347  bb 2.727  head 0.181  bwd_extra 0.876  peak 4.131
[memsplit] iter 98020  persist 0.547  bb 2.724  head 0.182  bwd_extra 0.768  peak 4.222
[memsplit] iter 98040  persist 0.547  bb 2.724  head 0.182  bwd_extra 0.768  peak 4.222
[memsplit] iter 98060  persist 0.547  bb 2.724  head 0.182  bwd_extra 0.768  peak 4.222
[memsplit] iter 98080  persist 0.347  bb 2.727  head 0.181  bwd_extra 0.876  peak 4.131
[mem] iter  98100 win_alloc 4.222 win_res 5.814 cur_res 5.814 retries 0
[memsplit] iter 98100  persist 0.547  bb 2.724  head 0.182  bwd_extra 0.768  peak 4.222
[memsplit] iter 98120  persist 0.547  bb 2.724  head 0.182  bwd_extra 0.768  peak 4.222
[memsplit] iter 98140  persist 0.547  bb 2.724  head 0.182  bwd_extra 0.768  peak 4.222
[memsplit] iter 98160  persist 0.347  bb 2.727  head 0.181  bwd_extra 0.876  peak 4.131
[memsplit] iter 98180  persist 0.547  bb 2.724  head 0.182  bwd_extra 0.768  peak 4.222
[mem] iter  98200 win_alloc 4.222 win_res 5.814 cur_res 5.814 retries 0
[memsplit] iter 98200  persist 0.547  bb 2.724  head 0.182  bwd_extra 0.768  peak 4.222
[memsplit] iter 98220  persist 0.547  bb 2.724  head 0.182  bwd_extra 0.768  peak 4.222
[memsplit] iter 98240  persist 0.347  bb 2.727  head 0.181  bwd_extra 0.876  peak 4.131
[memsplit] iter 98260  persist 0.547  bb 2.724  head 0.182  bwd_extra 0.768  peak 4.222
[memsplit] iter 98280  persist 0.547  bb 2.724  head 0.182  bwd_extra 0.768  peak 4.222
[mem] iter  98300 win_alloc 4.222 win_res 5.814 cur_res 5.814 retries 0
[memsplit] iter 98300  persist 0.547  bb 2.724  head 0.182  bwd_extra 0.768  peak 4.222
[memsplit] iter 98320  persist 0.348  bb 2.727  head 0.181  bwd_extra 0.876  peak 4.131
[memsplit] iter 98340  persist 0.547  bb 2.724  head 0.182  bwd_extra 0.768  peak 4.222
[memsplit] iter 98360  persist 0.547  bb 2.724  head 0.182  bwd_extra 0.768  peak 4.222
[memsplit] iter 98380  persist 0.547  bb 2.724  head 0.182  bwd_extra 0.768  peak 4.222
[mem] iter  98400 win_alloc 4.222 win_res 5.814 cur_res 5.814 retries 0
[memsplit] iter 98400  persist 0.348  bb 2.727  head 0.181  bwd_extra 0.876  peak 4.131
[memsplit] iter 98420  persist 0.547  bb 2.724  head 0.182  bwd_extra 0.768  peak 4.222
[memsplit] iter 98440  persist 0.547  bb 2.724  head 0.182  bwd_extra 0.768  peak 4.222
[memsplit] iter 98460  persist 0.547  bb 2.724  head 0.182  bwd_extra 0.768  peak 4.222
[memsplit] iter 98480  persist 0.348  bb 2.727  head 0.181  bwd_extra 0.876  peak 4.131
[mem] iter  98500 win_alloc 4.222 win_res 5.814 cur_res 5.814 retries 0
[memsplit] iter 98500  persist 0.547  bb 2.724  head 0.182  bwd_extra 0.768  peak 4.222
[memsplit] iter 98520  persist 0.547  bb 2.724  head 0.182  bwd_extra 0.768  peak 4.222
[memsplit] iter 98540  persist 0.547  bb 2.724  head 0.182  bwd_extra 0.768  peak 4.222
[memsplit] iter 98560  persist 0.348  bb 2.727  head 0.181  bwd_extra 0.876  peak 4.132
[memsplit] iter 98580  persist 0.547  bb 2.724  head 0.182  bwd_extra 0.768  peak 4.222
[mem] iter  98600 win_alloc 4.222 win_res 5.814 cur_res 5.814 retries 0
[memsplit] iter 98600  persist 0.547  bb 2.724  head 0.182  bwd_extra 0.768  peak 4.222
[memsplit] iter 98620  persist 0.548  bb 2.724  head 0.182  bwd_extra 0.768  peak 4.222
[memsplit] iter 98640  persist 0.348  bb 2.727  head 0.181  bwd_extra 0.876  peak 4.132
[memsplit] iter 98660  persist 0.548  bb 2.724  head 0.182  bwd_extra 0.768  peak 4.222
[memsplit] iter 98680  persist 0.548  bb 2.724  head 0.182  bwd_extra 0.768  peak 4.222
[mem] iter  98700 win_alloc 4.222 win_res 5.814 cur_res 5.814 retries 0
[memsplit] iter 98700  persist 0.548  bb 2.724  head 0.182  bwd_extra 0.768  peak 4.222
[memsplit] iter 98720  persist 0.348  bb 2.727  head 0.181  bwd_extra 0.876  peak 4.132
[memsplit] iter 98740  persist 0.548  bb 2.724  head 0.182  bwd_extra 0.768  peak 4.222
[memsplit] iter 98760  persist 0.548  bb 2.724  head 0.182  bwd_extra 0.768  peak 4.223
[memsplit] iter 98780  persist 0.548  bb 2.724  head 0.182  bwd_extra 0.768  peak 4.223
[mem] iter  98800 win_alloc 4.223 win_res 5.814 cur_res 5.814 retries 0
[memsplit] iter 98800  persist 0.348  bb 2.727  head 0.181  bwd_extra 0.876  peak 4.132
[memsplit] iter 98820  persist 0.548  bb 2.724  head 0.182  bwd_extra 0.768  peak 4.223
[memsplit] iter 98840  persist 0.548  bb 2.724  head 0.182  bwd_extra 0.768  peak 4.223
[memsplit] iter 98860  persist 0.548  bb 2.724  head 0.182  bwd_extra 0.768  peak 4.223
[memsplit] iter 98880  persist 0.348  bb 2.727  head 0.181  bwd_extra 0.876  peak 4.132
[mem] iter  98900 win_alloc 4.223 win_res 5.814 cur_res 5.814 retries 0
[memsplit] iter 98900  persist 0.548  bb 2.724  head 0.182  bwd_extra 0.768  peak 4.223
[memsplit] iter 98920  persist 0.548  bb 2.724  head 0.182  bwd_extra 0.768  peak 4.223
[memsplit] iter 98940  persist 0.548  bb 2.724  head 0.182  bwd_extra 0.768  peak 4.223
[memsplit] iter 98960  persist 0.348  bb 2.727  head 0.181  bwd_extra 0.876  peak 4.132
[memsplit] iter 98980  persist 0.548  bb 2.724  head 0.182  bwd_extra 0.768  peak 4.223
[mem] iter  99000 win_alloc 4.223 win_res 5.814 cur_res 5.814 retries 0
Task [99000/100020], Train Loss: 0.0028264, Train Accuracy: 0.9993200
[memsplit] iter 99000  persist 0.547  bb 2.724  head 0.182  bwd_extra 0.768  peak 4.222
[memsplit] iter 99020  persist 0.547  bb 2.724  head 0.182  bwd_extra 0.768  peak 4.222
[memsplit] iter 99040  persist 0.347  bb 2.727  head 0.181  bwd_extra 0.876  peak 4.131
[memsplit] iter 99060  persist 0.547  bb 2.724  head 0.182  bwd_extra 0.768  peak 4.222
[memsplit] iter 99080  persist 0.547  bb 2.724  head 0.182  bwd_extra 0.768  peak 4.222
[mem] iter  99100 win_alloc 4.222 win_res 5.814 cur_res 5.814 retries 0
[memsplit] iter 99100  persist 0.547  bb 2.724  head 0.182  bwd_extra 0.768  peak 4.222
[memsplit] iter 99120  persist 0.347  bb 2.727  head 0.181  bwd_extra 0.876  peak 4.131
[memsplit] iter 99140  persist 0.547  bb 2.724  head 0.182  bwd_extra 0.768  peak 4.222
[memsplit] iter 99160  persist 0.547  bb 2.724  head 0.182  bwd_extra 0.768  peak 4.222
[memsplit] iter 99180  persist 0.547  bb 2.724  head 0.182  bwd_extra 0.768  peak 4.222
[mem] iter  99200 win_alloc 4.222 win_res 5.814 cur_res 5.814 retries 0
[memsplit] iter 99200  persist 0.347  bb 2.727  head 0.181  bwd_extra 0.876  peak 4.131
[memsplit] iter 99220  persist 0.547  bb 2.724  head 0.182  bwd_extra 0.768  peak 4.222
[memsplit] iter 99240  persist 0.547  bb 2.724  head 0.182  bwd_extra 0.768  peak 4.222
[memsplit] iter 99260  persist 0.547  bb 2.724  head 0.182  bwd_extra 0.768  peak 4.222
[memsplit] iter 99280  persist 0.348  bb 2.727  head 0.181  bwd_extra 0.876  peak 4.131
[mem] iter  99300 win_alloc 4.222 win_res 5.814 cur_res 5.814 retries 0
[memsplit] iter 99300  persist 0.547  bb 2.724  head 0.182  bwd_extra 0.768  peak 4.222
[memsplit] iter 99320  persist 0.547  bb 2.724  head 0.182  bwd_extra 0.768  peak 4.222
[memsplit] iter 99340  persist 0.547  bb 2.724  head 0.182  bwd_extra 0.768  peak 4.222
[memsplit] iter 99360  persist 0.348  bb 2.727  head 0.181  bwd_extra 0.876  peak 4.131
[memsplit] iter 99380  persist 0.547  bb 2.724  head 0.182  bwd_extra 0.768  peak 4.222
[mem] iter  99400 win_alloc 4.222 win_res 5.814 cur_res 5.814 retries 0
[memsplit] iter 99400  persist 0.547  bb 2.724  head 0.182  bwd_extra 0.768  peak 4.222
[memsplit] iter 99420  persist 0.547  bb 2.724  head 0.182  bwd_extra 0.768  peak 4.222
[memsplit] iter 99440  persist 0.348  bb 2.727  head 0.181  bwd_extra 0.876  peak 4.131
[memsplit] iter 99460  persist 0.547  bb 2.724  head 0.182  bwd_extra 0.768  peak 4.222
[memsplit] iter 99480  persist 0.547  bb 2.724  head 0.182  bwd_extra 0.768  peak 4.222
[mem] iter  99500 win_alloc 4.222 win_res 5.814 cur_res 5.814 retries 0
[memsplit] iter 99500  persist 0.547  bb 2.724  head 0.182  bwd_extra 0.768  peak 4.222
[memsplit] iter 99520  persist 0.348  bb 2.727  head 0.181  bwd_extra 0.876  peak 4.131
[memsplit] iter 99540  persist 0.547  bb 2.724  head 0.182  bwd_extra 0.768  peak 4.222
[memsplit] iter 99560  persist 0.547  bb 2.724  head 0.182  bwd_extra 0.768  peak 4.222
[memsplit] iter 99580  persist 0.547  bb 2.724  head 0.182  bwd_extra 0.768  peak 4.222
[mem] iter  99600 win_alloc 4.222 win_res 5.814 cur_res 5.814 retries 0
[memsplit] iter 99600  persist 0.348  bb 2.727  head 0.181  bwd_extra 0.876  peak 4.132
[memsplit] iter 99620  persist 0.548  bb 2.724  head 0.182  bwd_extra 0.768  peak 4.222
[memsplit] iter 99640  persist 0.548  bb 2.724  head 0.182  bwd_extra 0.768  peak 4.222
[memsplit] iter 99660  persist 0.548  bb 2.724  head 0.182  bwd_extra 0.768  peak 4.222
[memsplit] iter 99680  persist 0.348  bb 2.727  head 0.181  bwd_extra 0.876  peak 4.132
[mem] iter  99700 win_alloc 4.222 win_res 5.814 cur_res 5.814 retries 0
[memsplit] iter 99700  persist 0.548  bb 2.724  head 0.182  bwd_extra 0.768  peak 4.222
[memsplit] iter 99720  persist 0.548  bb 2.724  head 0.182  bwd_extra 0.768  peak 4.222
[memsplit] iter 99740  persist 0.548  bb 2.724  head 0.182  bwd_extra 0.768  peak 4.222
[memsplit] iter 99760  persist 0.348  bb 2.727  head 0.181  bwd_extra 0.876  peak 4.132
[memsplit] iter 99780  persist 0.548  bb 2.724  head 0.182  bwd_extra 0.768  peak 4.223
[mem] iter  99800 win_alloc 4.223 win_res 5.814 cur_res 5.814 retries 0
[memsplit] iter 99800  persist 0.548  bb 2.724  head 0.182  bwd_extra 0.768  peak 4.223
[memsplit] iter 99820  persist 0.548  bb 2.724  head 0.182  bwd_extra 0.768  peak 4.223
[memsplit] iter 99840  persist 0.348  bb 2.727  head 0.181  bwd_extra 0.876  peak 4.132
[memsplit] iter 99860  persist 0.548  bb 2.724  head 0.182  bwd_extra 0.768  peak 4.223
[memsplit] iter 99880  persist 0.548  bb 2.724  head 0.182  bwd_extra 0.768  peak 4.223
[mem] iter  99900 win_alloc 4.223 win_res 5.814 cur_res 5.814 retries 0
[memsplit] iter 99900  persist 0.548  bb 2.724  head 0.182  bwd_extra 0.768  peak 4.223
[memsplit] iter 99920  persist 0.348  bb 2.727  head 0.181  bwd_extra 0.876  peak 4.132
[memsplit] iter 99940  persist 0.548  bb 2.724  head 0.182  bwd_extra 0.768  peak 4.223
[memsplit] iter 99960  persist 0.548  bb 2.724  head 0.182  bwd_extra 0.768  peak 4.223
[memsplit] iter 99980  persist 0.548  bb 2.724  head 0.182  bwd_extra 0.768  peak 4.223
[mem] iter 100000 win_alloc 4.223 win_res 5.814 cur_res 5.814 retries 0
Task [100000/100020], Train Loss: 0.0048067, Train Accuracy: 0.9990000
[mem][pre-eval] iter 100000 win_alloc 4.223 win_res 5.814 cur_res 5.814 retries 0
[mem][post-eval] iter 100000 win_alloc 4.223 win_res 5.814 cur_res 5.814 retries 0
{'hmdb': {'accuracy': 49.55200116738677, 'confidence': 0.4222148073109394}}

Test Accuracies:
hmdb: 49.6+/-0.4

[mem] profiling run — 跳過 results.csv 寫入
[memsplit] iter 100000  persist 0.347  bb 2.727  head 0.181  bwd_extra 0.876  peak 4.131
[memsplit] iter 100020  persist 0.347  bb 2.727  head 0.181  bwd_extra 0.876  peak 4.131
[mem] RUN PEAK  alloc 4.223 GB  reserved 5.814 GB
[memsplit] MEDIAN (iter21-100020)  persist 0.547  bb 2.724  head 0.182  bwd_extra 0.768  peak 4.222
